0,250,no_punch,0.3933333333333333
40,290,no_punch,0.43
80,330,no_punch,0.3433333333333333
120,370,no_punch,0.37666666666666665
160,410,no_punch,0.33
200,450,no_punch,0.36
240,490,no_punch,0.47
280,530,punch,0.53
320,570,punch,0.55
360,610,no_punch,0.43
400,650,no_punch,0.42333333333333334
440,690,no_punch,0.2966666666666667
480,730,no_punch,0.32666666666666666
520,770,no_punch,0.29
560,810,no_punch,0.37333333333333335
600,850,no_punch,0.34
640,890,no_punch,0.29333333333333333
680,930,no_punch,0.2833333333333333
720,970,no_punch,0.26666666666666666
760,1010,no_punch,0.36
800,1050,no_punch,0.37333333333333335
840,1090,no_punch,0.3566666666666667
880,1130,no_punch,0.39666666666666667
920,1170,no_punch,0.42
960,1210,no_punch,0.49
1000,1250,punch,0.5033333333333333
1040,1290,no_punch,0.5
1080,1330,no_punch,0.43
1120,1370,no_punch,0.32
1160,1410,no_punch,0.3233333333333333
1200,1450,no_punch,0.31333333333333335
1240,1490,no_punch,0.32666666666666666
1280,1530,no_punch,0.31333333333333335
1320,1570,no_punch,0.3
1360,1610,no_punch,0.2866666666666667
1400,1650,no_punch,0.2966666666666667
1440,1690,no_punch,0.33666666666666667
1480,1730,no_punch,0.3233333333333333
1520,1770,no_punch,0.31333333333333335
1560,1810,no_punch,0.3566666666666667
1600,1850,no_punch,0.3566666666666667
1640,1890,no_punch,0.37666666666666665
1680,1930,no_punch,0.3466666666666667
1720,1970,no_punch,0.35333333333333333
1760,2010,no_punch,0.37333333333333335
1800,2050,no_punch,0.4
1840,2090,no_punch,0.38666666666666666
1880,2130,no_punch,0.38666666666666666
1920,2170,no_punch,0.43666666666666665
1960,2210,no_punch,0.4166666666666667
2000,2250,no_punch,0.33
2040,2290,no_punch,0.35
2080,2330,no_punch,0.36333333333333334
2120,2370,no_punch,0.3566666666666667
2160,2410,no_punch,0.39
2200,2450,no_punch,0.4033333333333333
2240,2490,no_punch,0.4033333333333333
2280,2530,no_punch,0.4666666666666667
2320,2570,no_punch,0.4033333333333333
2360,2610,no_punch,0.45666666666666667
2400,2650,punch,0.5366666666666666
2440,2690,punch,0.5466666666666666
2480,2730,no_punch,0.49333333333333335
2520,2770,no_punch,0.31666666666666665
2560,2810,no_punch,0.28
2600,2850,no_punch,0.2633333333333333
2640,2890,no_punch,0.22666666666666666
2680,2930,no_punch,0.25666666666666665
2720,2970,no_punch,0.21666666666666667
2760,3010,no_punch,0.2966666666666667
2800,3050,no_punch,0.2866666666666667
2840,3090,no_punch,0.34
2880,3130,no_punch,0.38333333333333336
2920,3170,punch,0.5066666666666667
2960,3210,punch,0.5833333333333334
3000,3250,punch,0.5966666666666667
3040,3290,punch,0.5133333333333333
3080,3330,no_punch,0.47333333333333333
3120,3370,punch,0.5433333333333333
3160,3410,punch,0.5766666666666667
3200,3450,punch,0.5166666666666667
3240,3490,no_punch,0.4866666666666667
3280,3530,no_punch,0.4
3320,3570,no_punch,0.42333333333333334
3360,3610,no_punch,0.4766666666666667
3400,3650,no_punch,0.49666666666666665
3440,3690,punch,0.5166666666666667
3480,3730,punch,0.5766666666666667
3520,3770,punch,0.6466666666666666
3560,3810,punch,0.6466666666666666
3600,3850,punch,0.63
3640,3890,punch,0.5733333333333334
3680,3930,punch,0.52
3720,3970,punch,0.57
3760,4010,no_punch,0.49
3800,4050,no_punch,0.47
3840,4090,punch,0.5133333333333333
3880,4130,punch,0.6033333333333334
3920,4170,punch,0.5833333333333334
3960,4210,punch,0.5166666666666667
4000,4250,no_punch,0.48333333333333334
4040,4290,no_punch,0.4533333333333333
4080,4330,no_punch,0.39
4120,4370,no_punch,0.36666666666666664
4160,4410,no_punch,0.36
4200,4450,no_punch,0.37
4240,4490,no_punch,0.2966666666666667
4280,4530,no_punch,0.2633333333333333
4320,4570,no_punch,0.24333333333333335
4360,4610,no_punch,0.25333333333333335
4400,4650,no_punch,0.20666666666666667
4440,4690,no_punch,0.20333333333333334
4480,4730,no_punch,0.22
4520,4770,no_punch,0.20333333333333334
4560,4810,no_punch,0.23333333333333334
4600,4850,no_punch,0.27666666666666667
4640,4890,no_punch,0.39
4680,4930,no_punch,0.42333333333333334
4720,4970,no_punch,0.4633333333333333
4760,5010,no_punch,0.4066666666666667
4800,5050,no_punch,0.38
4840,5090,no_punch,0.3566666666666667
4880,5130,no_punch,0.36666666666666664
4920,5170,no_punch,0.2833333333333333
4960,5210,no_punch,0.30666666666666664
5000,5250,no_punch,0.31
5040,5290,no_punch,0.35
5080,5330,no_punch,0.38666666666666666
5120,5370,no_punch,0.44
5160,5410,no_punch,0.4666666666666667
5200,5450,no_punch,0.4866666666666667
5240,5490,no_punch,0.45666666666666667
5280,5530,no_punch,0.49666666666666665
5320,5570,no_punch,0.41
5360,5610,no_punch,0.33666666666666667
5400,5650,no_punch,0.30333333333333334
5440,5690,no_punch,0.31
5480,5730,no_punch,0.35
5520,5770,no_punch,0.3933333333333333
5560,5810,no_punch,0.46
5600,5850,no_punch,0.4633333333333333
5640,5890,no_punch,0.4033333333333333
5680,5930,no_punch,0.39
5720,5970,punch,0.5433333333333333
5760,6010,punch,0.6333333333333333
5800,6050,punch,0.6233333333333333
5840,6090,punch,0.59
5880,6130,punch,0.6
5920,6170,no_punch,0.44
5960,6210,no_punch,0.38333333333333336
6000,6250,no_punch,0.39666666666666667
6040,6290,no_punch,0.32666666666666666
6080,6330,no_punch,0.32666666666666666
6120,6370,no_punch,0.39666666666666667
6160,6410,no_punch,0.44333333333333336
6200,6450,no_punch,0.42
6240,6490,no_punch,0.4066666666666667
6280,6530,no_punch,0.38333333333333336
6320,6570,no_punch,0.3333333333333333
6360,6610,no_punch,0.33
6400,6650,no_punch,0.3566666666666667
6440,6690,no_punch,0.35333333333333333
6480,6730,no_punch,0.3333333333333333
6520,6770,no_punch,0.32
6560,6810,no_punch,0.2966666666666667
6600,6850,no_punch,0.27666666666666667
6640,6890,no_punch,0.24
6680,6930,no_punch,0.3333333333333333
6720,6970,no_punch,0.35333333333333333
6760,7010,no_punch,0.36666666666666664
6800,7050,no_punch,0.36666666666666664
6840,7090,no_punch,0.32
6880,7130,no_punch,0.31666666666666665
6920,7170,no_punch,0.36666666666666664
6960,7210,no_punch,0.33
7000,7250,no_punch,0.31666666666666665
7040,7290,no_punch,0.2833333333333333
7080,7330,no_punch,0.3233333333333333
7120,7370,no_punch,0.3
7160,7410,no_punch,0.31
7200,7450,no_punch,0.3566666666666667
7240,7490,no_punch,0.38666666666666666
7280,7530,no_punch,0.4033333333333333
7320,7570,no_punch,0.38666666666666666
7360,7610,no_punch,0.33666666666666667
7400,7650,no_punch,0.23
7440,7690,no_punch,0.25666666666666665
7480,7730,no_punch,0.26666666666666666
7520,7770,no_punch,0.2966666666666667
7560,7810,no_punch,0.43333333333333335
7600,7850,no_punch,0.42333333333333334
7640,7890,punch,0.5633333333333334
7680,7930,no_punch,0.4266666666666667
7720,7970,no_punch,0.43333333333333335
7760,8010,no_punch,0.4066666666666667
7800,8050,no_punch,0.30666666666666664
7840,8090,no_punch,0.2966666666666667
7880,8130,no_punch,0.24666666666666667
7920,8170,no_punch,0.22
7960,8210,no_punch,0.25333333333333335
8000,8250,no_punch,0.30666666666666664
8040,8290,no_punch,0.42
8080,8330,punch,0.5866666666666667
8120,8370,punch,0.66
8160,8410,punch,0.5166666666666667
8200,8450,no_punch,0.44666666666666666
8240,8490,no_punch,0.41333333333333333
8280,8530,no_punch,0.37666666666666665
8320,8570,no_punch,0.38333333333333336
8360,8610,no_punch,0.32666666666666666
8400,8650,no_punch,0.3333333333333333
8440,8690,no_punch,0.36
8480,8730,no_punch,0.37666666666666665
8520,8770,no_punch,0.37666666666666665
8560,8810,no_punch,0.42
8600,8850,no_punch,0.38
8640,8890,no_punch,0.38666666666666666
8680,8930,no_punch,0.34
8720,8970,no_punch,0.32
8760,9010,no_punch,0.41
8800,9050,no_punch,0.3233333333333333
8840,9090,no_punch,0.35333333333333333
8880,9130,no_punch,0.39666666666666667
8920,9170,no_punch,0.4
8960,9210,no_punch,0.44666666666666666
9000,9250,no_punch,0.45666666666666667
9040,9290,no_punch,0.4533333333333333
9080,9330,no_punch,0.49
9120,9370,no_punch,0.44333333333333336
9160,9410,no_punch,0.35
9200,9450,no_punch,0.31
9240,9490,no_punch,0.33
9280,9530,no_punch,0.43
9320,9570,no_punch,0.43666666666666665
9360,9610,no_punch,0.47333333333333333
9400,9650,punch,0.5033333333333333
9440,9690,no_punch,0.49333333333333335
9480,9730,punch,0.5266666666666666
9520,9770,no_punch,0.44333333333333336
9560,9810,no_punch,0.4033333333333333
9600,9850,no_punch,0.3466666666666667
9640,9890,no_punch,0.35
9680,9930,no_punch,0.36
9720,9970,no_punch,0.35
9760,10010,no_punch,0.37
9800,10050,no_punch,0.33
9840,10090,no_punch,0.31333333333333335
9880,10130,no_punch,0.38
9920,10170,no_punch,0.36
9960,10210,no_punch,0.35333333333333333
10000,10250,no_punch,0.3333333333333333
10040,10290,no_punch,0.35
10080,10330,no_punch,0.37666666666666665
10120,10370,no_punch,0.39
10160,10410,no_punch,0.39666666666666667
10200,10450,no_punch,0.4
10240,10490,no_punch,0.3
10280,10530,no_punch,0.2966666666666667
10320,10570,no_punch,0.29333333333333333
10360,10610,no_punch,0.26666666666666666
10400,10650,no_punch,0.30333333333333334
10440,10690,no_punch,0.2833333333333333
10480,10730,no_punch,0.29
10520,10770,no_punch,0.33
10560,10810,no_punch,0.33666666666666667
10600,10850,no_punch,0.33666666666666667
10640,10890,no_punch,0.30333333333333334
10680,10930,no_punch,0.2733333333333333
10720,10970,no_punch,0.29333333333333333
10760,11010,no_punch,0.38666666666666666
10800,11050,no_punch,0.38666666666666666
10840,11090,no_punch,0.3433333333333333
10880,11130,no_punch,0.36333333333333334
10920,11170,no_punch,0.39666666666666667
10960,11210,punch,0.5133333333333333
11000,11250,punch,0.5633333333333334
11040,11290,punch,0.54
11080,11330,punch,0.52
11120,11370,no_punch,0.43666666666666665
11160,11410,no_punch,0.4533333333333333
11200,11450,no_punch,0.39
11240,11490,no_punch,0.41333333333333333
11280,11530,no_punch,0.4
11320,11570,no_punch,0.42
11360,11610,no_punch,0.42333333333333334
11400,11650,no_punch,0.37666666666666665
11440,11690,no_punch,0.33666666666666667
11480,11730,no_punch,0.3466666666666667
11520,11770,no_punch,0.3466666666666667
11560,11810,no_punch,0.34
11600,11850,no_punch,0.35333333333333333
11640,11890,no_punch,0.41333333333333333
11680,11930,no_punch,0.34
11720,11970,no_punch,0.35
11760,12010,no_punch,0.35333333333333333
11800,12050,no_punch,0.35
11840,12090,no_punch,0.30333333333333334
11880,12130,no_punch,0.26666666666666666
11920,12170,no_punch,0.24
11960,12210,no_punch,0.24
12000,12250,no_punch,0.25
12040,12290,no_punch,0.30333333333333334
12080,12330,no_punch,0.3566666666666667
12120,12370,no_punch,0.43666666666666665
12160,12410,punch,0.5033333333333333
12200,12450,no_punch,0.44333333333333336
12240,12490,no_punch,0.35333333333333333
12280,12530,no_punch,0.3433333333333333
12320,12570,no_punch,0.33
12360,12610,no_punch,0.36333333333333334
12400,12650,no_punch,0.37333333333333335
12440,12690,no_punch,0.37333333333333335
12480,12730,no_punch,0.3933333333333333
12520,12770,no_punch,0.31333333333333335
12560,12810,no_punch,0.36333333333333334
12600,12850,punch,0.58
12640,12890,no_punch,0.43333333333333335
12680,12930,no_punch,0.48
12720,12970,no_punch,0.49
12760,13010,no_punch,0.37
12800,13050,no_punch,0.38333333333333336
12840,13090,no_punch,0.38
12880,13130,no_punch,0.38333333333333336
12920,13170,no_punch,0.47333333333333333
12960,13210,no_punch,0.44333333333333336
13000,13250,no_punch,0.49
13040,13290,no_punch,0.36333333333333334
13080,13330,no_punch,0.43
13120,13370,no_punch,0.3333333333333333
13160,13410,no_punch,0.29
13200,13450,no_punch,0.3233333333333333
13240,13490,no_punch,0.34
13280,13530,no_punch,0.37666666666666665
13320,13570,no_punch,0.49
13360,13610,no_punch,0.46
13400,13650,punch,0.59
13440,13690,punch,0.56
13480,13730,punch,0.5333333333333333
13520,13770,punch,0.5533333333333333
13560,13810,no_punch,0.4533333333333333
13600,13850,no_punch,0.41
13640,13890,no_punch,0.38666666666666666
13680,13930,no_punch,0.36333333333333334
13720,13970,no_punch,0.36666666666666664
13760,14010,no_punch,0.34
13800,14050,no_punch,0.3
13840,14090,no_punch,0.2833333333333333
13880,14130,no_punch,0.29
13920,14170,no_punch,0.2633333333333333
13960,14210,no_punch,0.3233333333333333
14000,14250,no_punch,0.3566666666666667
14040,14290,no_punch,0.31666666666666665
14080,14330,no_punch,0.2866666666666667
14120,14370,no_punch,0.29333333333333333
14160,14410,no_punch,0.30333333333333334
14200,14450,no_punch,0.25333333333333335
14240,14490,no_punch,0.28
14280,14530,no_punch,0.38
14320,14570,no_punch,0.38333333333333336
14360,14610,no_punch,0.37
14400,14650,no_punch,0.49666666666666665
14440,14690,no_punch,0.4533333333333333
14480,14730,punch,0.5533333333333333
14520,14770,no_punch,0.44
14560,14810,no_punch,0.43666666666666665
14600,14850,no_punch,0.4033333333333333
14640,14890,no_punch,0.44
14680,14930,no_punch,0.47333333333333333
14720,14970,no_punch,0.44
14760,15010,no_punch,0.4633333333333333
14800,15050,punch,0.5066666666666667
14840,15090,punch,0.51
14880,15130,punch,0.54
14920,15170,punch,0.55
14960,15210,punch,0.5433333333333333
15000,15250,punch,0.6133333333333333
15040,15290,punch,0.5066666666666667
15080,15330,no_punch,0.49333333333333335
15120,15370,no_punch,0.42
15160,15410,no_punch,0.39
15200,15450,no_punch,0.37
15240,15490,no_punch,0.3
15280,15530,no_punch,0.2733333333333333
15320,15570,no_punch,0.29
15360,15610,no_punch,0.2633333333333333
15400,15650,no_punch,0.24
15440,15690,no_punch,0.2633333333333333
15480,15730,no_punch,0.25
15520,15770,no_punch,0.27666666666666667
15560,15810,no_punch,0.2633333333333333
15600,15850,no_punch,0.26
15640,15890,no_punch,0.24666666666666667
15680,15930,no_punch,0.23333333333333334
15720,15970,no_punch,0.23666666666666666
15760,16010,no_punch,0.22333333333333333
15800,16050,no_punch,0.24333333333333335
15840,16090,no_punch,0.23666666666666666
15880,16130,no_punch,0.25666666666666665
15920,16170,no_punch,0.23
15960,16210,no_punch,0.3233333333333333
16000,16250,no_punch,0.36333333333333334
16040,16290,no_punch,0.31666666666666665
16080,16330,no_punch,0.32666666666666666
16120,16370,no_punch,0.30333333333333334
16160,16410,no_punch,0.29
16200,16450,no_punch,0.31333333333333335
16240,16490,no_punch,0.3333333333333333
16280,16530,no_punch,0.3466666666666667
16320,16570,no_punch,0.42
16360,16610,no_punch,0.43
16400,16650,no_punch,0.4533333333333333
16440,16690,punch,0.5033333333333333
16480,16730,punch,0.5066666666666667
16520,16770,no_punch,0.49
16560,16810,no_punch,0.49333333333333335
16600,16850,no_punch,0.43333333333333335
16640,16890,no_punch,0.41333333333333333
16680,16930,no_punch,0.39666666666666667
16720,16970,no_punch,0.38333333333333336
16760,17010,no_punch,0.43333333333333335
16800,17050,no_punch,0.47
16840,17090,no_punch,0.4766666666666667
16880,17130,punch,0.5966666666666667
16920,17170,punch,0.6333333333333333
16960,17210,punch,0.6066666666666667
17000,17250,punch,0.53
17040,17290,no_punch,0.38666666666666666
17080,17330,no_punch,0.36
17120,17370,no_punch,0.37666666666666665
17160,17410,no_punch,0.37333333333333335
17200,17450,punch,0.51
17240,17490,punch,0.58
17280,17530,punch,0.62
17320,17570,punch,0.5666666666666667
17360,17610,punch,0.5266666666666666
17400,17650,no_punch,0.42333333333333334
17440,17690,no_punch,0.33666666666666667
17480,17730,no_punch,0.3466666666666667
17520,17770,no_punch,0.34
17560,17810,no_punch,0.5
17600,17850,punch,0.5533333333333333
17640,17890,punch,0.54
17680,17930,punch,0.5033333333333333
17720,17970,no_punch,0.28
17760,18010,no_punch,0.26666666666666666
17800,18050,no_punch,0.24333333333333335
17840,18090,no_punch,0.3466666666666667
17880,18130,no_punch,0.4166666666666667
17920,18170,no_punch,0.38333333333333336
17960,18210,no_punch,0.39666666666666667
18000,18250,no_punch,0.32666666666666666
18040,18290,no_punch,0.2866666666666667
18080,18330,no_punch,0.30333333333333334
18120,18370,no_punch,0.32
18160,18410,no_punch,0.38333333333333336
18200,18450,no_punch,0.4033333333333333
18240,18490,no_punch,0.48333333333333334
18280,18530,punch,0.51
18320,18570,no_punch,0.48333333333333334
18360,18610,no_punch,0.3933333333333333
18400,18650,no_punch,0.38666666666666666
18440,18690,no_punch,0.3566666666666667
18480,18730,no_punch,0.4033333333333333
18520,18770,no_punch,0.44666666666666666
18560,18810,no_punch,0.45666666666666667
18600,18850,no_punch,0.4533333333333333
18640,18890,no_punch,0.39
18680,18930,no_punch,0.38333333333333336
18720,18970,no_punch,0.37666666666666665
18760,19010,no_punch,0.3466666666666667
18800,19050,no_punch,0.3433333333333333
18840,19090,no_punch,0.3466666666666667
18880,19130,no_punch,0.3233333333333333
18920,19170,no_punch,0.3
18960,19210,no_punch,0.32
19000,19250,no_punch,0.35333333333333333
19040,19290,no_punch,0.36666666666666664
19080,19330,no_punch,0.4633333333333333
19120,19370,no_punch,0.43666666666666665
19160,19410,no_punch,0.4033333333333333
19200,19450,no_punch,0.38666666666666666
19240,19490,no_punch,0.39666666666666667
19280,19530,no_punch,0.34
19320,19570,no_punch,0.4066666666666667
19360,19610,no_punch,0.35333333333333333
19400,19650,no_punch,0.32
19440,19690,no_punch,0.3433333333333333
19480,19730,no_punch,0.25333333333333335
19520,19770,no_punch,0.33666666666666667
19560,19810,no_punch,0.37
19600,19850,no_punch,0.4166666666666667
19640,19890,no_punch,0.35
19680,19930,no_punch,0.32666666666666666
19720,19970,no_punch,0.32666666666666666
19760,20010,no_punch,0.41
19800,20050,no_punch,0.38
19840,20090,no_punch,0.49666666666666665
19880,20130,no_punch,0.4066666666666667
19920,20170,no_punch,0.43666666666666665
19960,20210,no_punch,0.36666666666666664
20000,20250,no_punch,0.21666666666666667
20040,20290,no_punch,0.21666666666666667
20080,20330,no_punch,0.23333333333333334
20120,20370,no_punch,0.2633333333333333
20160,20410,no_punch,0.2733333333333333
20200,20450,no_punch,0.35
20240,20490,no_punch,0.36
20280,20530,no_punch,0.4033333333333333
20320,20570,no_punch,0.44
20360,20610,no_punch,0.44333333333333336
20400,20650,no_punch,0.4
20440,20690,no_punch,0.37
20480,20730,no_punch,0.39666666666666667
20520,20770,no_punch,0.4033333333333333
20560,20810,no_punch,0.4066666666666667
20600,20850,no_punch,0.36
20640,20890,no_punch,0.37666666666666665
20680,20930,no_punch,0.37666666666666665
20720,20970,no_punch,0.42333333333333334
20760,21010,punch,0.5133333333333333
20800,21050,punch,0.5266666666666666
20840,21090,no_punch,0.49333333333333335
20880,21130,no_punch,0.48
20920,21170,no_punch,0.44333333333333336
20960,21210,no_punch,0.42
21000,21250,no_punch,0.38333333333333336
21040,21290,no_punch,0.41333333333333333
21080,21330,no_punch,0.43
21120,21370,no_punch,0.38666666666666666
21160,21410,punch,0.5033333333333333
21200,21450,punch,0.5033333333333333
21240,21490,no_punch,0.44666666666666666
21280,21530,punch,0.5033333333333333
21320,21570,punch,0.51
21360,21610,no_punch,0.45666666666666667
21400,21650,punch,0.5266666666666666
21440,21690,no_punch,0.36333333333333334
21480,21730,no_punch,0.34
21520,21770,no_punch,0.3566666666666667
21560,21810,no_punch,0.32
21600,21850,no_punch,0.33666666666666667
21640,21890,no_punch,0.37333333333333335
21680,21930,no_punch,0.37666666666666665
21720,21970,no_punch,0.43333333333333335
21760,22010,no_punch,0.48333333333333334
21800,22050,punch,0.5133333333333333
21840,22090,punch,0.55
21880,22130,punch,0.6966666666666667
21920,22170,punch,0.6066666666666667
21960,22210,punch,0.6333333333333333
22000,22250,punch,0.5566666666666666
22040,22290,no_punch,0.4666666666666667
22080,22330,no_punch,0.3333333333333333
22120,22370,no_punch,0.31666666666666665
22160,22410,no_punch,0.3466666666666667
22200,22450,no_punch,0.35333333333333333
22240,22490,no_punch,0.3433333333333333
22280,22530,no_punch,0.31666666666666665
22320,22570,no_punch,0.34
22360,22610,no_punch,0.3233333333333333
22400,22650,no_punch,0.36333333333333334
22440,22690,no_punch,0.36666666666666664
22480,22730,no_punch,0.31
22520,22770,no_punch,0.31333333333333335
22560,22810,no_punch,0.31333333333333335
22600,22850,no_punch,0.27666666666666667
22640,22890,no_punch,0.36333333333333334
22680,22930,no_punch,0.36
22720,22970,no_punch,0.2966666666666667
22760,23010,no_punch,0.2966666666666667
22800,23050,no_punch,0.3433333333333333
22840,23090,punch,0.5166666666666667
22880,23130,punch,0.6166666666666667
22920,23170,punch,0.6766666666666666
22960,23210,punch,0.6333333333333333
23000,23250,no_punch,0.49333333333333335
23040,23290,punch,0.55
23080,23330,punch,0.53
23120,23370,no_punch,0.49666666666666665
23160,23410,no_punch,0.48
23200,23450,no_punch,0.46
23240,23490,punch,0.5033333333333333
23280,23530,no_punch,0.3933333333333333
23320,23570,no_punch,0.44333333333333336
23360,23610,no_punch,0.39
23400,23650,no_punch,0.45
23440,23690,no_punch,0.45666666666666667
23480,23730,no_punch,0.42333333333333334
23520,23770,no_punch,0.4
23560,23810,no_punch,0.4033333333333333
23600,23850,no_punch,0.32
23640,23890,no_punch,0.29
23680,23930,no_punch,0.3466666666666667
23720,23970,no_punch,0.41
23760,24010,no_punch,0.4166666666666667
23800,24050,no_punch,0.32666666666666666
23840,24090,no_punch,0.32666666666666666
23880,24130,no_punch,0.27
23920,24170,no_punch,0.42
23960,24210,no_punch,0.45666666666666667
24000,24250,no_punch,0.4
24040,24290,no_punch,0.43666666666666665
24080,24330,no_punch,0.4766666666666667
24120,24370,no_punch,0.47
24160,24410,no_punch,0.47333333333333333
24200,24450,no_punch,0.49
24240,24490,no_punch,0.49666666666666665
24280,24530,punch,0.5133333333333333
24320,24570,no_punch,0.5
24360,24610,no_punch,0.46
24400,24650,no_punch,0.38666666666666666
24440,24690,no_punch,0.36
24480,24730,no_punch,0.4
24520,24770,no_punch,0.4266666666666667
24560,24810,no_punch,0.43333333333333335
24600,24850,no_punch,0.4866666666666667
24640,24890,no_punch,0.44333333333333336
24680,24930,punch,0.52
24720,24970,punch,0.56
24760,25010,punch,0.53
24800,25050,punch,0.5366666666666666
24840,25090,punch,0.5133333333333333
24880,25130,no_punch,0.4266666666666667
24920,25170,no_punch,0.35333333333333333
24960,25210,no_punch,0.37
25000,25250,no_punch,0.43666666666666665
25040,25290,no_punch,0.44333333333333336
25080,25330,no_punch,0.43
25120,25370,no_punch,0.4
25160,25410,no_punch,0.4066666666666667
25200,25450,no_punch,0.3566666666666667
25240,25490,no_punch,0.3566666666666667
25280,25530,no_punch,0.38666666666666666
25320,25570,no_punch,0.47
25360,25610,punch,0.5166666666666667
25400,25650,punch,0.5233333333333333
25440,25690,no_punch,0.42
25480,25730,no_punch,0.43333333333333335
25520,25770,no_punch,0.43
25560,25810,no_punch,0.42
25600,25850,no_punch,0.48333333333333334
25640,25890,no_punch,0.37333333333333335
25680,25930,no_punch,0.33
25720,25970,no_punch,0.39666666666666667
25760,26010,no_punch,0.36666666666666664
25800,26050,no_punch,0.37
25840,26090,no_punch,0.4
25880,26130,no_punch,0.4033333333333333
25920,26170,no_punch,0.34
25960,26210,no_punch,0.26
26000,26250,no_punch,0.24
26040,26290,no_punch,0.2
26080,26330,no_punch,0.2633333333333333
26120,26370,no_punch,0.2733333333333333
26160,26410,no_punch,0.26666666666666666
26200,26450,no_punch,0.27
26240,26490,no_punch,0.27666666666666667
26280,26530,no_punch,0.37666666666666665
26320,26570,no_punch,0.4066666666666667
26360,26610,no_punch,0.38666666666666666
26400,26650,no_punch,0.32666666666666666
26440,26690,no_punch,0.32
26480,26730,no_punch,0.24666666666666667
26520,26770,no_punch,0.25333333333333335
26560,26810,no_punch,0.3433333333333333
26600,26850,no_punch,0.37333333333333335
26640,26890,no_punch,0.4766666666666667
26680,26930,no_punch,0.41333333333333333
26720,26970,no_punch,0.4166666666666667
26760,27010,no_punch,0.44333333333333336
26800,27050,punch,0.6333333333333333
26840,27090,punch,0.5833333333333334
26880,27130,punch,0.59
26920,27170,punch,0.5266666666666666
26960,27210,no_punch,0.4266666666666667
27000,27250,no_punch,0.37333333333333335
27040,27290,no_punch,0.37333333333333335
27080,27330,no_punch,0.27
27120,27370,no_punch,0.24666666666666667
27160,27410,no_punch,0.3233333333333333
27200,27450,no_punch,0.2833333333333333
27240,27490,no_punch,0.32666666666666666
27280,27530,no_punch,0.44666666666666666
27320,27570,punch,0.5066666666666667
27360,27610,punch,0.5333333333333333
27400,27650,no_punch,0.36666666666666664
27440,27690,no_punch,0.4066666666666667
27480,27730,no_punch,0.44
27520,27770,no_punch,0.32666666666666666
27560,27810,no_punch,0.32
27600,27850,no_punch,0.37666666666666665
27640,27890,no_punch,0.4766666666666667
27680,27930,no_punch,0.3333333333333333
27720,27970,no_punch,0.22666666666666666
27760,28010,no_punch,0.32666666666666666
27800,28050,no_punch,0.33
27840,28090,no_punch,0.4033333333333333
27880,28130,no_punch,0.49
27920,28170,punch,0.5333333333333333
27960,28210,punch,0.6233333333333333
28000,28250,punch,0.58
28040,28290,punch,0.5333333333333333
28080,28330,no_punch,0.49
28120,28370,no_punch,0.36333333333333334
28160,28410,no_punch,0.33
28200,28450,no_punch,0.3
28240,28490,no_punch,0.3933333333333333
28280,28530,no_punch,0.41333333333333333
28320,28570,no_punch,0.43666666666666665
28360,28610,no_punch,0.42333333333333334
28400,28650,no_punch,0.38333333333333336
28440,28690,punch,0.5033333333333333
28480,28730,no_punch,0.5
28520,28770,no_punch,0.4266666666666667
28560,28810,no_punch,0.37666666666666665
28600,28850,no_punch,0.3566666666666667
28640,28890,no_punch,0.2866666666666667
28680,28930,no_punch,0.27
28720,28970,no_punch,0.2633333333333333
28760,29010,no_punch,0.25
28800,29050,no_punch,0.23666666666666666
28840,29090,no_punch,0.23666666666666666
28880,29130,no_punch,0.24666666666666667
28920,29170,no_punch,0.28
28960,29210,no_punch,0.31666666666666665
29000,29250,no_punch,0.3333333333333333
29040,29290,no_punch,0.31666666666666665
29080,29330,no_punch,0.3466666666666667
29120,29370,no_punch,0.3466666666666667
29160,29410,no_punch,0.3333333333333333
29200,29450,no_punch,0.22666666666666666
29240,29490,no_punch,0.25666666666666665
29280,29530,no_punch,0.21333333333333335
29320,29570,no_punch,0.21666666666666667
29360,29610,no_punch,0.21666666666666667
29400,29650,no_punch,0.20333333333333334
29440,29690,no_punch,0.21
29480,29730,no_punch,0.24666666666666667
29520,29770,no_punch,0.25
29560,29810,no_punch,0.26
29600,29850,no_punch,0.26
29640,29890,no_punch,0.2833333333333333
29680,29930,no_punch,0.37
29720,29970,no_punch,0.3466666666666667
29760,30010,no_punch,0.3433333333333333
29800,30050,no_punch,0.27666666666666667
29840,30090,no_punch,0.26666666666666666
29880,30130,no_punch,0.45666666666666667
29920,30170,no_punch,0.45
29960,30210,no_punch,0.38666666666666666
30000,30250,no_punch,0.3466666666666667
30040,30290,no_punch,0.30333333333333334
30080,30330,no_punch,0.24333333333333335
30120,30370,no_punch,0.33
30160,30410,no_punch,0.33
30200,30450,no_punch,0.38333333333333336
30240,30490,no_punch,0.45666666666666667
30280,30530,no_punch,0.41
30320,30570,no_punch,0.4266666666666667
30360,30610,no_punch,0.4266666666666667
30400,30650,punch,0.5766666666666667
30440,30690,punch,0.5433333333333333
30480,30730,punch,0.53
30520,30770,no_punch,0.47
30560,30810,no_punch,0.43
30600,30850,no_punch,0.37
30640,30890,no_punch,0.25666666666666665
30680,30930,no_punch,0.26666666666666666
30720,30970,no_punch,0.29
30760,31010,no_punch,0.30666666666666664
30800,31050,no_punch,0.31333333333333335
30840,31090,no_punch,0.3433333333333333
30880,31130,no_punch,0.4033333333333333
30920,31170,no_punch,0.41
30960,31210,no_punch,0.44666666666666666
31000,31250,no_punch,0.44333333333333336
31040,31290,no_punch,0.33666666666666667
31080,31330,no_punch,0.35
31120,31370,no_punch,0.33
31160,31410,no_punch,0.36333333333333334
31200,31450,no_punch,0.38666666666666666
31240,31490,no_punch,0.34
31280,31530,no_punch,0.39
31320,31570,no_punch,0.4166666666666667
31360,31610,no_punch,0.36
31400,31650,no_punch,0.30333333333333334
31440,31690,no_punch,0.35
31480,31730,no_punch,0.4
31520,31770,no_punch,0.37333333333333335
31560,31810,no_punch,0.37666666666666665
31600,31850,no_punch,0.33666666666666667
31640,31890,no_punch,0.3433333333333333
31680,31930,no_punch,0.22
31720,31970,no_punch,0.3466666666666667
31760,32010,no_punch,0.36333333333333334
31800,32050,no_punch,0.34
31840,32090,no_punch,0.33666666666666667
31880,32130,no_punch,0.35333333333333333
31920,32170,no_punch,0.36666666666666664
31960,32210,no_punch,0.37333333333333335
32000,32250,no_punch,0.42
32040,32290,no_punch,0.42
32080,32330,no_punch,0.3466666666666667
32120,32370,no_punch,0.3433333333333333
32160,32410,no_punch,0.3333333333333333
32200,32450,no_punch,0.37333333333333335
32240,32490,no_punch,0.37
32280,32530,no_punch,0.33666666666666667
32320,32570,no_punch,0.2966666666666667
32360,32610,no_punch,0.3
32400,32650,no_punch,0.30333333333333334
32440,32690,no_punch,0.32
32480,32730,no_punch,0.38
32520,32770,no_punch,0.36
32560,32810,no_punch,0.33
32600,32850,punch,0.51
32640,32890,punch,0.5133333333333333
32680,32930,no_punch,0.4066666666666667
32720,32970,no_punch,0.32
32760,33010,no_punch,0.25
32800,33050,no_punch,0.30333333333333334
32840,33090,no_punch,0.25333333333333335
32880,33130,no_punch,0.19
32920,33170,no_punch,0.19
32960,33210,no_punch,0.26
33000,33250,no_punch,0.33
33040,33290,no_punch,0.39
33080,33330,no_punch,0.3466666666666667
33120,33370,no_punch,0.29
33160,33410,no_punch,0.2866666666666667
33200,33450,no_punch,0.31333333333333335
33240,33490,no_punch,0.33666666666666667
33280,33530,no_punch,0.31333333333333335
33320,33570,no_punch,0.2966666666666667
33360,33610,no_punch,0.2966666666666667
33400,33650,no_punch,0.3233333333333333
33440,33690,no_punch,0.4066666666666667
33480,33730,no_punch,0.48
33520,33770,punch,0.5266666666666666
33560,33810,punch,0.5166666666666667
33600,33850,punch,0.5233333333333333
33640,33890,punch,0.62
33680,33930,punch,0.56
33720,33970,punch,0.6133333333333333
33760,34010,punch,0.5633333333333334
33800,34050,punch,0.58
33840,34090,punch,0.5766666666666667
33880,34130,punch,0.53
33920,34170,no_punch,0.49
33960,34210,no_punch,0.42333333333333334
34000,34250,no_punch,0.4066666666666667
34040,34290,no_punch,0.43
34080,34330,no_punch,0.4533333333333333
34120,34370,no_punch,0.3333333333333333
34160,34410,no_punch,0.33
34200,34450,no_punch,0.41333333333333333
34240,34490,punch,0.5433333333333333
34280,34530,punch,0.6433333333333333
34320,34570,punch,0.6333333333333333
34360,34610,punch,0.57
34400,34650,no_punch,0.29
34440,34690,no_punch,0.27666666666666667
34480,34730,no_punch,0.25333333333333335
34520,34770,no_punch,0.30666666666666664
34560,34810,no_punch,0.32
34600,34850,no_punch,0.32666666666666666
34640,34890,no_punch,0.3
34680,34930,no_punch,0.4766666666666667
34720,34970,punch,0.54
34760,35010,punch,0.5666666666666667
34800,35050,punch,0.54
34840,35090,punch,0.5133333333333333
34880,35130,no_punch,0.48
34920,35170,no_punch,0.4166666666666667
34960,35210,no_punch,0.39666666666666667
35000,35250,no_punch,0.31333333333333335
35040,35290,no_punch,0.31333333333333335
35080,35330,no_punch,0.3
35120,35370,no_punch,0.30666666666666664
35160,35410,no_punch,0.29333333333333333
35200,35450,no_punch,0.35333333333333333
35240,35490,no_punch,0.38333333333333336
35280,35530,no_punch,0.3566666666666667
35320,35570,no_punch,0.3233333333333333
35360,35610,no_punch,0.2866666666666667
35400,35650,no_punch,0.31333333333333335
35440,35690,no_punch,0.31666666666666665
35480,35730,no_punch,0.29333333333333333
35520,35770,no_punch,0.29333333333333333
35560,35810,no_punch,0.27
35600,35850,no_punch,0.30333333333333334
35640,35890,no_punch,0.33
35680,35930,no_punch,0.28
35720,35970,no_punch,0.28
35760,36010,no_punch,0.26666666666666666
35800,36050,no_punch,0.22333333333333333
35840,36090,no_punch,0.19
35880,36130,no_punch,0.21
35920,36170,no_punch,0.20666666666666667
35960,36210,no_punch,0.19666666666666666
36000,36250,no_punch,0.21333333333333335
36040,36290,no_punch,0.24
36080,36330,no_punch,0.2733333333333333
36120,36370,no_punch,0.28
36160,36410,no_punch,0.2633333333333333
36200,36450,no_punch,0.23666666666666666
36240,36490,no_punch,0.19666666666666666
36280,36530,no_punch,0.21333333333333335
36320,36570,no_punch,0.27666666666666667
36360,36610,no_punch,0.37666666666666665
36400,36650,no_punch,0.38666666666666666
36440,36690,no_punch,0.3933333333333333
36480,36730,no_punch,0.34
36520,36770,no_punch,0.23666666666666666
36560,36810,no_punch,0.3566666666666667
36600,36850,no_punch,0.37333333333333335
36640,36890,no_punch,0.36
36680,36930,no_punch,0.3433333333333333
36720,36970,no_punch,0.30666666666666664
36760,37010,no_punch,0.33
36800,37050,no_punch,0.4533333333333333
36840,37090,no_punch,0.4866666666666667
36880,37130,no_punch,0.4533333333333333
36920,37170,no_punch,0.42333333333333334
36960,37210,no_punch,0.4766666666666667
37000,37250,punch,0.5266666666666666
37040,37290,no_punch,0.43
37080,37330,no_punch,0.49666666666666665
37120,37370,punch,0.5066666666666667
37160,37410,punch,0.5466666666666666
37200,37450,no_punch,0.48333333333333334
37240,37490,no_punch,0.49333333333333335
37280,37530,no_punch,0.37333333333333335
37320,37570,no_punch,0.39
37360,37610,no_punch,0.39666666666666667
37400,37650,no_punch,0.4
37440,37690,no_punch,0.37333333333333335
37480,37730,no_punch,0.42
37520,37770,no_punch,0.38333333333333336
37560,37810,no_punch,0.4866666666666667
37600,37850,punch,0.5833333333333334
37640,37890,punch,0.5933333333333334
37680,37930,punch,0.5066666666666667
37720,37970,no_punch,0.3433333333333333
37760,38010,no_punch,0.29333333333333333
37800,38050,no_punch,0.25666666666666665
37840,38090,no_punch,0.36
37880,38130,no_punch,0.3233333333333333
37920,38170,no_punch,0.3466666666666667
37960,38210,no_punch,0.35333333333333333
38000,38250,no_punch,0.32
38040,38290,no_punch,0.45666666666666667
38080,38330,no_punch,0.48
38120,38370,punch,0.52
38160,38410,punch,0.5266666666666666
38200,38450,no_punch,0.4866666666666667
38240,38490,no_punch,0.44
38280,38530,no_punch,0.43333333333333335
38320,38570,no_punch,0.45666666666666667
38360,38610,no_punch,0.41
38400,38650,no_punch,0.37333333333333335
38440,38690,punch,0.5033333333333333
38480,38730,punch,0.5366666666666666
38520,38770,no_punch,0.4666666666666667
38560,38810,no_punch,0.4166666666666667
38600,38850,no_punch,0.43333333333333335
38640,38890,no_punch,0.5
38680,38930,no_punch,0.47333333333333333
38720,38970,no_punch,0.49333333333333335
38760,39010,no_punch,0.36333333333333334
38800,39050,no_punch,0.35
38840,39090,no_punch,0.26
38880,39130,no_punch,0.25666666666666665
38920,39170,no_punch,0.2966666666666667
38960,39210,no_punch,0.3233333333333333
39000,39250,no_punch,0.31666666666666665
39040,39290,no_punch,0.38333333333333336
39080,39330,no_punch,0.43333333333333335
39120,39370,no_punch,0.44
39160,39410,no_punch,0.3933333333333333
39200,39450,no_punch,0.37666666666666665
39240,39490,no_punch,0.29333333333333333
39280,39530,no_punch,0.3233333333333333
39320,39570,no_punch,0.3466666666666667
39360,39610,no_punch,0.2866666666666667
39400,39650,no_punch,0.2633333333333333
39440,39690,no_punch,0.23
39480,39730,no_punch,0.23
39520,39770,no_punch,0.18333333333333332
39560,39810,no_punch,0.19333333333333333
39600,39850,no_punch,0.2
39640,39890,no_punch,0.25333333333333335
39680,39930,no_punch,0.33666666666666667
39720,39970,no_punch,0.37
39760,40010,no_punch,0.4066666666666667
39800,40050,no_punch,0.31666666666666665
39840,40090,no_punch,0.29333333333333333
39880,40130,no_punch,0.3
39920,40170,no_punch,0.31666666666666665
39960,40210,no_punch,0.2966666666666667
40000,40250,no_punch,0.34
40040,40290,no_punch,0.38333333333333336
40080,40330,no_punch,0.44333333333333336
40120,40370,no_punch,0.43333333333333335
40160,40410,no_punch,0.38333333333333336
40200,40450,no_punch,0.4066666666666667
40240,40490,no_punch,0.4766666666666667
40280,40530,no_punch,0.41
40320,40570,punch,0.5266666666666666
40360,40610,no_punch,0.43666666666666665
40400,40650,no_punch,0.46
40440,40690,punch,0.5166666666666667
40480,40730,punch,0.5166666666666667
40520,40770,punch,0.5066666666666667
40560,40810,no_punch,0.42
40600,40850,no_punch,0.48
40640,40890,no_punch,0.4666666666666667
40680,40930,no_punch,0.48
40720,40970,no_punch,0.5
40760,41010,punch,0.5266666666666666
40800,41050,punch,0.5766666666666667
40840,41090,no_punch,0.4766666666666667
40880,41130,punch,0.5233333333333333
40920,41170,no_punch,0.47
40960,41210,no_punch,0.37666666666666665
41000,41250,no_punch,0.38
41040,41290,no_punch,0.29
41080,41330,no_punch,0.3
41120,41370,no_punch,0.3
41160,41410,no_punch,0.3433333333333333
41200,41450,no_punch,0.30333333333333334
41240,41490,no_punch,0.3433333333333333
41280,41530,no_punch,0.4633333333333333
41320,41570,no_punch,0.49666666666666665
41360,41610,no_punch,0.47
41400,41650,punch,0.5066666666666667
41440,41690,punch,0.5266666666666666
41480,41730,punch,0.5566666666666666
41520,41770,no_punch,0.5
41560,41810,punch,0.53
41600,41850,no_punch,0.43
41640,41890,no_punch,0.43
41680,41930,no_punch,0.37
41720,41970,no_punch,0.35
41760,42010,no_punch,0.3433333333333333
41800,42050,no_punch,0.37
41840,42090,no_punch,0.3566666666666667
41880,42130,no_punch,0.4033333333333333
41920,42170,no_punch,0.41
41960,42210,no_punch,0.42
42000,42250,punch,0.53
42040,42290,punch,0.52
42080,42330,no_punch,0.4766666666666667
42120,42370,no_punch,0.46
42160,42410,no_punch,0.42
42200,42450,no_punch,0.3933333333333333
42240,42490,no_punch,0.37666666666666665
42280,42530,no_punch,0.2833333333333333
42320,42570,no_punch,0.2733333333333333
42360,42610,no_punch,0.30666666666666664
42400,42650,no_punch,0.30666666666666664
42440,42690,no_punch,0.34
42480,42730,no_punch,0.33
42520,42770,no_punch,0.33666666666666667
42560,42810,no_punch,0.35
42600,42850,no_punch,0.38333333333333336
42640,42890,no_punch,0.4533333333333333
42680,42930,no_punch,0.4666666666666667
42720,42970,punch,0.5233333333333333
42760,43010,no_punch,0.44333333333333336
42800,43050,no_punch,0.4266666666666667
42840,43090,no_punch,0.4166666666666667
42880,43130,no_punch,0.36666666666666664
42920,43170,no_punch,0.33
42960,43210,no_punch,0.35
43000,43250,no_punch,0.39
43040,43290,no_punch,0.36
43080,43330,no_punch,0.46
43120,43370,no_punch,0.33
43160,43410,no_punch,0.3333333333333333
43200,43450,no_punch,0.3566666666666667
43240,43490,no_punch,0.4033333333333333
43280,43530,no_punch,0.39666666666666667
43320,43570,no_punch,0.39
43360,43610,no_punch,0.3466666666666667
43400,43650,no_punch,0.3433333333333333
43440,43690,no_punch,0.36333333333333334
43480,43730,no_punch,0.37
43520,43770,no_punch,0.37666666666666665
43560,43810,no_punch,0.37
43600,43850,no_punch,0.36333333333333334
43640,43890,no_punch,0.37333333333333335
43680,43930,no_punch,0.43333333333333335
43720,43970,no_punch,0.4
43760,44010,no_punch,0.33666666666666667
43800,44050,no_punch,0.36666666666666664
43840,44090,no_punch,0.34
43880,44130,no_punch,0.4033333333333333
43920,44170,no_punch,0.39
43960,44210,no_punch,0.43
44000,44250,no_punch,0.38666666666666666
44040,44290,no_punch,0.36333333333333334
44080,44330,no_punch,0.3566666666666667
44120,44370,no_punch,0.3233333333333333
44160,44410,no_punch,0.26
44200,44450,no_punch,0.24666666666666667
44240,44490,no_punch,0.32666666666666666
44280,44530,no_punch,0.35
44320,44570,no_punch,0.2866666666666667
44360,44610,no_punch,0.27666666666666667
44400,44650,no_punch,0.32
44440,44690,no_punch,0.36
44480,44730,no_punch,0.37666666666666665
44520,44770,no_punch,0.3333333333333333
44560,44810,no_punch,0.27666666666666667
44600,44850,no_punch,0.24666666666666667
44640,44890,no_punch,0.25
44680,44930,no_punch,0.38
44720,44970,no_punch,0.42
44760,45010,no_punch,0.42
44800,45050,no_punch,0.42333333333333334
44840,45090,no_punch,0.43666666666666665
44880,45130,no_punch,0.4
44920,45170,no_punch,0.4666666666666667
44960,45210,no_punch,0.4033333333333333
45000,45250,no_punch,0.36333333333333334
45040,45290,no_punch,0.32
45080,45330,no_punch,0.36
45120,45370,no_punch,0.46
45160,45410,no_punch,0.49
45200,45450,punch,0.5333333333333333
45240,45490,punch,0.6566666666666666
45280,45530,punch,0.6666666666666666
45320,45570,no_punch,0.49333333333333335
45360,45610,punch,0.5233333333333333
45400,45650,punch,0.52
45440,45690,no_punch,0.49
45480,45730,no_punch,0.4
45520,45770,no_punch,0.29
45560,45810,no_punch,0.24666666666666667
45600,45850,no_punch,0.30333333333333334
45640,45890,no_punch,0.35333333333333333
45680,45930,punch,0.56
45720,45970,punch,0.64
45760,46010,punch,0.7166666666666667
45800,46050,punch,0.7066666666666667
45840,46090,punch,0.5433333333333333
45880,46130,no_punch,0.44
45920,46170,no_punch,0.41333333333333333
45960,46210,no_punch,0.49333333333333335
46000,46250,no_punch,0.48
46040,46290,no_punch,0.31666666666666665
46080,46330,no_punch,0.34
46120,46370,no_punch,0.33
46160,46410,no_punch,0.29333333333333333
46200,46450,no_punch,0.31
46240,46490,no_punch,0.3233333333333333
46280,46530,no_punch,0.3333333333333333
46320,46570,no_punch,0.36666666666666664
46360,46610,no_punch,0.42333333333333334
46400,46650,no_punch,0.47
46440,46690,no_punch,0.4666666666666667
46480,46730,no_punch,0.4533333333333333
46520,46770,no_punch,0.43666666666666665
46560,46810,no_punch,0.41
46600,46850,no_punch,0.33
46640,46890,no_punch,0.26666666666666666
46680,46930,no_punch,0.28
46720,46970,no_punch,0.28
46760,47010,no_punch,0.31333333333333335
46800,47050,no_punch,0.3466666666666667
46840,47090,no_punch,0.36666666666666664
46880,47130,no_punch,0.3566666666666667
46920,47170,no_punch,0.38
46960,47210,no_punch,0.37333333333333335
47000,47250,no_punch,0.38
47040,47290,no_punch,0.3466666666666667
47080,47330,no_punch,0.27666666666666667
47120,47370,no_punch,0.25
47160,47410,no_punch,0.26666666666666666
47200,47450,no_punch,0.37666666666666665
47240,47490,no_punch,0.4166666666666667
47280,47530,no_punch,0.3933333333333333
47320,47570,no_punch,0.39
47360,47610,no_punch,0.3466666666666667
47400,47650,no_punch,0.35
47440,47690,no_punch,0.38
47480,47730,no_punch,0.39666666666666667
47520,47770,no_punch,0.37333333333333335
47560,47810,no_punch,0.37
47600,47850,no_punch,0.3566666666666667
47640,47890,no_punch,0.33
47680,47930,no_punch,0.37666666666666665
47720,47970,no_punch,0.36333333333333334
47760,48010,no_punch,0.4033333333333333
47800,48050,no_punch,0.4166666666666667
47840,48090,no_punch,0.46
47880,48130,no_punch,0.39
47920,48170,no_punch,0.49
47960,48210,no_punch,0.46
48000,48250,no_punch,0.49
48040,48290,no_punch,0.4166666666666667
48080,48330,no_punch,0.43
48120,48370,no_punch,0.39
48160,48410,no_punch,0.3433333333333333
48200,48450,no_punch,0.3466666666666667
48240,48490,no_punch,0.4666666666666667
48280,48530,no_punch,0.4633333333333333
48320,48570,no_punch,0.49666666666666665
48360,48610,punch,0.5633333333333334
48400,48650,punch,0.5333333333333333
48440,48690,no_punch,0.4533333333333333
48480,48730,punch,0.51
48520,48770,punch,0.5533333333333333
48560,48810,punch,0.5333333333333333
48600,48850,punch,0.54
48640,48890,punch,0.54
48680,48930,no_punch,0.43
48720,48970,no_punch,0.31666666666666665
48760,49010,no_punch,0.2833333333333333
48800,49050,no_punch,0.26
48840,49090,no_punch,0.3933333333333333
48880,49130,no_punch,0.44333333333333336
48920,49170,punch,0.5133333333333333
48960,49210,punch,0.5133333333333333
49000,49250,no_punch,0.49
49040,49290,no_punch,0.4533333333333333
49080,49330,punch,0.51
49120,49370,no_punch,0.4866666666666667
49160,49410,no_punch,0.47333333333333333
49200,49450,punch,0.5333333333333333
49240,49490,punch,0.55
49280,49530,punch,0.59
49320,49570,punch,0.57
49360,49610,no_punch,0.4033333333333333
49400,49650,no_punch,0.49666666666666665
49440,49690,no_punch,0.48333333333333334
49480,49730,no_punch,0.4066666666666667
49520,49770,no_punch,0.32666666666666666
49560,49810,no_punch,0.27666666666666667
49600,49850,no_punch,0.25
49640,49890,no_punch,0.2733333333333333
49680,49930,no_punch,0.37
49720,49970,no_punch,0.36333333333333334
49760,50010,no_punch,0.37
49800,50050,no_punch,0.31
49840,50090,no_punch,0.2966666666666667
49880,50130,no_punch,0.31666666666666665
49920,50170,no_punch,0.2866666666666667
49960,50210,no_punch,0.26666666666666666
50000,50250,no_punch,0.24666666666666667
50040,50290,no_punch,0.23
50080,50330,no_punch,0.23333333333333334
50120,50370,no_punch,0.27
50160,50410,no_punch,0.2833333333333333
50200,50450,no_punch,0.30666666666666664
50240,50490,no_punch,0.32666666666666666
50280,50530,no_punch,0.3
50320,50570,no_punch,0.38
50360,50610,no_punch,0.30333333333333334
50400,50650,no_punch,0.24666666666666667
50440,50690,no_punch,0.23666666666666666
50480,50730,no_punch,0.23333333333333334
50520,50770,no_punch,0.27
50560,50810,no_punch,0.28
50600,50850,no_punch,0.30333333333333334
50640,50890,no_punch,0.36666666666666664
50680,50930,no_punch,0.41333333333333333
50720,50970,no_punch,0.38333333333333336
50760,51010,no_punch,0.38333333333333336
50800,51050,no_punch,0.38
50840,51090,no_punch,0.38333333333333336
50880,51130,no_punch,0.43
50920,51170,no_punch,0.4033333333333333
50960,51210,no_punch,0.3466666666666667
51000,51250,no_punch,0.3566666666666667
51040,51290,no_punch,0.33666666666666667
51080,51330,no_punch,0.36
51120,51370,no_punch,0.42
51160,51410,no_punch,0.42
51200,51450,no_punch,0.4666666666666667
51240,51490,no_punch,0.49666666666666665
51280,51530,no_punch,0.4533333333333333
51320,51570,no_punch,0.41
51360,51610,no_punch,0.37
51400,51650,no_punch,0.39666666666666667
51440,51690,no_punch,0.25333333333333335
51480,51730,no_punch,0.37666666666666665
51520,51770,no_punch,0.48333333333333334
51560,51810,no_punch,0.49333333333333335
51600,51850,punch,0.5366666666666666
51640,51890,punch,0.6033333333333334
51680,51930,punch,0.6566666666666666
51720,51970,punch,0.58
51760,52010,punch,0.5766666666666667
51800,52050,punch,0.5533333333333333
51840,52090,punch,0.52
51880,52130,punch,0.52
51920,52170,no_punch,0.38333333333333336
51960,52210,no_punch,0.36333333333333334
52000,52250,no_punch,0.30333333333333334
52040,52290,no_punch,0.2733333333333333
52080,52330,no_punch,0.27
52120,52370,no_punch,0.25333333333333335
52160,52410,no_punch,0.32666666666666666
52200,52450,no_punch,0.39666666666666667
52240,52490,punch,0.54
52280,52530,punch,0.6233333333333333
52320,52570,punch,0.6333333333333333
52360,52610,punch,0.5966666666666667
52400,52650,punch,0.5466666666666666
52440,52690,no_punch,0.5
52480,52730,no_punch,0.4066666666666667
52520,52770,no_punch,0.37333333333333335
52560,52810,no_punch,0.32
52600,52850,punch,0.5066666666666667
52640,52890,punch,0.55
52680,52930,punch,0.58
52720,52970,punch,0.59
52760,53010,no_punch,0.42
52800,53050,no_punch,0.3233333333333333
52840,53090,no_punch,0.36333333333333334
52880,53130,no_punch,0.3933333333333333
52920,53170,no_punch,0.38
52960,53210,no_punch,0.43333333333333335
53000,53250,punch,0.5333333333333333
53040,53290,punch,0.5066666666666667
53080,53330,punch,0.5033333333333333
53120,53370,no_punch,0.3933333333333333
53160,53410,no_punch,0.38333333333333336
53200,53450,no_punch,0.3566666666666667
53240,53490,no_punch,0.37
53280,53530,no_punch,0.3566666666666667
53320,53570,no_punch,0.19666666666666666
53360,53610,no_punch,0.22
53400,53650,no_punch,0.21666666666666667
53440,53690,no_punch,0.43666666666666665
53480,53730,no_punch,0.4166666666666667
53520,53770,no_punch,0.4666666666666667
53560,53810,no_punch,0.48333333333333334
53600,53850,punch,0.52
53640,53890,no_punch,0.4633333333333333
53680,53930,no_punch,0.4866666666666667
53720,53970,no_punch,0.44333333333333336
53760,54010,no_punch,0.35333333333333333
53800,54050,no_punch,0.2966666666666667
53840,54090,no_punch,0.29333333333333333
53880,54130,no_punch,0.30333333333333334
53920,54170,no_punch,0.3
53960,54210,no_punch,0.31333333333333335
54000,54250,no_punch,0.36333333333333334
54040,54290,no_punch,0.38666666666666666
54080,54330,no_punch,0.44666666666666666
54120,54370,no_punch,0.4533333333333333
54160,54410,no_punch,0.4633333333333333
54200,54450,no_punch,0.4666666666666667
54240,54490,no_punch,0.45666666666666667
54280,54530,no_punch,0.4766666666666667
54320,54570,no_punch,0.45
54360,54610,no_punch,0.43666666666666665
54400,54650,no_punch,0.43333333333333335
54440,54690,no_punch,0.42333333333333334
54480,54730,no_punch,0.36
54520,54770,no_punch,0.27
54560,54810,no_punch,0.32666666666666666
54600,54850,no_punch,0.36
54640,54890,no_punch,0.44333333333333336
54680,54930,no_punch,0.37
54720,54970,no_punch,0.37333333333333335
54760,55010,no_punch,0.4166666666666667
54800,55050,no_punch,0.4266666666666667
54840,55090,no_punch,0.44
54880,55130,punch,0.54
54920,55170,punch,0.5266666666666666
54960,55210,no_punch,0.45
55000,55250,no_punch,0.25333333333333335
55040,55290,no_punch,0.26
55080,55330,no_punch,0.25666666666666665
55120,55370,no_punch,0.23
55160,55410,no_punch,0.24
55200,55450,no_punch,0.24333333333333335
55240,55490,no_punch,0.25
55280,55530,no_punch,0.31
55320,55570,no_punch,0.35333333333333333
55360,55610,no_punch,0.4066666666666667
55400,55650,no_punch,0.4166666666666667
55440,55690,no_punch,0.4066666666666667
55480,55730,no_punch,0.4166666666666667
55520,55770,no_punch,0.4533333333333333
55560,55810,no_punch,0.41
55600,55850,no_punch,0.3466666666666667
55640,55890,no_punch,0.30333333333333334
55680,55930,no_punch,0.3233333333333333
55720,55970,no_punch,0.3566666666666667
55760,56010,no_punch,0.3433333333333333
55800,56050,no_punch,0.4066666666666667
55840,56090,no_punch,0.43333333333333335
55880,56130,no_punch,0.4266666666666667
55920,56170,no_punch,0.45666666666666667
55960,56210,no_punch,0.39666666666666667
56000,56250,no_punch,0.38666666666666666
56040,56290,no_punch,0.38333333333333336
56080,56330,no_punch,0.4033333333333333
56120,56370,no_punch,0.4066666666666667
56160,56410,no_punch,0.49666666666666665
56200,56450,no_punch,0.42333333333333334
56240,56490,no_punch,0.25
56280,56530,no_punch,0.25
56320,56570,no_punch,0.25
56360,56610,no_punch,0.22
56400,56650,no_punch,0.22666666666666666
56440,56690,no_punch,0.22
56480,56730,no_punch,0.22333333333333333
56520,56770,no_punch,0.31
56560,56810,no_punch,0.38
56600,56850,no_punch,0.45
56640,56890,no_punch,0.45
56680,56930,no_punch,0.4666666666666667
56720,56970,no_punch,0.4166666666666667
56760,57010,no_punch,0.36
56800,57050,no_punch,0.36333333333333334
56840,57090,no_punch,0.36
56880,57130,no_punch,0.2633333333333333
56920,57170,no_punch,0.2733333333333333
56960,57210,no_punch,0.33666666666666667
57000,57250,no_punch,0.36666666666666664
57040,57290,no_punch,0.3466666666666667
57080,57330,no_punch,0.33
57120,57370,no_punch,0.31
57160,57410,no_punch,0.33
57200,57450,no_punch,0.3433333333333333
57240,57490,no_punch,0.35333333333333333
57280,57530,no_punch,0.32666666666666666
57320,57570,no_punch,0.32
57360,57610,no_punch,0.29333333333333333
57400,57650,no_punch,0.29333333333333333
57440,57690,no_punch,0.2633333333333333
57480,57730,no_punch,0.26666666666666666
57520,57770,no_punch,0.2633333333333333
57560,57810,no_punch,0.26666666666666666
57600,57850,no_punch,0.36666666666666664
57640,57890,no_punch,0.36
57680,57930,no_punch,0.33666666666666667
57720,57970,no_punch,0.29
57760,58010,no_punch,0.32666666666666666
57800,58050,no_punch,0.32
57840,58090,no_punch,0.3233333333333333
57880,58130,no_punch,0.31666666666666665
57920,58170,no_punch,0.30666666666666664
57960,58210,no_punch,0.2833333333333333
58000,58250,no_punch,0.25
58040,58290,no_punch,0.23666666666666666
58080,58330,no_punch,0.25333333333333335
58120,58370,no_punch,0.31333333333333335
58160,58410,no_punch,0.37
58200,58450,no_punch,0.4633333333333333
58240,58490,punch,0.5766666666666667
58280,58530,punch,0.5733333333333334
58320,58570,punch,0.5166666666666667
58360,58610,no_punch,0.41
58400,58650,no_punch,0.42333333333333334
58440,58690,punch,0.62
58480,58730,punch,0.6066666666666667
58520,58770,punch,0.6766666666666666
58560,58810,punch,0.56
58600,58850,punch,0.5366666666666666
58640,58890,no_punch,0.5
58680,58930,no_punch,0.49
58720,58970,no_punch,0.4633333333333333
58760,59010,no_punch,0.43
58800,59050,no_punch,0.4666666666666667
58840,59090,no_punch,0.41
58880,59130,no_punch,0.36333333333333334
58920,59170,no_punch,0.3566666666666667
58960,59210,no_punch,0.36
59000,59250,no_punch,0.3233333333333333
59040,59290,no_punch,0.4633333333333333
59080,59330,no_punch,0.4666666666666667
59120,59370,punch,0.5333333333333333
59160,59410,no_punch,0.49666666666666665
59200,59450,no_punch,0.42
59240,59490,no_punch,0.43
59280,59530,punch,0.5766666666666667
59320,59570,no_punch,0.48
59360,59610,no_punch,0.3333333333333333
59400,59650,no_punch,0.35
59440,59690,no_punch,0.3433333333333333
59480,59730,no_punch,0.29333333333333333
59520,59770,no_punch,0.35333333333333333
59560,59810,no_punch,0.4066666666666667
59600,59850,no_punch,0.4166666666666667
59640,59890,no_punch,0.48333333333333334
59680,59930,punch,0.5866666666666667
59720,59970,punch,0.5766666666666667
59760,60010,punch,0.5633333333333334
59800,60050,punch,0.5166666666666667
59840,60090,no_punch,0.45666666666666667
59880,60130,no_punch,0.36333333333333334
59920,60170,no_punch,0.3433333333333333
59960,60210,no_punch,0.31
60000,60250,no_punch,0.30666666666666664
60040,60290,no_punch,0.32
60080,60330,no_punch,0.3433333333333333
60120,60370,no_punch,0.4166666666666667
60160,60410,no_punch,0.39666666666666667
60200,60450,no_punch,0.43
60240,60490,no_punch,0.43333333333333335
60280,60530,no_punch,0.43666666666666665
60320,60570,no_punch,0.44666666666666666
60360,60610,no_punch,0.42
60400,60650,no_punch,0.43666666666666665
60440,60690,no_punch,0.38666666666666666
60480,60730,no_punch,0.3433333333333333
60520,60770,no_punch,0.4533333333333333
60560,60810,no_punch,0.47
60600,60850,punch,0.5066666666666667
60640,60890,punch,0.53
60680,60930,punch,0.5466666666666666
60720,60970,no_punch,0.4766666666666667
60760,61010,no_punch,0.4066666666666667
60800,61050,no_punch,0.41333333333333333
60840,61090,no_punch,0.38333333333333336
60880,61130,no_punch,0.42333333333333334
60920,61170,no_punch,0.4033333333333333
60960,61210,no_punch,0.32
61000,61250,no_punch,0.26666666666666666
61040,61290,no_punch,0.26
61080,61330,no_punch,0.25666666666666665
61120,61370,no_punch,0.2633333333333333
61160,61410,no_punch,0.26666666666666666
61200,61450,no_punch,0.2633333333333333
61240,61490,no_punch,0.25333333333333335
61280,61530,no_punch,0.29333333333333333
61320,61570,no_punch,0.3333333333333333
61360,61610,no_punch,0.3333333333333333
61400,61650,no_punch,0.34
61440,61690,no_punch,0.29333333333333333
61480,61730,no_punch,0.26
61520,61770,no_punch,0.25333333333333335
61560,61810,no_punch,0.37333333333333335
61600,61850,no_punch,0.35
61640,61890,no_punch,0.34
61680,61930,no_punch,0.35
61720,61970,no_punch,0.45
61760,62010,no_punch,0.4866666666666667
61800,62050,no_punch,0.3933333333333333
61840,62090,no_punch,0.43
61880,62130,no_punch,0.49666666666666665
61920,62170,no_punch,0.49
61960,62210,punch,0.59
62000,62250,punch,0.6566666666666666
62040,62290,punch,0.6033333333333334
62080,62330,no_punch,0.4633333333333333
62120,62370,no_punch,0.45666666666666667
62160,62410,no_punch,0.41333333333333333
62200,62450,no_punch,0.4666666666666667
62240,62490,no_punch,0.47333333333333333
62280,62530,no_punch,0.47333333333333333
62320,62570,punch,0.51
62360,62610,punch,0.56
62400,62650,no_punch,0.4866666666666667
62440,62690,punch,0.5166666666666667
62480,62730,no_punch,0.43
62520,62770,no_punch,0.42333333333333334
62560,62810,no_punch,0.4066666666666667
62600,62850,punch,0.5166666666666667
62640,62890,punch,0.61
62680,62930,punch,0.6533333333333333
62720,62970,punch,0.54
62760,63010,punch,0.5266666666666666
62800,63050,punch,0.51
62840,63090,punch,0.5066666666666667
62880,63130,punch,0.51
62920,63170,punch,0.5233333333333333
62960,63210,no_punch,0.48333333333333334
63000,63250,no_punch,0.47333333333333333
63040,63290,no_punch,0.36666666666666664
63080,63330,no_punch,0.39666666666666667
63120,63370,no_punch,0.33666666666666667
63160,63410,no_punch,0.2833333333333333
63200,63450,no_punch,0.28
63240,63490,no_punch,0.33666666666666667
63280,63530,no_punch,0.4066666666666667
63320,63570,no_punch,0.4866666666666667
63360,63610,no_punch,0.47333333333333333
63400,63650,punch,0.5066666666666667
63440,63690,punch,0.51
63480,63730,punch,0.52
63520,63770,no_punch,0.45666666666666667
63560,63810,no_punch,0.41
63600,63850,no_punch,0.38
63640,63890,no_punch,0.32666666666666666
63680,63930,no_punch,0.38666666666666666
63720,63970,no_punch,0.4066666666666667
63760,64010,no_punch,0.42
63800,64050,no_punch,0.45
63840,64090,no_punch,0.4166666666666667
63880,64130,no_punch,0.38666666666666666
63920,64170,no_punch,0.44666666666666666
63960,64210,no_punch,0.47
64000,64250,no_punch,0.37666666666666665
64040,64290,no_punch,0.3566666666666667
64080,64330,no_punch,0.35333333333333333
64120,64370,no_punch,0.38333333333333336
64160,64410,no_punch,0.3
64200,64450,no_punch,0.2866666666666667
64240,64490,no_punch,0.27666666666666667
64280,64530,no_punch,0.25
64320,64570,no_punch,0.24333333333333335
64360,64610,no_punch,0.2833333333333333
64400,64650,no_punch,0.24
64440,64690,no_punch,0.25
64480,64730,no_punch,0.25666666666666665
64520,64770,no_punch,0.24333333333333335
64560,64810,no_punch,0.19333333333333333
64600,64850,no_punch,0.21666666666666667
64640,64890,no_punch,0.21666666666666667
64680,64930,no_punch,0.23
64720,64970,no_punch,0.22
64760,65010,no_punch,0.22666666666666666
64800,65050,no_punch,0.21666666666666667
64840,65090,no_punch,0.23
64880,65130,no_punch,0.24333333333333335
64920,65170,no_punch,0.2633333333333333
64960,65210,no_punch,0.26666666666666666
65000,65250,no_punch,0.31
65040,65290,no_punch,0.36333333333333334
65080,65330,no_punch,0.3466666666666667
65120,65370,no_punch,0.2866666666666667
65160,65410,no_punch,0.31333333333333335
65200,65450,no_punch,0.38
65240,65490,no_punch,0.41333333333333333
65280,65530,no_punch,0.4266666666666667
65320,65570,no_punch,0.4866666666666667
65360,65610,punch,0.6066666666666667
65400,65650,punch,0.52
65440,65690,punch,0.56
65480,65730,punch,0.61
65520,65770,punch,0.51
65560,65810,no_punch,0.4533333333333333
65600,65850,punch,0.5333333333333333
65640,65890,no_punch,0.4533333333333333
65680,65930,no_punch,0.4533333333333333
65720,65970,no_punch,0.4066666666666667
65760,66010,no_punch,0.48
65800,66050,punch,0.52
65840,66090,no_punch,0.4633333333333333
65880,66130,no_punch,0.48333333333333334
65920,66170,no_punch,0.4166666666666667
65960,66210,no_punch,0.37
66000,66250,no_punch,0.3433333333333333
66040,66290,no_punch,0.44
66080,66330,no_punch,0.48333333333333334
66120,66370,no_punch,0.47
66160,66410,punch,0.5066666666666667
66200,66450,punch,0.6433333333333333
66240,66490,punch,0.6466666666666666
66280,66530,punch,0.6233333333333333
66320,66570,punch,0.6033333333333334
66360,66610,punch,0.6133333333333333
66400,66650,punch,0.5466666666666666
66440,66690,no_punch,0.38666666666666666
66480,66730,no_punch,0.36
66520,66770,no_punch,0.36333333333333334
66560,66810,no_punch,0.32666666666666666
66600,66850,no_punch,0.35333333333333333
66640,66890,no_punch,0.44666666666666666
66680,66930,punch,0.5566666666666666
66720,66970,punch,0.6633333333333333
66760,67010,punch,0.6866666666666666
66800,67050,punch,0.5933333333333334
66840,67090,punch,0.56
66880,67130,no_punch,0.48
66920,67170,no_punch,0.44
66960,67210,no_punch,0.39
67000,67250,no_punch,0.37666666666666665
67040,67290,no_punch,0.36
67080,67330,no_punch,0.37666666666666665
67120,67370,no_punch,0.37666666666666665
67160,67410,no_punch,0.4866666666666667
67200,67450,punch,0.54
67240,67490,punch,0.54
67280,67530,no_punch,0.38666666666666666
67320,67570,no_punch,0.3433333333333333
67360,67610,no_punch,0.39
67400,67650,no_punch,0.4066666666666667
67440,67690,no_punch,0.4266666666666667
67480,67730,no_punch,0.4066666666666667
67520,67770,no_punch,0.38
67560,67810,no_punch,0.36
67600,67850,no_punch,0.42
67640,67890,no_punch,0.41
67680,67930,no_punch,0.43333333333333335
67720,67970,no_punch,0.3933333333333333
67760,68010,no_punch,0.38
67800,68050,no_punch,0.38333333333333336
67840,68090,no_punch,0.31
67880,68130,no_punch,0.25
67920,68170,no_punch,0.29
67960,68210,no_punch,0.29333333333333333
68000,68250,no_punch,0.31666666666666665
68040,68290,no_punch,0.31333333333333335
68080,68330,no_punch,0.29
68120,68370,no_punch,0.25
68160,68410,no_punch,0.21666666666666667
68200,68450,no_punch,0.22666666666666666
68240,68490,no_punch,0.32
68280,68530,no_punch,0.29333333333333333
68320,68570,no_punch,0.19333333333333333
68360,68610,no_punch,0.19
68400,68650,no_punch,0.22
68440,68690,no_punch,0.27666666666666667
68480,68730,no_punch,0.31
68520,68770,no_punch,0.3433333333333333
68560,68810,no_punch,0.33666666666666667
68600,68850,no_punch,0.37
68640,68890,no_punch,0.3233333333333333
68680,68930,no_punch,0.36666666666666664
68720,68970,no_punch,0.35
68760,69010,no_punch,0.3933333333333333
68800,69050,no_punch,0.3933333333333333
68840,69090,no_punch,0.4
68880,69130,no_punch,0.36
68920,69170,no_punch,0.32666666666666666
68960,69210,no_punch,0.28
69000,69250,no_punch,0.30333333333333334
69040,69290,no_punch,0.32
69080,69330,no_punch,0.35
69120,69370,no_punch,0.31
69160,69410,no_punch,0.29
69200,69450,no_punch,0.31333333333333335
69240,69490,no_punch,0.30333333333333334
69280,69530,no_punch,0.30666666666666664
69320,69570,no_punch,0.2966666666666667
69360,69610,no_punch,0.3
69400,69650,no_punch,0.29333333333333333
69440,69690,no_punch,0.33666666666666667
69480,69730,no_punch,0.33666666666666667
69520,69770,no_punch,0.32666666666666666
69560,69810,no_punch,0.2733333333333333
69600,69850,no_punch,0.2633333333333333
69640,69890,no_punch,0.2866666666666667
69680,69930,no_punch,0.3333333333333333
69720,69970,no_punch,0.33
69760,70010,no_punch,0.35333333333333333
69800,70050,no_punch,0.39
69840,70090,no_punch,0.43
69880,70130,no_punch,0.45666666666666667
69920,70170,no_punch,0.4533333333333333
69960,70210,punch,0.5166666666666667
70000,70250,no_punch,0.42333333333333334
70040,70290,no_punch,0.4166666666666667
70080,70330,no_punch,0.47
70120,70370,no_punch,0.46
70160,70410,no_punch,0.4533333333333333
70200,70450,no_punch,0.4066666666666667
70240,70490,no_punch,0.4033333333333333
70280,70530,no_punch,0.44
70320,70570,no_punch,0.3566666666666667
70360,70610,no_punch,0.36333333333333334
70400,70650,no_punch,0.42333333333333334
70440,70690,no_punch,0.4866666666666667
70480,70730,punch,0.5033333333333333
70520,70770,punch,0.5566666666666666
70560,70810,punch,0.5666666666666667
70600,70850,punch,0.5166666666666667
70640,70890,no_punch,0.48333333333333334
70680,70930,no_punch,0.41
70720,70970,no_punch,0.26666666666666666
70760,71010,no_punch,0.24
70800,71050,no_punch,0.2733333333333333
70840,71090,no_punch,0.27666666666666667
70880,71130,no_punch,0.2866666666666667
70920,71170,no_punch,0.38333333333333336
70960,71210,no_punch,0.41333333333333333
71000,71250,no_punch,0.5
71040,71290,no_punch,0.48333333333333334
71080,71330,no_punch,0.45666666666666667
71120,71370,no_punch,0.46
71160,71410,no_punch,0.44666666666666666
71200,71450,no_punch,0.44333333333333336
71240,71490,punch,0.5733333333333334
71280,71530,punch,0.5333333333333333
71320,71570,no_punch,0.49666666666666665
71360,71610,no_punch,0.4
71400,71650,no_punch,0.39666666666666667
71440,71690,no_punch,0.3466666666666667
71480,71730,no_punch,0.36
71520,71770,no_punch,0.36
71560,71810,no_punch,0.39
71600,71850,no_punch,0.4266666666666667
71640,71890,no_punch,0.47
71680,71930,no_punch,0.47
71720,71970,no_punch,0.35333333333333333
71760,72010,no_punch,0.44
71800,72050,no_punch,0.45
71840,72090,no_punch,0.48333333333333334
71880,72130,no_punch,0.48333333333333334
71920,72170,no_punch,0.46
71960,72210,no_punch,0.37666666666666665
72000,72250,no_punch,0.31666666666666665
72040,72290,no_punch,0.3466666666666667
72080,72330,no_punch,0.3
72120,72370,no_punch,0.3333333333333333
72160,72410,no_punch,0.33
72200,72450,no_punch,0.4
72240,72490,no_punch,0.38
72280,72530,no_punch,0.4066666666666667
72320,72570,no_punch,0.37666666666666665
72360,72610,no_punch,0.2833333333333333
72400,72650,no_punch,0.2866666666666667
72440,72690,no_punch,0.2966666666666667
72480,72730,no_punch,0.41333333333333333
72520,72770,no_punch,0.45
72560,72810,no_punch,0.4266666666666667
72600,72850,no_punch,0.42
72640,72890,no_punch,0.47333333333333333
72680,72930,no_punch,0.47333333333333333
72720,72970,punch,0.5333333333333333
72760,73010,punch,0.6
72800,73050,punch,0.57
72840,73090,punch,0.5333333333333333
72880,73130,no_punch,0.4633333333333333
72920,73170,no_punch,0.44333333333333336
72960,73210,no_punch,0.47
73000,73250,no_punch,0.48333333333333334
73040,73290,no_punch,0.44
73080,73330,no_punch,0.47
73120,73370,no_punch,0.4033333333333333
73160,73410,no_punch,0.4066666666666667
73200,73450,no_punch,0.4666666666666667
73240,73490,no_punch,0.4066666666666667
73280,73530,no_punch,0.47333333333333333
73320,73570,punch,0.5266666666666666
73360,73610,punch,0.5566666666666666
73400,73650,punch,0.5966666666666667
73440,73690,punch,0.7233333333333334
73480,73730,punch,0.77
73520,73770,punch,0.54
73560,73810,punch,0.6533333333333333
73600,73850,punch,0.66
73640,73890,punch,0.6066666666666667
73680,73930,punch,0.56
73720,73970,punch,0.5133333333333333
73760,74010,no_punch,0.4666666666666667
73800,74050,no_punch,0.39
73840,74090,no_punch,0.2733333333333333
73880,74130,no_punch,0.2866666666666667
73920,74170,no_punch,0.2633333333333333
73960,74210,no_punch,0.31333333333333335
74000,74250,no_punch,0.35
74040,74290,no_punch,0.43666666666666665
74080,74330,no_punch,0.47
74120,74370,no_punch,0.44333333333333336
74160,74410,no_punch,0.45
74200,74450,no_punch,0.45666666666666667
74240,74490,no_punch,0.43
74280,74530,no_punch,0.48333333333333334
74320,74570,no_punch,0.44333333333333336
74360,74610,no_punch,0.44666666666666666
74400,74650,no_punch,0.38333333333333336
74440,74690,no_punch,0.4166666666666667
74480,74730,no_punch,0.35333333333333333
74520,74770,no_punch,0.3233333333333333
74560,74810,no_punch,0.3566666666666667
74600,74850,no_punch,0.4266666666666667
74640,74890,no_punch,0.4533333333333333
74680,74930,no_punch,0.42
74720,74970,no_punch,0.41333333333333333
74760,75010,no_punch,0.45
74800,75050,no_punch,0.39666666666666667
74840,75090,no_punch,0.42333333333333334
74880,75130,no_punch,0.4266666666666667
74920,75170,no_punch,0.38666666666666666
74960,75210,no_punch,0.35
75000,75250,no_punch,0.3233333333333333
75040,75290,no_punch,0.3
75080,75330,no_punch,0.32
75120,75370,no_punch,0.4
75160,75410,no_punch,0.38333333333333336
75200,75450,no_punch,0.38666666666666666
75240,75490,no_punch,0.4066666666666667
75280,75530,no_punch,0.45
75320,75570,punch,0.5433333333333333
75360,75610,punch,0.5133333333333333
75400,75650,punch,0.5266666666666666
75440,75690,punch,0.6433333333333333
75480,75730,punch,0.6166666666666667
75520,75770,punch,0.53
75560,75810,no_punch,0.49666666666666665
75600,75850,no_punch,0.49
75640,75890,no_punch,0.3933333333333333
75680,75930,no_punch,0.4266666666666667
75720,75970,no_punch,0.4866666666666667
75760,76010,no_punch,0.49666666666666665
75800,76050,no_punch,0.4266666666666667
75840,76090,no_punch,0.43666666666666665
75880,76130,no_punch,0.4066666666666667
75920,76170,no_punch,0.44666666666666666
75960,76210,no_punch,0.4766666666666667
76000,76250,no_punch,0.4166666666666667
76040,76290,punch,0.5366666666666666
76080,76330,no_punch,0.43333333333333335
76120,76370,punch,0.5266666666666666
76160,76410,punch,0.5666666666666667
76200,76450,punch,0.5733333333333334
76240,76490,punch,0.5666666666666667
76280,76530,punch,0.6366666666666667
76320,76570,punch,0.5433333333333333
76360,76610,no_punch,0.43
76400,76650,no_punch,0.37666666666666665
76440,76690,no_punch,0.2833333333333333
76480,76730,no_punch,0.27
76520,76770,no_punch,0.27
76560,76810,no_punch,0.29333333333333333
76600,76850,no_punch,0.29333333333333333
76640,76890,no_punch,0.24666666666666667
76680,76930,no_punch,0.26666666666666666
76720,76970,no_punch,0.37333333333333335
76760,77010,punch,0.5033333333333333
76800,77050,punch,0.52
76840,77090,no_punch,0.49666666666666665
76880,77130,no_punch,0.41333333333333333
76920,77170,no_punch,0.37666666666666665
76960,77210,no_punch,0.37333333333333335
77000,77250,no_punch,0.3333333333333333
77040,77290,no_punch,0.25666666666666665
77080,77330,no_punch,0.2833333333333333
77120,77370,no_punch,0.3566666666666667
77160,77410,no_punch,0.3333333333333333
77200,77450,no_punch,0.38333333333333336
77240,77490,no_punch,0.4166666666666667
77280,77530,no_punch,0.36666666666666664
77320,77570,no_punch,0.33666666666666667
77360,77610,no_punch,0.33
77400,77650,no_punch,0.3566666666666667
77440,77690,no_punch,0.35333333333333333
77480,77730,no_punch,0.34
77520,77770,no_punch,0.35333333333333333
77560,77810,no_punch,0.32666666666666666
77600,77850,no_punch,0.31
77640,77890,no_punch,0.3566666666666667
77680,77930,no_punch,0.3933333333333333
77720,77970,no_punch,0.4166666666666667
77760,78010,no_punch,0.43333333333333335
77800,78050,no_punch,0.44333333333333336
77840,78090,no_punch,0.41333333333333333
77880,78130,no_punch,0.36333333333333334
77920,78170,no_punch,0.36
77960,78210,no_punch,0.37
78000,78250,no_punch,0.43
78040,78290,no_punch,0.35
78080,78330,no_punch,0.24
78120,78370,no_punch,0.28
78160,78410,no_punch,0.2966666666666667
78200,78450,no_punch,0.32
78240,78490,no_punch,0.4066666666666667
78280,78530,no_punch,0.4166666666666667
78320,78570,no_punch,0.45
78360,78610,no_punch,0.38666666666666666
78400,78650,no_punch,0.35333333333333333
78440,78690,punch,0.5166666666666667
78480,78730,punch,0.5733333333333334
78520,78770,punch,0.6066666666666667
78560,78810,punch,0.61
78600,78850,punch,0.5633333333333334
78640,78890,no_punch,0.49666666666666665
78680,78930,no_punch,0.47333333333333333
78720,78970,no_punch,0.48
78760,79010,no_punch,0.43666666666666665
78800,79050,no_punch,0.44
78840,79090,punch,0.53
78880,79130,no_punch,0.47333333333333333
78920,79170,punch,0.53
78960,79210,no_punch,0.44
79000,79250,no_punch,0.42333333333333334
79040,79290,punch,0.5066666666666667
79080,79330,punch,0.5166666666666667
79120,79370,no_punch,0.5
79160,79410,punch,0.5366666666666666
79200,79450,no_punch,0.4533333333333333
79240,79490,no_punch,0.4666666666666667
79280,79530,punch,0.54
79320,79570,punch,0.57
79360,79610,punch,0.5266666666666666
79400,79650,no_punch,0.49
79440,79690,no_punch,0.48
79480,79730,punch,0.5533333333333333
79520,79770,punch,0.56
79560,79810,punch,0.5033333333333333
79600,79850,no_punch,0.48333333333333334
79640,79890,no_punch,0.4866666666666667
79680,79930,no_punch,0.48333333333333334
79720,79970,no_punch,0.48
79760,80010,no_punch,0.4533333333333333
79800,80050,no_punch,0.48
79840,80090,no_punch,0.25666666666666665
79880,80130,no_punch,0.4033333333333333
79920,80170,no_punch,0.37
79960,80210,no_punch,0.39
80000,80250,no_punch,0.33666666666666667
80040,80290,no_punch,0.25666666666666665
80080,80330,no_punch,0.27
80120,80370,no_punch,0.26666666666666666
80160,80410,no_punch,0.23333333333333334
80200,80450,no_punch,0.23
80240,80490,no_punch,0.21
80280,80530,no_punch,0.23333333333333334
80320,80570,no_punch,0.24666666666666667
80360,80610,no_punch,0.35
80400,80650,no_punch,0.45
80440,80690,no_punch,0.47
80480,80730,no_punch,0.49666666666666665
80520,80770,no_punch,0.4666666666666667
80560,80810,no_punch,0.42333333333333334
80600,80850,no_punch,0.31333333333333335
80640,80890,no_punch,0.32666666666666666
80680,80930,no_punch,0.2966666666666667
80720,80970,no_punch,0.33666666666666667
80760,81010,no_punch,0.31333333333333335
80800,81050,no_punch,0.2966666666666667
80840,81090,no_punch,0.27666666666666667
80880,81130,no_punch,0.28
80920,81170,no_punch,0.2866666666666667
80960,81210,no_punch,0.29333333333333333
81000,81250,no_punch,0.36333333333333334
81040,81290,no_punch,0.44666666666666666
81080,81330,no_punch,0.45
81120,81370,punch,0.5066666666666667
81160,81410,no_punch,0.47
81200,81450,no_punch,0.48333333333333334
81240,81490,no_punch,0.38666666666666666
81280,81530,no_punch,0.38
81320,81570,no_punch,0.4
81360,81610,punch,0.5333333333333333
81400,81650,punch,0.5166666666666667
81440,81690,punch,0.5133333333333333
81480,81730,no_punch,0.4766666666666667
81520,81770,no_punch,0.43666666666666665
81560,81810,no_punch,0.44333333333333336
81600,81850,no_punch,0.3933333333333333
81640,81890,no_punch,0.3333333333333333
81680,81930,no_punch,0.28
81720,81970,no_punch,0.24
81760,82010,no_punch,0.27666666666666667
81800,82050,no_punch,0.2733333333333333
81840,82090,no_punch,0.2733333333333333
81880,82130,no_punch,0.25333333333333335
81920,82170,no_punch,0.22666666666666666
81960,82210,no_punch,0.24
82000,82250,no_punch,0.24666666666666667
82040,82290,no_punch,0.26
82080,82330,no_punch,0.26
82120,82370,no_punch,0.3333333333333333
82160,82410,no_punch,0.37
82200,82450,no_punch,0.4166666666666667
82240,82490,no_punch,0.42333333333333334
82280,82530,no_punch,0.37
82320,82570,no_punch,0.29333333333333333
82360,82610,no_punch,0.2633333333333333
82400,82650,no_punch,0.36666666666666664
82440,82690,no_punch,0.43666666666666665
82480,82730,no_punch,0.37666666666666665
82520,82770,no_punch,0.31666666666666665
82560,82810,no_punch,0.39
82600,82850,no_punch,0.36
82640,82890,no_punch,0.32666666666666666
82680,82930,no_punch,0.37
82720,82970,punch,0.5233333333333333
82760,83010,punch,0.5033333333333333
82800,83050,no_punch,0.4166666666666667
82840,83090,no_punch,0.26
82880,83130,no_punch,0.17
82920,83170,no_punch,0.13333333333333333
82960,83210,no_punch,0.13
83000,83250,no_punch,0.15333333333333332
83040,83290,no_punch,0.19
83080,83330,no_punch,0.15666666666666668
83120,83370,no_punch,0.24333333333333335
83160,83410,no_punch,0.25666666666666665
83200,83450,no_punch,0.3333333333333333
83240,83490,no_punch,0.36666666666666664
83280,83530,no_punch,0.39666666666666667
83320,83570,no_punch,0.36
83360,83610,no_punch,0.35333333333333333
83400,83650,no_punch,0.32666666666666666
83440,83690,no_punch,0.37
83480,83730,no_punch,0.37333333333333335
83520,83770,no_punch,0.29333333333333333
83560,83810,no_punch,0.37
83600,83850,no_punch,0.39
83640,83890,no_punch,0.44333333333333336
83680,83930,no_punch,0.45666666666666667
83720,83970,no_punch,0.4666666666666667
83760,84010,punch,0.52
83800,84050,punch,0.52
83840,84090,punch,0.56
83880,84130,punch,0.51
83920,84170,punch,0.5466666666666666
83960,84210,punch,0.5133333333333333
84000,84250,no_punch,0.49333333333333335
84040,84290,no_punch,0.44
84080,84330,no_punch,0.39
84120,84370,no_punch,0.34
84160,84410,no_punch,0.35333333333333333
84200,84450,no_punch,0.3233333333333333
84240,84490,no_punch,0.3233333333333333
84280,84530,no_punch,0.4033333333333333
84320,84570,no_punch,0.4066666666666667
84360,84610,no_punch,0.3933333333333333
84400,84650,no_punch,0.37666666666666665
84440,84690,no_punch,0.35333333333333333
84480,84730,no_punch,0.2866666666666667
84520,84770,no_punch,0.2833333333333333
84560,84810,no_punch,0.2833333333333333
84600,84850,no_punch,0.37
84640,84890,no_punch,0.37666666666666665
84680,84930,no_punch,0.4
84720,84970,no_punch,0.4266666666666667
84760,85010,no_punch,0.36666666666666664
84800,85050,no_punch,0.34
84840,85090,no_punch,0.3433333333333333
84880,85130,no_punch,0.4033333333333333
84920,85170,no_punch,0.32666666666666666
84960,85210,no_punch,0.26666666666666666
85000,85250,no_punch,0.23666666666666666
85040,85290,no_punch,0.22
85080,85330,no_punch,0.19
85120,85370,no_punch,0.17333333333333334
85160,85410,no_punch,0.20666666666666667
85200,85450,no_punch,0.2
85240,85490,no_punch,0.23666666666666666
85280,85530,no_punch,0.2633333333333333
85320,85570,no_punch,0.36666666666666664
85360,85610,no_punch,0.38
85400,85650,no_punch,0.4766666666666667
85440,85690,no_punch,0.5
85480,85730,no_punch,0.38
85520,85770,no_punch,0.35333333333333333
85560,85810,no_punch,0.39
85600,85850,no_punch,0.38333333333333336
85640,85890,no_punch,0.37
85680,85930,no_punch,0.37
85720,85970,no_punch,0.37
85760,86010,no_punch,0.3566666666666667
85800,86050,no_punch,0.29333333333333333
85840,86090,no_punch,0.2633333333333333
85880,86130,no_punch,0.22333333333333333
85920,86170,no_punch,0.24333333333333335
85960,86210,no_punch,0.3466666666666667
86000,86250,no_punch,0.4166666666666667
86040,86290,no_punch,0.43666666666666665
86080,86330,no_punch,0.4633333333333333
86120,86370,no_punch,0.44666666666666666
86160,86410,no_punch,0.49333333333333335
86200,86450,no_punch,0.4533333333333333
86240,86490,no_punch,0.44666666666666666
86280,86530,punch,0.5266666666666666
86320,86570,punch,0.72
86360,86610,punch,0.6933333333333334
86400,86650,no_punch,0.45666666666666667
86440,86690,punch,0.51
86480,86730,punch,0.5066666666666667
86520,86770,no_punch,0.46
86560,86810,no_punch,0.44333333333333336
86600,86850,no_punch,0.42333333333333334
86640,86890,no_punch,0.41
86680,86930,no_punch,0.4666666666666667
86720,86970,no_punch,0.49666666666666665
86760,87010,no_punch,0.47
86800,87050,no_punch,0.48
86840,87090,no_punch,0.5
86880,87130,no_punch,0.49666666666666665
86920,87170,punch,0.52
86960,87210,punch,0.58
87000,87250,punch,0.56
87040,87290,punch,0.5566666666666666
87080,87330,no_punch,0.4533333333333333
87120,87370,no_punch,0.5
87160,87410,no_punch,0.49333333333333335
87200,87450,punch,0.5133333333333333
87240,87490,no_punch,0.5
87280,87530,no_punch,0.49666666666666665
87320,87570,punch,0.5966666666666667
87360,87610,punch,0.5866666666666667
87400,87650,punch,0.6
87440,87690,punch,0.54
87480,87730,no_punch,0.48333333333333334
87520,87770,no_punch,0.38333333333333336
87560,87810,no_punch,0.38666666666666666
87600,87850,no_punch,0.3233333333333333
87640,87890,no_punch,0.31
87680,87930,no_punch,0.31
87720,87970,no_punch,0.31333333333333335
87760,88010,no_punch,0.3233333333333333
87800,88050,no_punch,0.41333333333333333
87840,88090,no_punch,0.4666666666666667
87880,88130,punch,0.5066666666666667
87920,88170,no_punch,0.43333333333333335
87960,88210,no_punch,0.45
88000,88250,no_punch,0.44333333333333336
88040,88290,no_punch,0.43666666666666665
88080,88330,no_punch,0.42333333333333334
88120,88370,no_punch,0.3433333333333333
88160,88410,no_punch,0.3433333333333333
88200,88450,punch,0.6333333333333333
88240,88490,punch,0.5433333333333333
88280,88530,punch,0.61
88320,88570,no_punch,0.47333333333333333
88360,88610,no_punch,0.47333333333333333
88400,88650,no_punch,0.42333333333333334
88440,88690,no_punch,0.43333333333333335
88480,88730,no_punch,0.2866666666666667
88520,88770,no_punch,0.22333333333333333
88560,88810,no_punch,0.21666666666666667
88600,88850,no_punch,0.24
88640,88890,no_punch,0.21666666666666667
88680,88930,no_punch,0.18666666666666668
88720,88970,no_punch,0.20666666666666667
88760,89010,no_punch,0.25333333333333335
88800,89050,no_punch,0.49333333333333335
88840,89090,no_punch,0.45666666666666667
88880,89130,no_punch,0.4266666666666667
88920,89170,no_punch,0.45
88960,89210,no_punch,0.4033333333333333
89000,89250,no_punch,0.35
89040,89290,no_punch,0.25333333333333335
89080,89330,no_punch,0.26
89120,89370,no_punch,0.3
89160,89410,no_punch,0.32666666666666666
89200,89450,no_punch,0.37
89240,89490,no_punch,0.34
89280,89530,no_punch,0.38333333333333336
89320,89570,no_punch,0.42333333333333334
89360,89610,no_punch,0.45
89400,89650,no_punch,0.46
89440,89690,punch,0.5566666666666666
89480,89730,no_punch,0.48
89520,89770,no_punch,0.48
89560,89810,no_punch,0.45666666666666667
89600,89850,no_punch,0.4633333333333333
89640,89890,punch,0.6133333333333333
89680,89930,punch,0.5666666666666667
89720,89970,punch,0.6033333333333334
89760,90010,punch,0.57
89800,90050,no_punch,0.49666666666666665
89840,90090,no_punch,0.4666666666666667
89880,90130,no_punch,0.41
89920,90170,no_punch,0.43333333333333335
89960,90210,no_punch,0.46
90000,90250,punch,0.5366666666666666
90040,90290,punch,0.5333333333333333
90080,90330,punch,0.5233333333333333
90120,90370,punch,0.5533333333333333
90160,90410,punch,0.5533333333333333
90200,90450,punch,0.5033333333333333
90240,90490,no_punch,0.30333333333333334
90280,90530,no_punch,0.32
90320,90570,no_punch,0.2833333333333333
90360,90610,no_punch,0.2966666666666667
90400,90650,no_punch,0.2733333333333333
90440,90690,no_punch,0.2966666666666667
90480,90730,no_punch,0.3
90520,90770,no_punch,0.3566666666666667
90560,90810,no_punch,0.36
90600,90850,no_punch,0.38333333333333336
90640,90890,no_punch,0.43333333333333335
90680,90930,no_punch,0.44
90720,90970,punch,0.59
90760,91010,punch,0.5766666666666667
90800,91050,punch,0.5266666666666666
90840,91090,no_punch,0.48
90880,91130,no_punch,0.45666666666666667
90920,91170,no_punch,0.39666666666666667
90960,91210,no_punch,0.3566666666666667
91000,91250,no_punch,0.3233333333333333
91040,91290,no_punch,0.33
91080,91330,no_punch,0.31666666666666665
91120,91370,no_punch,0.3566666666666667
91160,91410,no_punch,0.36
91200,91450,no_punch,0.38666666666666666
91240,91490,no_punch,0.33666666666666667
91280,91530,no_punch,0.36666666666666664
91320,91570,no_punch,0.36666666666666664
91360,91610,no_punch,0.36666666666666664
91400,91650,no_punch,0.3333333333333333
91440,91690,no_punch,0.30666666666666664
91480,91730,no_punch,0.30333333333333334
91520,91770,no_punch,0.32
91560,91810,no_punch,0.28
91600,91850,no_punch,0.28
91640,91890,no_punch,0.23333333333333334
91680,91930,no_punch,0.23
91720,91970,no_punch,0.24333333333333335
91760,92010,no_punch,0.24666666666666667
91800,92050,no_punch,0.26
91840,92090,no_punch,0.25666666666666665
91880,92130,no_punch,0.2633333333333333
91920,92170,no_punch,0.2866666666666667
91960,92210,no_punch,0.32
92000,92250,no_punch,0.3433333333333333
92040,92290,no_punch,0.36333333333333334
92080,92330,no_punch,0.26
92120,92370,no_punch,0.25666666666666665
92160,92410,no_punch,0.3
92200,92450,no_punch,0.3433333333333333
92240,92490,no_punch,0.3566666666666667
92280,92530,no_punch,0.38666666666666666
92320,92570,no_punch,0.37
92360,92610,no_punch,0.28
92400,92650,no_punch,0.28
92440,92690,no_punch,0.30333333333333334
92480,92730,no_punch,0.32666666666666666
92520,92770,no_punch,0.38333333333333336
92560,92810,no_punch,0.36666666666666664
92600,92850,no_punch,0.41
92640,92890,no_punch,0.37
92680,92930,no_punch,0.3433333333333333
92720,92970,no_punch,0.36333333333333334
92760,93010,no_punch,0.35
92800,93050,no_punch,0.35333333333333333
92840,93090,no_punch,0.3933333333333333
92880,93130,no_punch,0.41333333333333333
92920,93170,no_punch,0.41333333333333333
92960,93210,no_punch,0.4866666666666667
93000,93250,punch,0.54
93040,93290,punch,0.5233333333333333
93080,93330,no_punch,0.4666666666666667
93120,93370,no_punch,0.46
93160,93410,punch,0.5166666666666667
93200,93450,punch,0.5533333333333333
93240,93490,punch,0.53
93280,93530,no_punch,0.42
93320,93570,no_punch,0.44
93360,93610,no_punch,0.4533333333333333
93400,93650,no_punch,0.37
93440,93690,no_punch,0.30666666666666664
93480,93730,no_punch,0.33
93520,93770,no_punch,0.4
93560,93810,no_punch,0.37333333333333335
93600,93850,no_punch,0.4266666666666667
93640,93890,no_punch,0.4066666666666667
93680,93930,no_punch,0.46
93720,93970,no_punch,0.5
93760,94010,punch,0.54
93800,94050,punch,0.5566666666666666
93840,94090,punch,0.5666666666666667
93880,94130,punch,0.57
93920,94170,no_punch,0.37666666666666665
93960,94210,no_punch,0.45666666666666667
94000,94250,no_punch,0.44666666666666666
94040,94290,punch,0.56
94080,94330,no_punch,0.49
94120,94370,no_punch,0.4166666666666667
94160,94410,no_punch,0.45666666666666667
94200,94450,punch,0.5633333333333334
94240,94490,punch,0.61
94280,94530,punch,0.5666666666666667
94320,94570,punch,0.5966666666666667
94360,94610,punch,0.5466666666666666
94400,94650,punch,0.5133333333333333
94440,94690,no_punch,0.45666666666666667
94480,94730,no_punch,0.39
94520,94770,no_punch,0.34
94560,94810,no_punch,0.36666666666666664
94600,94850,no_punch,0.38333333333333336
94640,94890,no_punch,0.39
94680,94930,no_punch,0.45
94720,94970,no_punch,0.46
94760,95010,no_punch,0.42333333333333334
94800,95050,no_punch,0.4
94840,95090,no_punch,0.37666666666666665
94880,95130,no_punch,0.39
94920,95170,no_punch,0.39
94960,95210,no_punch,0.38666666666666666
95000,95250,no_punch,0.42333333333333334
95040,95290,no_punch,0.4533333333333333
95080,95330,no_punch,0.4
95120,95370,no_punch,0.31333333333333335
95160,95410,no_punch,0.32
95200,95450,no_punch,0.3333333333333333
95240,95490,no_punch,0.33
95280,95530,no_punch,0.32
95320,95570,no_punch,0.2833333333333333
95360,95610,no_punch,0.2833333333333333
95400,95650,no_punch,0.34
95440,95690,no_punch,0.3433333333333333
95480,95730,no_punch,0.3
95520,95770,no_punch,0.36333333333333334
95560,95810,no_punch,0.4266666666666667
95600,95850,no_punch,0.4066666666666667
95640,95890,no_punch,0.39666666666666667
95680,95930,no_punch,0.3333333333333333
95720,95970,no_punch,0.25666666666666665
95760,96010,no_punch,0.28
95800,96050,no_punch,0.23
95840,96090,no_punch,0.3
95880,96130,no_punch,0.33666666666666667
95920,96170,no_punch,0.4066666666666667
95960,96210,no_punch,0.4
96000,96250,no_punch,0.3933333333333333
96040,96290,no_punch,0.43
96080,96330,no_punch,0.32666666666666666
96120,96370,no_punch,0.28
96160,96410,no_punch,0.3333333333333333
96200,96450,no_punch,0.33666666666666667
96240,96490,no_punch,0.37
96280,96530,no_punch,0.35333333333333333
96320,96570,no_punch,0.4033333333333333
96360,96610,no_punch,0.3933333333333333
96400,96650,no_punch,0.4033333333333333
96440,96690,no_punch,0.44666666666666666
96480,96730,no_punch,0.38333333333333336
96520,96770,no_punch,0.31666666666666665
96560,96810,no_punch,0.32666666666666666
96600,96850,no_punch,0.31666666666666665
96640,96890,no_punch,0.32
96680,96930,no_punch,0.30333333333333334
96720,96970,no_punch,0.25333333333333335
96760,97010,no_punch,0.31666666666666665
96800,97050,no_punch,0.30666666666666664
96840,97090,no_punch,0.31
96880,97130,no_punch,0.30333333333333334
96920,97170,no_punch,0.32
96960,97210,no_punch,0.3333333333333333
97000,97250,no_punch,0.3466666666666667
97040,97290,no_punch,0.3566666666666667
97080,97330,no_punch,0.37666666666666665
97120,97370,no_punch,0.34
97160,97410,no_punch,0.46
97200,97450,no_punch,0.44
97240,97490,no_punch,0.39
97280,97530,no_punch,0.35
97320,97570,no_punch,0.31666666666666665
97360,97610,no_punch,0.3233333333333333
97400,97650,no_punch,0.42333333333333334
97440,97690,no_punch,0.44666666666666666
97480,97730,punch,0.56
97520,97770,no_punch,0.4633333333333333
97560,97810,no_punch,0.44333333333333336
97600,97850,no_punch,0.34
97640,97890,no_punch,0.31333333333333335
97680,97930,no_punch,0.4033333333333333
97720,97970,no_punch,0.39666666666666667
97760,98010,no_punch,0.43333333333333335
97800,98050,punch,0.5333333333333333
97840,98090,punch,0.5533333333333333
97880,98130,punch,0.6233333333333333
97920,98170,punch,0.68
97960,98210,no_punch,0.49333333333333335
98000,98250,no_punch,0.43
98040,98290,no_punch,0.2866666666666667
98080,98330,no_punch,0.32666666666666666
98120,98370,no_punch,0.30666666666666664
98160,98410,no_punch,0.36
98200,98450,no_punch,0.4033333333333333
98240,98490,no_punch,0.32666666666666666
98280,98530,no_punch,0.30333333333333334
98320,98570,no_punch,0.2866666666666667
98360,98610,no_punch,0.3433333333333333
98400,98650,no_punch,0.3333333333333333
98440,98690,no_punch,0.38
98480,98730,no_punch,0.41333333333333333
98520,98770,no_punch,0.41
98560,98810,no_punch,0.4166666666666667
98600,98850,no_punch,0.42333333333333334
98640,98890,no_punch,0.49333333333333335
98680,98930,no_punch,0.49666666666666665
98720,98970,no_punch,0.43
98760,99010,no_punch,0.43
98800,99050,no_punch,0.37
98840,99090,no_punch,0.34
98880,99130,no_punch,0.32
98920,99170,no_punch,0.36
98960,99210,no_punch,0.37666666666666665
99000,99250,no_punch,0.3933333333333333
99040,99290,no_punch,0.37333333333333335
99080,99330,no_punch,0.36
99120,99370,no_punch,0.38
99160,99410,no_punch,0.32666666666666666
99200,99450,no_punch,0.3
99240,99490,no_punch,0.3233333333333333
99280,99530,no_punch,0.3466666666666667
99320,99570,no_punch,0.30666666666666664
99360,99610,no_punch,0.28
99400,99650,no_punch,0.25
99440,99690,no_punch,0.27666666666666667
99480,99730,no_punch,0.2833333333333333
99520,99770,no_punch,0.2733333333333333
99560,99810,no_punch,0.27666666666666667
99600,99850,no_punch,0.31666666666666665
99640,99890,no_punch,0.3566666666666667
99680,99930,no_punch,0.43
99720,99970,no_punch,0.4033333333333333
99760,100010,no_punch,0.30666666666666664
99800,100050,no_punch,0.32
99840,100090,no_punch,0.35333333333333333
99880,100130,no_punch,0.31333333333333335
99920,100170,no_punch,0.3466666666666667
99960,100210,no_punch,0.33
100000,100250,no_punch,0.37333333333333335
100040,100290,no_punch,0.4033333333333333
100080,100330,no_punch,0.3433333333333333
100120,100370,no_punch,0.3433333333333333
100160,100410,no_punch,0.31333333333333335
100200,100450,no_punch,0.31666666666666665
100240,100490,no_punch,0.32
100280,100530,no_punch,0.32
100320,100570,no_punch,0.31333333333333335
100360,100610,no_punch,0.3
100400,100650,no_punch,0.32
100440,100690,no_punch,0.2966666666666667
100480,100730,no_punch,0.27666666666666667
100520,100770,no_punch,0.27666666666666667
100560,100810,no_punch,0.2833333333333333
100600,100850,no_punch,0.36
100640,100890,no_punch,0.46
100680,100930,no_punch,0.4633333333333333
100720,100970,punch,0.5366666666666666
100760,101010,punch,0.5033333333333333
100800,101050,no_punch,0.44666666666666666
100840,101090,no_punch,0.41
100880,101130,no_punch,0.36
100920,101170,no_punch,0.4766666666666667
100960,101210,no_punch,0.45666666666666667
101000,101250,no_punch,0.44
101040,101290,punch,0.5533333333333333
101080,101330,punch,0.6166666666666667
101120,101370,punch,0.6666666666666666
101160,101410,punch,0.66
101200,101450,punch,0.6566666666666666
101240,101490,no_punch,0.37
101280,101530,no_punch,0.3333333333333333
101320,101570,no_punch,0.35
101360,101610,no_punch,0.38666666666666666
101400,101650,no_punch,0.37333333333333335
101440,101690,no_punch,0.3233333333333333
101480,101730,no_punch,0.2833333333333333
101520,101770,no_punch,0.2866666666666667
101560,101810,no_punch,0.34
101600,101850,no_punch,0.38666666666666666
101640,101890,no_punch,0.37666666666666665
101680,101930,no_punch,0.47
101720,101970,punch,0.5366666666666666
101760,102010,punch,0.6033333333333334
101800,102050,punch,0.6033333333333334
101840,102090,punch,0.52
101880,102130,no_punch,0.4666666666666667
101920,102170,no_punch,0.45
101960,102210,no_punch,0.43333333333333335
102000,102250,no_punch,0.4166666666666667
102040,102290,no_punch,0.36333333333333334
102080,102330,no_punch,0.3433333333333333
102120,102370,no_punch,0.3233333333333333
102160,102410,no_punch,0.33
102200,102450,no_punch,0.37333333333333335
102240,102490,no_punch,0.38666666666666666
102280,102530,no_punch,0.44333333333333336
102320,102570,no_punch,0.39
102360,102610,no_punch,0.45666666666666667
102400,102650,no_punch,0.48
102440,102690,no_punch,0.46
102480,102730,no_punch,0.45666666666666667
102520,102770,no_punch,0.46
102560,102810,no_punch,0.44666666666666666
102600,102850,no_punch,0.44333333333333336
102640,102890,no_punch,0.44
102680,102930,no_punch,0.33
102720,102970,no_punch,0.35
102760,103010,no_punch,0.3566666666666667
102800,103050,no_punch,0.37333333333333335
102840,103090,no_punch,0.45666666666666667
102880,103130,no_punch,0.37666666666666665
102920,103170,no_punch,0.37
102960,103210,no_punch,0.3466666666666667
103000,103250,no_punch,0.31666666666666665
103040,103290,no_punch,0.23333333333333334
103080,103330,no_punch,0.22666666666666666
103120,103370,no_punch,0.22333333333333333
103160,103410,no_punch,0.2633333333333333
103200,103450,no_punch,0.26666666666666666
103240,103490,no_punch,0.25
103280,103530,no_punch,0.23666666666666666
103320,103570,no_punch,0.2733333333333333
103360,103610,no_punch,0.3
103400,103650,no_punch,0.31666666666666665
103440,103690,no_punch,0.3233333333333333
103480,103730,no_punch,0.3433333333333333
103520,103770,no_punch,0.4033333333333333
103560,103810,no_punch,0.38333333333333336
103600,103850,no_punch,0.4
103640,103890,no_punch,0.4166666666666667
103680,103930,no_punch,0.37333333333333335
103720,103970,no_punch,0.36666666666666664
103760,104010,no_punch,0.38
103800,104050,no_punch,0.36333333333333334
103840,104090,no_punch,0.35333333333333333
103880,104130,no_punch,0.37333333333333335
103920,104170,no_punch,0.4066666666666667
103960,104210,no_punch,0.48
104000,104250,no_punch,0.4866666666666667
104040,104290,no_punch,0.4166666666666667
104080,104330,no_punch,0.4166666666666667
104120,104370,no_punch,0.38666666666666666
104160,104410,no_punch,0.27
104200,104450,no_punch,0.32
104240,104490,no_punch,0.39666666666666667
104280,104530,no_punch,0.47
104320,104570,punch,0.5666666666666667
104360,104610,punch,0.5966666666666667
104400,104650,punch,0.63
104440,104690,punch,0.64
104480,104730,punch,0.6833333333333333
104520,104770,punch,0.53
104560,104810,no_punch,0.23333333333333334
104600,104850,no_punch,0.3
104640,104890,no_punch,0.31333333333333335
104680,104930,no_punch,0.4066666666666667
104720,104970,no_punch,0.36333333333333334
104760,105010,no_punch,0.34
104800,105050,no_punch,0.30666666666666664
104840,105090,no_punch,0.33
104880,105130,no_punch,0.35333333333333333
104920,105170,no_punch,0.37666666666666665
104960,105210,no_punch,0.41
105000,105250,no_punch,0.46
105040,105290,no_punch,0.4533333333333333
105080,105330,no_punch,0.4666666666666667
105120,105370,no_punch,0.48333333333333334
105160,105410,no_punch,0.43666666666666665
105200,105450,no_punch,0.38
105240,105490,no_punch,0.4066666666666667
105280,105530,no_punch,0.4266666666666667
105320,105570,no_punch,0.39666666666666667
105360,105610,no_punch,0.38333333333333336
105400,105650,no_punch,0.33666666666666667
105440,105690,no_punch,0.3233333333333333
105480,105730,no_punch,0.3233333333333333
105520,105770,no_punch,0.33666666666666667
105560,105810,no_punch,0.44666666666666666
105600,105850,no_punch,0.44333333333333336
105640,105890,no_punch,0.38
105680,105930,no_punch,0.3333333333333333
105720,105970,no_punch,0.3233333333333333
105760,106010,no_punch,0.30666666666666664
105800,106050,no_punch,0.28
105840,106090,no_punch,0.29
105880,106130,no_punch,0.3
105920,106170,no_punch,0.32
105960,106210,no_punch,0.32
106000,106250,no_punch,0.33
106040,106290,no_punch,0.26666666666666666
106080,106330,no_punch,0.25
106120,106370,no_punch,0.26
106160,106410,no_punch,0.26666666666666666
106200,106450,no_punch,0.32666666666666666
106240,106490,no_punch,0.35333333333333333
106280,106530,no_punch,0.31333333333333335
106320,106570,no_punch,0.2633333333333333
106360,106610,no_punch,0.2833333333333333
106400,106650,no_punch,0.2633333333333333
106440,106690,no_punch,0.20666666666666667
106480,106730,no_punch,0.18
106520,106770,no_punch,0.18333333333333332
106560,106810,no_punch,0.19333333333333333
106600,106850,no_punch,0.22333333333333333
106640,106890,no_punch,0.21
106680,106930,no_punch,0.2633333333333333
106720,106970,no_punch,0.29
106760,107010,no_punch,0.3233333333333333
106800,107050,no_punch,0.31666666666666665
106840,107090,no_punch,0.3
106880,107130,no_punch,0.2966666666666667
106920,107170,no_punch,0.31
106960,107210,no_punch,0.3233333333333333
107000,107250,no_punch,0.38
107040,107290,no_punch,0.4
107080,107330,no_punch,0.43666666666666665
107120,107370,no_punch,0.44333333333333336
107160,107410,no_punch,0.42333333333333334
107200,107450,no_punch,0.4166666666666667
107240,107490,no_punch,0.46
107280,107530,punch,0.5033333333333333
107320,107570,punch,0.5133333333333333
107360,107610,punch,0.51
107400,107650,no_punch,0.4633333333333333
107440,107690,no_punch,0.49
107480,107730,no_punch,0.39666666666666667
107520,107770,no_punch,0.42333333333333334
107560,107810,no_punch,0.4066666666666667
107600,107850,no_punch,0.47333333333333333
107640,107890,no_punch,0.49333333333333335
107680,107930,no_punch,0.45666666666666667
107720,107970,no_punch,0.44333333333333336
107760,108010,no_punch,0.38333333333333336
107800,108050,no_punch,0.4166666666666667
107840,108090,no_punch,0.4533333333333333
107880,108130,no_punch,0.2866666666666667
107920,108170,no_punch,0.29333333333333333
107960,108210,no_punch,0.3
108000,108250,no_punch,0.27666666666666667
108040,108290,no_punch,0.26
108080,108330,no_punch,0.20666666666666667
108120,108370,no_punch,0.25666666666666665
108160,108410,no_punch,0.25333333333333335
108200,108450,no_punch,0.2866666666666667
108240,108490,no_punch,0.3233333333333333
108280,108530,no_punch,0.34
108320,108570,no_punch,0.35
108360,108610,no_punch,0.34
108400,108650,no_punch,0.32
108440,108690,no_punch,0.24666666666666667
108480,108730,no_punch,0.24
108520,108770,no_punch,0.20333333333333334
108560,108810,no_punch,0.22
108600,108850,no_punch,0.28
108640,108890,no_punch,0.41
108680,108930,punch,0.5533333333333333
108720,108970,punch,0.5733333333333334
108760,109010,punch,0.5766666666666667
108800,109050,punch,0.56
108840,109090,no_punch,0.5
108880,109130,no_punch,0.44666666666666666
108920,109170,no_punch,0.36
108960,109210,no_punch,0.4
109000,109250,no_punch,0.41
109040,109290,no_punch,0.39
109080,109330,no_punch,0.4033333333333333
109120,109370,no_punch,0.39666666666666667
109160,109410,no_punch,0.39
109200,109450,no_punch,0.4033333333333333
109240,109490,no_punch,0.35
109280,109530,no_punch,0.30333333333333334
109320,109570,no_punch,0.27
109360,109610,no_punch,0.26
109400,109650,no_punch,0.26666666666666666
109440,109690,no_punch,0.3
109480,109730,no_punch,0.28
109520,109770,no_punch,0.2733333333333333
109560,109810,no_punch,0.2966666666666667
109600,109850,no_punch,0.3233333333333333
109640,109890,no_punch,0.29333333333333333
109680,109930,no_punch,0.2733333333333333
109720,109970,no_punch,0.3
109760,110010,no_punch,0.39
109800,110050,no_punch,0.43333333333333335
109840,110090,no_punch,0.4666666666666667
109880,110130,no_punch,0.4
109920,110170,no_punch,0.3233333333333333
109960,110210,no_punch,0.30333333333333334
110000,110250,no_punch,0.3233333333333333
110040,110290,no_punch,0.27666666666666667
110080,110330,no_punch,0.33
110120,110370,no_punch,0.34
110160,110410,no_punch,0.38333333333333336
110200,110450,no_punch,0.42333333333333334
110240,110490,punch,0.5233333333333333
110280,110530,punch,0.5033333333333333
110320,110570,no_punch,0.46
110360,110610,no_punch,0.38333333333333336
110400,110650,no_punch,0.3566666666666667
110440,110690,no_punch,0.33
110480,110730,no_punch,0.34
110520,110770,no_punch,0.34
110560,110810,no_punch,0.35333333333333333
110600,110850,no_punch,0.34
110640,110890,no_punch,0.3433333333333333
110680,110930,no_punch,0.31
110720,110970,no_punch,0.27666666666666667
110760,111010,no_punch,0.29
110800,111050,no_punch,0.30666666666666664
110840,111090,no_punch,0.31
110880,111130,no_punch,0.3
110920,111170,no_punch,0.36333333333333334
110960,111210,no_punch,0.38333333333333336
111000,111250,no_punch,0.42
111040,111290,punch,0.5333333333333333
111080,111330,punch,0.56
111120,111370,no_punch,0.3933333333333333
111160,111410,no_punch,0.3566666666666667
111200,111450,no_punch,0.4033333333333333
111240,111490,no_punch,0.4266666666666667
111280,111530,no_punch,0.44
111320,111570,punch,0.6133333333333333
111360,111610,punch,0.6166666666666667
111400,111650,punch,0.57
111440,111690,punch,0.5333333333333333
111480,111730,punch,0.5066666666666667
111520,111770,punch,0.51
111560,111810,no_punch,0.4033333333333333
111600,111850,no_punch,0.3333333333333333
111640,111890,no_punch,0.29333333333333333
111680,111930,no_punch,0.35
111720,111970,no_punch,0.3566666666666667
111760,112010,no_punch,0.5
111800,112050,no_punch,0.49
111840,112090,no_punch,0.36
111880,112130,no_punch,0.34
111920,112170,no_punch,0.38333333333333336
111960,112210,no_punch,0.36666666666666664
112000,112250,no_punch,0.39
112040,112290,no_punch,0.4533333333333333
112080,112330,punch,0.54
112120,112370,punch,0.5533333333333333
112160,112410,punch,0.5666666666666667
112200,112450,punch,0.6266666666666667
112240,112490,punch,0.6033333333333334
112280,112530,no_punch,0.49666666666666665
112320,112570,no_punch,0.39666666666666667
112360,112610,no_punch,0.31333333333333335
112400,112650,no_punch,0.3
112440,112690,no_punch,0.30333333333333334
112480,112730,no_punch,0.30333333333333334
112520,112770,no_punch,0.30333333333333334
112560,112810,no_punch,0.33
112600,112850,no_punch,0.41
112640,112890,no_punch,0.43666666666666665
112680,112930,no_punch,0.39
112720,112970,no_punch,0.45
112760,113010,no_punch,0.44333333333333336
112800,113050,no_punch,0.47
112840,113090,no_punch,0.45
112880,113130,no_punch,0.42
112920,113170,no_punch,0.4533333333333333
112960,113210,no_punch,0.43666666666666665
113000,113250,no_punch,0.47
113040,113290,no_punch,0.44333333333333336
113080,113330,no_punch,0.3233333333333333
113120,113370,no_punch,0.33666666666666667
113160,113410,no_punch,0.38333333333333336
113200,113450,no_punch,0.36666666666666664
113240,113490,no_punch,0.36666666666666664
113280,113530,no_punch,0.37666666666666665
113320,113570,no_punch,0.36333333333333334
113360,113610,no_punch,0.38
113400,113650,no_punch,0.41
113440,113690,no_punch,0.41
113480,113730,no_punch,0.4
113520,113770,no_punch,0.36333333333333334
113560,113810,no_punch,0.3433333333333333
113600,113850,no_punch,0.3466666666666667
113640,113890,no_punch,0.33
113680,113930,no_punch,0.27
113720,113970,no_punch,0.29
113760,114010,no_punch,0.3433333333333333
113800,114050,no_punch,0.37
113840,114090,no_punch,0.37
113880,114130,no_punch,0.32666666666666666
113920,114170,no_punch,0.31666666666666665
113960,114210,no_punch,0.49
114000,114250,punch,0.6633333333333333
114040,114290,punch,0.5333333333333333
114080,114330,punch,0.5266666666666666
114120,114370,no_punch,0.4533333333333333
114160,114410,no_punch,0.32
114200,114450,no_punch,0.3333333333333333
114240,114490,no_punch,0.3466666666666667
114280,114530,no_punch,0.32666666666666666
114320,114570,no_punch,0.36333333333333334
114360,114610,no_punch,0.48
114400,114650,no_punch,0.4066666666666667
114440,114690,no_punch,0.3566666666666667
114480,114730,no_punch,0.38333333333333336
114520,114770,no_punch,0.43
114560,114810,no_punch,0.48
114600,114850,punch,0.5266666666666666
114640,114890,punch,0.5466666666666666
114680,114930,punch,0.6533333333333333
114720,114970,punch,0.6
114760,115010,no_punch,0.49666666666666665
114800,115050,punch,0.5133333333333333
114840,115090,punch,0.52
114880,115130,punch,0.5766666666666667
114920,115170,punch,0.5733333333333334
114960,115210,punch,0.5433333333333333
115000,115250,punch,0.5266666666666666
115040,115290,no_punch,0.32666666666666666
115080,115330,no_punch,0.2833333333333333
115120,115370,no_punch,0.2633333333333333
115160,115410,no_punch,0.3233333333333333
115200,115450,no_punch,0.34
115240,115490,no_punch,0.36666666666666664
115280,115530,no_punch,0.34
115320,115570,no_punch,0.3433333333333333
115360,115610,no_punch,0.33
115400,115650,no_punch,0.3
115440,115690,no_punch,0.29333333333333333
115480,115730,no_punch,0.30666666666666664
115520,115770,no_punch,0.31333333333333335
115560,115810,no_punch,0.28
115600,115850,no_punch,0.24
115640,115890,no_punch,0.23
115680,115930,no_punch,0.24
115720,115970,no_punch,0.24
115760,116010,no_punch,0.21666666666666667
115800,116050,no_punch,0.2833333333333333
115840,116090,no_punch,0.38666666666666666
115880,116130,no_punch,0.45666666666666667
115920,116170,punch,0.5866666666666667
115960,116210,punch,0.56
116000,116250,no_punch,0.49666666666666665
116040,116290,no_punch,0.45
116080,116330,no_punch,0.38666666666666666
116120,116370,no_punch,0.43666666666666665
116160,116410,no_punch,0.49666666666666665
116200,116450,punch,0.5333333333333333
116240,116490,punch,0.5533333333333333
116280,116530,punch,0.5866666666666667
116320,116570,punch,0.57
116360,116610,punch,0.5166666666666667
116400,116650,no_punch,0.42333333333333334
116440,116690,no_punch,0.39
116480,116730,punch,0.5033333333333333
116520,116770,no_punch,0.42333333333333334
116560,116810,no_punch,0.3933333333333333
116600,116850,no_punch,0.43
116640,116890,no_punch,0.39666666666666667
116680,116930,no_punch,0.39
116720,116970,no_punch,0.5
116760,117010,no_punch,0.4766666666666667
116800,117050,no_punch,0.44
116840,117090,no_punch,0.48333333333333334
116880,117130,punch,0.5066666666666667
116920,117170,punch,0.5866666666666667
116960,117210,punch,0.51
117000,117250,punch,0.5033333333333333
117040,117290,no_punch,0.3933333333333333
117080,117330,no_punch,0.3566666666666667
117120,117370,no_punch,0.37666666666666665
117160,117410,no_punch,0.31666666666666665
117200,117450,no_punch,0.39
117240,117490,no_punch,0.39
117280,117530,no_punch,0.4
117320,117570,no_punch,0.44333333333333336
117360,117610,no_punch,0.45
117400,117650,punch,0.52
117440,117690,punch,0.5233333333333333
117480,117730,no_punch,0.4866666666666667
117520,117770,no_punch,0.45666666666666667
117560,117810,no_punch,0.35333333333333333
117600,117850,no_punch,0.38333333333333336
117640,117890,no_punch,0.43666666666666665
117680,117930,punch,0.5333333333333333
117720,117970,no_punch,0.5
117760,118010,punch,0.5133333333333333
117800,118050,no_punch,0.4866666666666667
117840,118090,no_punch,0.4166666666666667
117880,118130,no_punch,0.31
117920,118170,no_punch,0.22666666666666666
117960,118210,no_punch,0.18666666666666668
118000,118250,no_punch,0.16666666666666666
118040,118290,no_punch,0.12666666666666668
118080,118330,no_punch,0.10666666666666667
118120,118370,no_punch,0.14666666666666667
118160,118410,no_punch,0.16666666666666666
118200,118450,no_punch,0.14333333333333334
118240,118490,no_punch,0.16666666666666666
118280,118530,no_punch,0.18333333333333332
118320,118570,no_punch,0.19666666666666666
118360,118610,no_punch,0.22333333333333333
118400,118650,no_punch,0.24
118440,118690,no_punch,0.27
118480,118730,no_punch,0.4666666666666667
118520,118770,punch,0.5366666666666666
118560,118810,punch,0.57
118600,118850,punch,0.5733333333333334
118640,118890,no_punch,0.4766666666666667
118680,118930,no_punch,0.3333333333333333
118720,118970,no_punch,0.24333333333333335
118760,119010,no_punch,0.31333333333333335
118800,119050,no_punch,0.3433333333333333
118840,119090,no_punch,0.30333333333333334
118880,119130,no_punch,0.2833333333333333
118920,119170,no_punch,0.25666666666666665
118960,119210,no_punch,0.25
119000,119250,no_punch,0.37
119040,119290,no_punch,0.4166666666666667
119080,119330,no_punch,0.5
119120,119370,no_punch,0.43
119160,119410,no_punch,0.37666666666666665
119200,119450,no_punch,0.4533333333333333
119240,119490,no_punch,0.45666666666666667
119280,119530,no_punch,0.4033333333333333
119320,119570,no_punch,0.47333333333333333
119360,119610,punch,0.52
119400,119650,punch,0.53
119440,119690,punch,0.5133333333333333
119480,119730,punch,0.5166666666666667
119520,119770,punch,0.5166666666666667
119560,119810,no_punch,0.4533333333333333
119600,119850,no_punch,0.43333333333333335
119640,119890,no_punch,0.41
119680,119930,no_punch,0.49666666666666665
119720,119970,no_punch,0.44
119760,120010,no_punch,0.43333333333333335
119800,120050,no_punch,0.3933333333333333
119840,120090,no_punch,0.42
119880,120130,no_punch,0.38666666666666666
119920,120170,no_punch,0.3466666666666667
119960,120210,no_punch,0.31333333333333335
120000,120250,no_punch,0.4
120040,120290,no_punch,0.39
120080,120330,punch,0.5033333333333333
120120,120370,punch,0.5233333333333333
120160,120410,punch,0.64
120200,120450,punch,0.5566666666666666
120240,120490,no_punch,0.38666666666666666
120280,120530,no_punch,0.4266666666666667
120320,120570,no_punch,0.4866666666666667
120360,120610,no_punch,0.4633333333333333
120400,120650,no_punch,0.48333333333333334
120440,120690,no_punch,0.5
120480,120730,punch,0.55
120520,120770,no_punch,0.5
120560,120810,no_punch,0.47333333333333333
120600,120850,no_punch,0.4166666666666667
120640,120890,no_punch,0.39666666666666667
120680,120930,no_punch,0.36
120720,120970,no_punch,0.3566666666666667
120760,121010,no_punch,0.36333333333333334
120800,121050,no_punch,0.32666666666666666
120840,121090,no_punch,0.31666666666666665
120880,121130,no_punch,0.32666666666666666
120920,121170,no_punch,0.3333333333333333
120960,121210,no_punch,0.33666666666666667
121000,121250,no_punch,0.35
121040,121290,no_punch,0.3433333333333333
121080,121330,no_punch,0.35333333333333333
121120,121370,no_punch,0.38666666666666666
121160,121410,no_punch,0.41
121200,121450,no_punch,0.5
121240,121490,no_punch,0.44
121280,121530,no_punch,0.3433333333333333
121320,121570,no_punch,0.2733333333333333
121360,121610,no_punch,0.19666666666666666
121400,121650,no_punch,0.17666666666666667
121440,121690,no_punch,0.19666666666666666
121480,121730,no_punch,0.17333333333333334
121520,121770,no_punch,0.2866666666666667
121560,121810,no_punch,0.2733333333333333
121600,121850,no_punch,0.3433333333333333
121640,121890,no_punch,0.35333333333333333
121680,121930,no_punch,0.36
121720,121970,no_punch,0.44666666666666666
121760,122010,no_punch,0.45
121800,122050,no_punch,0.44333333333333336
121840,122090,no_punch,0.4066666666666667
121880,122130,no_punch,0.35333333333333333
121920,122170,no_punch,0.33
121960,122210,no_punch,0.42333333333333334
122000,122250,no_punch,0.49
122040,122290,punch,0.5066666666666667
122080,122330,no_punch,0.45
122120,122370,no_punch,0.3
122160,122410,no_punch,0.26666666666666666
122200,122450,no_punch,0.2966666666666667
122240,122490,no_punch,0.27666666666666667
122280,122530,no_punch,0.35
122320,122570,no_punch,0.31666666666666665
122360,122610,no_punch,0.3933333333333333
122400,122650,no_punch,0.35
122440,122690,no_punch,0.2833333333333333
122480,122730,no_punch,0.24
122520,122770,no_punch,0.26666666666666666
122560,122810,no_punch,0.3233333333333333
122600,122850,no_punch,0.4033333333333333
122640,122890,no_punch,0.3566666666666667
122680,122930,no_punch,0.34
122720,122970,no_punch,0.4766666666666667
122760,123010,no_punch,0.5
122800,123050,no_punch,0.5
122840,123090,no_punch,0.49666666666666665
122880,123130,punch,0.5133333333333333
122920,123170,no_punch,0.44666666666666666
122960,123210,punch,0.56
123000,123250,punch,0.5633333333333334
123040,123290,punch,0.5166666666666667
123080,123330,punch,0.5433333333333333
123120,123370,punch,0.54
123160,123410,no_punch,0.43666666666666665
123200,123450,no_punch,0.39
123240,123490,no_punch,0.41
123280,123530,no_punch,0.38666666666666666
123320,123570,no_punch,0.43
123360,123610,no_punch,0.44666666666666666
123400,123650,no_punch,0.44
123440,123690,punch,0.5233333333333333
123480,123730,punch,0.5533333333333333
123520,123770,no_punch,0.48
123560,123810,no_punch,0.36333333333333334
123600,123850,no_punch,0.42333333333333334
123640,123890,no_punch,0.35333333333333333
123680,123930,no_punch,0.3566666666666667
123720,123970,no_punch,0.27666666666666667
123760,124010,no_punch,0.3233333333333333
123800,124050,no_punch,0.30333333333333334
123840,124090,no_punch,0.37666666666666665
123880,124130,no_punch,0.4166666666666667
123920,124170,no_punch,0.47
123960,124210,punch,0.5266666666666666
124000,124250,no_punch,0.4866666666666667
124040,124290,punch,0.5333333333333333
124080,124330,no_punch,0.41333333333333333
124120,124370,no_punch,0.42
124160,124410,no_punch,0.39
124200,124450,no_punch,0.33666666666666667
124240,124490,no_punch,0.3233333333333333
124280,124530,no_punch,0.32
124320,124570,no_punch,0.45
124360,124610,punch,0.5266666666666666
124400,124650,punch,0.5733333333333334
124440,124690,no_punch,0.49
124480,124730,no_punch,0.48
124520,124770,no_punch,0.49666666666666665
124560,124810,no_punch,0.43
124600,124850,no_punch,0.45666666666666667
124640,124890,punch,0.5633333333333334
124680,124930,punch,0.6033333333333334
124720,124970,punch,0.61
124760,125010,punch,0.5566666666666666
124800,125050,punch,0.5066666666666667
124840,125090,no_punch,0.49
124880,125130,no_punch,0.4533333333333333
124920,125170,no_punch,0.43
124960,125210,punch,0.5266666666666666
125000,125250,no_punch,0.48
125040,125290,punch,0.51
125080,125330,punch,0.52
125120,125370,no_punch,0.45
125160,125410,punch,0.5066666666666667
125200,125450,no_punch,0.49666666666666665
125240,125490,no_punch,0.49
125280,125530,punch,0.5133333333333333
125320,125570,punch,0.5233333333333333
125360,125610,no_punch,0.48333333333333334
125400,125650,punch,0.5166666666666667
125440,125690,no_punch,0.45
125480,125730,no_punch,0.45666666666666667
125520,125770,punch,0.52
125560,125810,punch,0.5633333333333334
125600,125850,punch,0.5033333333333333
125640,125890,punch,0.5133333333333333
125680,125930,no_punch,0.45666666666666667
125720,125970,no_punch,0.47
125760,126010,no_punch,0.3933333333333333
125800,126050,no_punch,0.38666666666666666
125840,126090,no_punch,0.41333333333333333
125880,126130,no_punch,0.47
125920,126170,no_punch,0.38333333333333336
125960,126210,no_punch,0.36
126000,126250,no_punch,0.38
126040,126290,no_punch,0.38
126080,126330,no_punch,0.36666666666666664
126120,126370,no_punch,0.41333333333333333
126160,126410,no_punch,0.4166666666666667
126200,126450,no_punch,0.34
126240,126490,no_punch,0.3566666666666667
126280,126530,no_punch,0.41
126320,126570,no_punch,0.45
126360,126610,no_punch,0.43
126400,126650,no_punch,0.37333333333333335
126440,126690,no_punch,0.43666666666666665
126480,126730,no_punch,0.47
126520,126770,no_punch,0.47333333333333333
126560,126810,no_punch,0.4166666666666667
126600,126850,no_punch,0.41333333333333333
126640,126890,no_punch,0.4166666666666667
126680,126930,no_punch,0.4666666666666667
126720,126970,no_punch,0.47333333333333333
126760,127010,punch,0.5433333333333333
126800,127050,punch,0.5666666666666667
126840,127090,punch,0.5633333333333334
126880,127130,no_punch,0.4766666666666667
126920,127170,no_punch,0.49
126960,127210,no_punch,0.4266666666666667
127000,127250,no_punch,0.39666666666666667
127040,127290,no_punch,0.5
127080,127330,no_punch,0.42
127120,127370,no_punch,0.4533333333333333
127160,127410,no_punch,0.44333333333333336
127200,127450,no_punch,0.44
127240,127490,no_punch,0.37333333333333335
127280,127530,no_punch,0.35333333333333333
127320,127570,no_punch,0.34
127360,127610,no_punch,0.4066666666666667
127400,127650,no_punch,0.49
127440,127690,punch,0.5466666666666666
127480,127730,no_punch,0.47333333333333333
127520,127770,punch,0.54
127560,127810,no_punch,0.42333333333333334
127600,127850,no_punch,0.4033333333333333
127640,127890,no_punch,0.4866666666666667
127680,127930,punch,0.6366666666666667
127720,127970,punch,0.6
127760,128010,punch,0.53
127800,128050,punch,0.5566666666666666
127840,128090,no_punch,0.4066666666666667
127880,128130,no_punch,0.34
127920,128170,no_punch,0.36333333333333334
127960,128210,no_punch,0.4
128000,128250,no_punch,0.38333333333333336
128040,128290,no_punch,0.37
128080,128330,no_punch,0.44666666666666666
128120,128370,no_punch,0.47
128160,128410,punch,0.5266666666666666
128200,128450,punch,0.5366666666666666
128240,128490,punch,0.5533333333333333
128280,128530,punch,0.56
128320,128570,no_punch,0.45666666666666667
128360,128610,no_punch,0.44333333333333336
128400,128650,punch,0.5633333333333334
128440,128690,punch,0.5033333333333333
128480,128730,no_punch,0.44
128520,128770,no_punch,0.4666666666666667
128560,128810,no_punch,0.4766666666666667
128600,128850,punch,0.5666666666666667
128640,128890,punch,0.5066666666666667
128680,128930,no_punch,0.42
128720,128970,no_punch,0.37666666666666665
128760,129010,no_punch,0.38666666666666666
128800,129050,no_punch,0.4666666666666667
128840,129090,no_punch,0.35333333333333333
128880,129130,no_punch,0.27666666666666667
128920,129170,no_punch,0.25333333333333335
128960,129210,no_punch,0.2966666666666667
129000,129250,no_punch,0.27666666666666667
129040,129290,no_punch,0.39666666666666667
129080,129330,no_punch,0.46
129120,129370,punch,0.5433333333333333
129160,129410,punch,0.5866666666666667
129200,129450,punch,0.6133333333333333
129240,129490,punch,0.6366666666666667
129280,129530,punch,0.6133333333333333
129320,129570,punch,0.5733333333333334
129360,129610,no_punch,0.48333333333333334
129400,129650,no_punch,0.37333333333333335
129440,129690,no_punch,0.37666666666666665
129480,129730,no_punch,0.3466666666666667
129520,129770,no_punch,0.33
129560,129810,no_punch,0.36333333333333334
129600,129850,no_punch,0.3466666666666667
129640,129890,no_punch,0.35333333333333333
129680,129930,no_punch,0.44
129720,129970,no_punch,0.45666666666666667
129760,130010,no_punch,0.3333333333333333
129800,130050,no_punch,0.3
129840,130090,no_punch,0.2733333333333333
129880,130130,no_punch,0.3
129920,130170,no_punch,0.32
129960,130210,no_punch,0.29333333333333333
130000,130250,no_punch,0.3
130040,130290,no_punch,0.26666666666666666
130080,130330,no_punch,0.33
130120,130370,no_punch,0.36
130160,130410,no_punch,0.35333333333333333
130200,130450,no_punch,0.35
130240,130490,no_punch,0.36
130280,130530,no_punch,0.45
130320,130570,punch,0.5333333333333333
130360,130610,punch,0.58
130400,130650,punch,0.6066666666666667
130440,130690,punch,0.6566666666666666
130480,130730,punch,0.6033333333333334
130520,130770,punch,0.5966666666666667
130560,130810,punch,0.5633333333333334
130600,130850,no_punch,0.2866666666666667
130640,130890,no_punch,0.31
130680,130930,no_punch,0.2866666666666667
130720,130970,no_punch,0.2833333333333333
130760,131010,no_punch,0.2633333333333333
130800,131050,no_punch,0.2966666666666667
130840,131090,no_punch,0.32666666666666666
130880,131130,no_punch,0.38333333333333336
130920,131170,no_punch,0.42333333333333334
130960,131210,no_punch,0.37333333333333335
131000,131250,no_punch,0.3233333333333333
131040,131290,no_punch,0.31
131080,131330,no_punch,0.31
131120,131370,no_punch,0.3466666666666667
131160,131410,no_punch,0.4033333333333333
131200,131450,no_punch,0.4766666666666667
131240,131490,punch,0.5733333333333334
131280,131530,punch,0.5233333333333333
131320,131570,no_punch,0.48
131360,131610,no_punch,0.49666666666666665
131400,131650,no_punch,0.3933333333333333
131440,131690,no_punch,0.32
131480,131730,no_punch,0.4666666666666667
131520,131770,no_punch,0.4866666666666667
131560,131810,punch,0.5066666666666667
131600,131850,punch,0.53
131640,131890,no_punch,0.4033333333333333
131680,131930,no_punch,0.3933333333333333
131720,131970,no_punch,0.43
131760,132010,no_punch,0.42
131800,132050,no_punch,0.39
131840,132090,no_punch,0.2733333333333333
131880,132130,no_punch,0.30333333333333334
131920,132170,no_punch,0.25333333333333335
131960,132210,no_punch,0.42333333333333334
132000,132250,no_punch,0.47
132040,132290,no_punch,0.48
132080,132330,no_punch,0.43333333333333335
132120,132370,no_punch,0.30333333333333334
132160,132410,no_punch,0.3233333333333333
132200,132450,no_punch,0.27
132240,132490,no_punch,0.31
132280,132530,no_punch,0.30666666666666664
132320,132570,no_punch,0.30333333333333334
132360,132610,no_punch,0.37
132400,132650,no_punch,0.45666666666666667
132440,132690,no_punch,0.45666666666666667
132480,132730,no_punch,0.37333333333333335
132520,132770,no_punch,0.37
132560,132810,no_punch,0.32666666666666666
132600,132850,no_punch,0.33
132640,132890,no_punch,0.31
132680,132930,no_punch,0.29
132720,132970,no_punch,0.2833333333333333
132760,133010,no_punch,0.31666666666666665
132800,133050,no_punch,0.3566666666666667
132840,133090,no_punch,0.4
132880,133130,no_punch,0.3233333333333333
132920,133170,no_punch,0.24333333333333335
132960,133210,no_punch,0.27
133000,133250,no_punch,0.4266666666666667
133040,133290,no_punch,0.49666666666666665
133080,133330,no_punch,0.47333333333333333
133120,133370,no_punch,0.44666666666666666
133160,133410,no_punch,0.4266666666666667
133200,133450,no_punch,0.36666666666666664
133240,133490,no_punch,0.35
133280,133530,no_punch,0.2733333333333333
133320,133570,no_punch,0.31
133360,133610,no_punch,0.36666666666666664
133400,133650,no_punch,0.41333333333333333
133440,133690,no_punch,0.39
133480,133730,no_punch,0.41333333333333333
133520,133770,no_punch,0.48333333333333334
133560,133810,no_punch,0.41
133600,133850,no_punch,0.31666666666666665
133640,133890,no_punch,0.33
133680,133930,no_punch,0.3333333333333333
133720,133970,no_punch,0.31666666666666665
133760,134010,no_punch,0.35
133800,134050,no_punch,0.36333333333333334
133840,134090,no_punch,0.42333333333333334
133880,134130,no_punch,0.4533333333333333
133920,134170,no_punch,0.41333333333333333
133960,134210,no_punch,0.35333333333333333
134000,134250,no_punch,0.31666666666666665
134040,134290,no_punch,0.36333333333333334
134080,134330,no_punch,0.36
134120,134370,no_punch,0.29333333333333333
134160,134410,no_punch,0.33
134200,134450,no_punch,0.38333333333333336
134240,134490,no_punch,0.3933333333333333
134280,134530,no_punch,0.39666666666666667
134320,134570,no_punch,0.4066666666666667
134360,134610,no_punch,0.37666666666666665
134400,134650,no_punch,0.38
134440,134690,no_punch,0.35333333333333333
134480,134730,no_punch,0.30333333333333334
134520,134770,no_punch,0.3433333333333333
134560,134810,no_punch,0.4533333333333333
134600,134850,no_punch,0.4533333333333333
134640,134890,punch,0.5066666666666667
134680,134930,punch,0.5366666666666666
134720,134970,punch,0.5533333333333333
134760,135010,punch,0.53
134800,135050,no_punch,0.42333333333333334
134840,135090,no_punch,0.38666666666666666
134880,135130,punch,0.55
134920,135170,punch,0.57
134960,135210,punch,0.55
135000,135250,punch,0.52
135040,135290,no_punch,0.48
135080,135330,no_punch,0.4266666666666667
135120,135370,no_punch,0.49666666666666665
135160,135410,no_punch,0.4666666666666667
135200,135450,no_punch,0.4533333333333333
135240,135490,no_punch,0.43333333333333335
135280,135530,no_punch,0.35
135320,135570,no_punch,0.33666666666666667
135360,135610,no_punch,0.2866666666666667
135400,135650,no_punch,0.22333333333333333
135440,135690,no_punch,0.23666666666666666
135480,135730,no_punch,0.2866666666666667
135520,135770,no_punch,0.31666666666666665
135560,135810,no_punch,0.3433333333333333
135600,135850,no_punch,0.37
135640,135890,no_punch,0.4
135680,135930,no_punch,0.4266666666666667
135720,135970,no_punch,0.44
135760,136010,no_punch,0.45
135800,136050,no_punch,0.47333333333333333
135840,136090,punch,0.5733333333333334
135880,136130,punch,0.6033333333333334
135920,136170,punch,0.52
135960,136210,no_punch,0.4766666666666667
136000,136250,no_punch,0.4033333333333333
136040,136290,no_punch,0.37666666666666665
136080,136330,no_punch,0.3433333333333333
136120,136370,no_punch,0.4033333333333333
136160,136410,no_punch,0.38666666666666666
136200,136450,no_punch,0.4066666666666667
136240,136490,no_punch,0.44666666666666666
136280,136530,no_punch,0.4633333333333333
136320,136570,no_punch,0.45
136360,136610,no_punch,0.4266666666666667
136400,136650,no_punch,0.44
136440,136690,no_punch,0.35333333333333333
136480,136730,no_punch,0.32666666666666666
136520,136770,no_punch,0.28
136560,136810,no_punch,0.2866666666666667
136600,136850,no_punch,0.30666666666666664
136640,136890,no_punch,0.32
136680,136930,no_punch,0.2866666666666667
136720,136970,no_punch,0.31
136760,137010,no_punch,0.2833333333333333
136800,137050,no_punch,0.27
136840,137090,no_punch,0.24333333333333335
136880,137130,no_punch,0.26
136920,137170,no_punch,0.23666666666666666
136960,137210,no_punch,0.24
137000,137250,no_punch,0.32666666666666666
137040,137290,no_punch,0.41
137080,137330,no_punch,0.3933333333333333
137120,137370,no_punch,0.37333333333333335
137160,137410,no_punch,0.34
137200,137450,no_punch,0.3933333333333333
137240,137490,no_punch,0.3933333333333333
137280,137530,no_punch,0.37666666666666665
137320,137570,no_punch,0.4166666666666667
137360,137610,no_punch,0.38666666666666666
137400,137650,no_punch,0.3566666666666667
137440,137690,no_punch,0.4033333333333333
137480,137730,no_punch,0.4
137520,137770,no_punch,0.42
137560,137810,no_punch,0.47333333333333333
137600,137850,no_punch,0.4633333333333333
137640,137890,no_punch,0.42333333333333334
137680,137930,no_punch,0.34
137720,137970,no_punch,0.2966666666666667
137760,138010,no_punch,0.22666666666666666
137800,138050,no_punch,0.23666666666666666
137840,138090,no_punch,0.26666666666666666
137880,138130,no_punch,0.27666666666666667
137920,138170,no_punch,0.32
137960,138210,no_punch,0.36
138000,138250,no_punch,0.44333333333333336
138040,138290,no_punch,0.4533333333333333
138080,138330,no_punch,0.45666666666666667
138120,138370,no_punch,0.49333333333333335
138160,138410,no_punch,0.48
138200,138450,no_punch,0.37666666666666665
138240,138490,no_punch,0.4166666666666667
138280,138530,no_punch,0.47
138320,138570,punch,0.5333333333333333
138360,138610,punch,0.51
138400,138650,no_punch,0.5
138440,138690,no_punch,0.48
138480,138730,no_punch,0.4266666666666667
138520,138770,no_punch,0.36
138560,138810,no_punch,0.38666666666666666
138600,138850,no_punch,0.37
138640,138890,punch,0.52
138680,138930,punch,0.6233333333333333
138720,138970,punch,0.5833333333333334
138760,139010,punch,0.5566666666666666
138800,139050,punch,0.5566666666666666
138840,139090,no_punch,0.42333333333333334
138880,139130,no_punch,0.38666666666666666
138920,139170,no_punch,0.44666666666666666
138960,139210,no_punch,0.37333333333333335
139000,139250,no_punch,0.28
139040,139290,no_punch,0.25666666666666665
139080,139330,no_punch,0.19
139120,139370,no_punch,0.23
139160,139410,no_punch,0.23333333333333334
139200,139450,no_punch,0.28
139240,139490,no_punch,0.42
139280,139530,no_punch,0.46
139320,139570,no_punch,0.43333333333333335
139360,139610,no_punch,0.41
139400,139650,no_punch,0.41333333333333333
139440,139690,no_punch,0.37
139480,139730,no_punch,0.3566666666666667
139520,139770,no_punch,0.34
139560,139810,no_punch,0.31666666666666665
139600,139850,no_punch,0.2866666666666667
139640,139890,no_punch,0.3333333333333333
139680,139930,no_punch,0.30666666666666664
139720,139970,no_punch,0.4033333333333333
139760,140010,no_punch,0.4666666666666667
139800,140050,no_punch,0.41333333333333333
139840,140090,no_punch,0.42333333333333334
139880,140130,no_punch,0.37
139920,140170,no_punch,0.3566666666666667
139960,140210,no_punch,0.37333333333333335
140000,140250,no_punch,0.33
140040,140290,no_punch,0.4066666666666667
140080,140330,no_punch,0.41333333333333333
140120,140370,no_punch,0.4066666666666667
140160,140410,no_punch,0.3566666666666667
140200,140450,no_punch,0.29333333333333333
140240,140490,no_punch,0.24333333333333335
140280,140530,no_punch,0.21333333333333335
140320,140570,no_punch,0.21333333333333335
140360,140610,no_punch,0.20333333333333334
140400,140650,no_punch,0.21333333333333335
140440,140690,no_punch,0.25
140480,140730,no_punch,0.3433333333333333
140520,140770,no_punch,0.42
140560,140810,no_punch,0.4
140600,140850,no_punch,0.4766666666666667
140640,140890,no_punch,0.49666666666666665
140680,140930,no_punch,0.47333333333333333
140720,140970,no_punch,0.4166666666666667
140760,141010,no_punch,0.3466666666666667
140800,141050,no_punch,0.4033333333333333
140840,141090,no_punch,0.37666666666666665
140880,141130,no_punch,0.4766666666666667
140920,141170,no_punch,0.45
140960,141210,no_punch,0.43
141000,141250,no_punch,0.4
141040,141290,no_punch,0.4
141080,141330,no_punch,0.44333333333333336
141120,141370,no_punch,0.48
141160,141410,no_punch,0.5
141200,141450,punch,0.58
141240,141490,punch,0.51
141280,141530,no_punch,0.37666666666666665
141320,141570,punch,0.5466666666666666
141360,141610,punch,0.5633333333333334
141400,141650,punch,0.6
141440,141690,punch,0.6566666666666666
141480,141730,punch,0.6966666666666667
141520,141770,punch,0.5566666666666666
141560,141810,no_punch,0.4666666666666667
141600,141850,no_punch,0.49666666666666665
141640,141890,no_punch,0.45666666666666667
141680,141930,punch,0.5433333333333333
141720,141970,no_punch,0.39
141760,142010,no_punch,0.35333333333333333
141800,142050,no_punch,0.31333333333333335
141840,142090,no_punch,0.3333333333333333
141880,142130,no_punch,0.3333333333333333
141920,142170,no_punch,0.31333333333333335
141960,142210,no_punch,0.34
142000,142250,no_punch,0.36333333333333334
142040,142290,no_punch,0.37
142080,142330,no_punch,0.4266666666666667
142120,142370,no_punch,0.35333333333333333
142160,142410,no_punch,0.36333333333333334
142200,142450,no_punch,0.2966666666666667
142240,142490,no_punch,0.31333333333333335
142280,142530,no_punch,0.2633333333333333
142320,142570,no_punch,0.29
142360,142610,no_punch,0.2633333333333333
142400,142650,no_punch,0.2733333333333333
142440,142690,no_punch,0.3333333333333333
142480,142730,no_punch,0.3433333333333333
142520,142770,no_punch,0.35333333333333333
142560,142810,no_punch,0.3
142600,142850,no_punch,0.3
142640,142890,no_punch,0.28
142680,142930,no_punch,0.31
142720,142970,no_punch,0.30333333333333334
142760,143010,no_punch,0.3
142800,143050,no_punch,0.28
142840,143090,no_punch,0.26666666666666666
142880,143130,no_punch,0.23
142920,143170,no_punch,0.2633333333333333
142960,143210,no_punch,0.4033333333333333
143000,143250,no_punch,0.4866666666666667
143040,143290,no_punch,0.5
143080,143330,no_punch,0.45
143120,143370,no_punch,0.47333333333333333
143160,143410,no_punch,0.41333333333333333
143200,143450,no_punch,0.37333333333333335
143240,143490,no_punch,0.36
143280,143530,no_punch,0.21666666666666667
143320,143570,no_punch,0.4066666666666667
143360,143610,no_punch,0.4
143400,143650,no_punch,0.4533333333333333
143440,143690,no_punch,0.46
143480,143730,no_punch,0.48
143520,143770,punch,0.5133333333333333
143560,143810,punch,0.5233333333333333
143600,143850,punch,0.5533333333333333
143640,143890,no_punch,0.49333333333333335
143680,143930,no_punch,0.39666666666666667
143720,143970,no_punch,0.24
143760,144010,no_punch,0.26
143800,144050,no_punch,0.23666666666666666
143840,144090,no_punch,0.25
143880,144130,no_punch,0.28
143920,144170,no_punch,0.31666666666666665
143960,144210,no_punch,0.44333333333333336
144000,144250,no_punch,0.4666666666666667
144040,144290,punch,0.5033333333333333
144080,144330,no_punch,0.30666666666666664
144120,144370,no_punch,0.31333333333333335
144160,144410,no_punch,0.2866666666666667
144200,144450,no_punch,0.31666666666666665
144240,144490,no_punch,0.31333333333333335
144280,144530,no_punch,0.37333333333333335
144320,144570,no_punch,0.38
144360,144610,no_punch,0.38333333333333336
144400,144650,no_punch,0.37666666666666665
144440,144690,no_punch,0.36333333333333334
144480,144730,no_punch,0.36333333333333334
144520,144770,no_punch,0.35
144560,144810,no_punch,0.38
144600,144850,no_punch,0.37333333333333335
144640,144890,no_punch,0.37
144680,144930,no_punch,0.36333333333333334
144720,144970,no_punch,0.32
144760,145010,no_punch,0.31666666666666665
144800,145050,no_punch,0.33666666666666667
144840,145090,no_punch,0.27
144880,145130,no_punch,0.25666666666666665
144920,145170,no_punch,0.23666666666666666
144960,145210,no_punch,0.23333333333333334
145000,145250,no_punch,0.24
145040,145290,no_punch,0.25
145080,145330,no_punch,0.2633333333333333
145120,145370,no_punch,0.26666666666666666
145160,145410,no_punch,0.24333333333333335
145200,145450,no_punch,0.23666666666666666
145240,145490,no_punch,0.25333333333333335
145280,145530,no_punch,0.4
145320,145570,no_punch,0.37666666666666665
145360,145610,no_punch,0.44666666666666666
145400,145650,no_punch,0.49333333333333335
145440,145690,no_punch,0.49333333333333335
145480,145730,no_punch,0.4766666666666667
145520,145770,no_punch,0.47333333333333333
145560,145810,no_punch,0.5
145600,145850,no_punch,0.26666666666666666
145640,145890,no_punch,0.4033333333333333
145680,145930,no_punch,0.44666666666666666
145720,145970,no_punch,0.44333333333333336
145760,146010,punch,0.5033333333333333
145800,146050,no_punch,0.4766666666666667
145840,146090,no_punch,0.49
145880,146130,punch,0.6066666666666667
145920,146170,punch,0.5766666666666667
145960,146210,punch,0.6
146000,146250,no_punch,0.41333333333333333
146040,146290,no_punch,0.42333333333333334
146080,146330,no_punch,0.36333333333333334
146120,146370,no_punch,0.49
146160,146410,no_punch,0.45
146200,146450,no_punch,0.24666666666666667
146240,146490,no_punch,0.2833333333333333
146280,146530,no_punch,0.27666666666666667
146320,146570,no_punch,0.37666666666666665
146360,146610,no_punch,0.44333333333333336
146400,146650,no_punch,0.44
146440,146690,no_punch,0.4166666666666667
146480,146730,no_punch,0.4266666666666667
146520,146770,no_punch,0.3566666666666667
146560,146810,no_punch,0.3433333333333333
146600,146850,no_punch,0.3566666666666667
146640,146890,no_punch,0.38333333333333336
146680,146930,no_punch,0.36666666666666664
146720,146970,no_punch,0.3466666666666667
146760,147010,no_punch,0.3233333333333333
146800,147050,no_punch,0.2833333333333333
146840,147090,no_punch,0.2733333333333333
146880,147130,no_punch,0.2833333333333333
146920,147170,no_punch,0.30333333333333334
146960,147210,no_punch,0.31666666666666665
147000,147250,no_punch,0.33
147040,147290,no_punch,0.2833333333333333
147080,147330,no_punch,0.27
147120,147370,no_punch,0.27666666666666667
147160,147410,no_punch,0.31
147200,147450,no_punch,0.31
147240,147490,no_punch,0.30666666666666664
147280,147530,no_punch,0.27666666666666667
147320,147570,no_punch,0.28
147360,147610,no_punch,0.27666666666666667
147400,147650,no_punch,0.28
147440,147690,no_punch,0.25666666666666665
147480,147730,no_punch,0.25333333333333335
147520,147770,no_punch,0.2833333333333333
147560,147810,no_punch,0.44666666666666666
147600,147850,no_punch,0.43
147640,147890,no_punch,0.45
147680,147930,no_punch,0.48333333333333334
147720,147970,no_punch,0.45666666666666667
147760,148010,no_punch,0.4266666666666667
147800,148050,no_punch,0.44666666666666666
147840,148090,no_punch,0.48
147880,148130,no_punch,0.43333333333333335
147920,148170,no_punch,0.38333333333333336
147960,148210,no_punch,0.42
148000,148250,no_punch,0.4866666666666667
148040,148290,no_punch,0.48
148080,148330,no_punch,0.4766666666666667
148120,148370,no_punch,0.4633333333333333
148160,148410,no_punch,0.49333333333333335
148200,148450,punch,0.5666666666666667
148240,148490,punch,0.5866666666666667
148280,148530,no_punch,0.3466666666666667
148320,148570,no_punch,0.32
148360,148610,no_punch,0.3233333333333333
148400,148650,no_punch,0.4633333333333333
148440,148690,no_punch,0.4166666666666667
148480,148730,no_punch,0.36333333333333334
148520,148770,no_punch,0.34
148560,148810,no_punch,0.38
148600,148850,no_punch,0.4666666666666667
148640,148890,punch,0.51
148680,148930,no_punch,0.43
148720,148970,no_punch,0.45
148760,149010,no_punch,0.42
148800,149050,no_punch,0.45
148840,149090,no_punch,0.43333333333333335
148880,149130,no_punch,0.4
148920,149170,no_punch,0.3433333333333333
148960,149210,no_punch,0.44666666666666666
149000,149250,no_punch,0.43666666666666665
149040,149290,no_punch,0.5
149080,149330,no_punch,0.49333333333333335
149120,149370,no_punch,0.49
149160,149410,no_punch,0.49
149200,149450,no_punch,0.49666666666666665
149240,149490,no_punch,0.43666666666666665
149280,149530,no_punch,0.3466666666666667
149320,149570,no_punch,0.30333333333333334
149360,149610,no_punch,0.30666666666666664
149400,149650,no_punch,0.32
149440,149690,no_punch,0.3433333333333333
149480,149730,no_punch,0.31333333333333335
149520,149770,no_punch,0.2966666666666667
149560,149810,no_punch,0.32666666666666666
149600,149850,no_punch,0.3333333333333333
149640,149890,no_punch,0.2733333333333333
149680,149930,no_punch,0.25
149720,149970,no_punch,0.2866666666666667
149760,150010,no_punch,0.4166666666666667
149800,150050,no_punch,0.3433333333333333
149840,150090,no_punch,0.36333333333333334
149880,150130,no_punch,0.44666666666666666
149920,150170,no_punch,0.4633333333333333
149960,150210,no_punch,0.4166666666666667
150000,150250,no_punch,0.4033333333333333
150040,150290,no_punch,0.4033333333333333
150080,150330,no_punch,0.37
150120,150370,no_punch,0.4033333333333333
150160,150410,no_punch,0.38
150200,150450,no_punch,0.30666666666666664
150240,150490,no_punch,0.26666666666666666
150280,150530,no_punch,0.2633333333333333
150320,150570,no_punch,0.31666666666666665
150360,150610,no_punch,0.3933333333333333
150400,150650,no_punch,0.46
150440,150690,punch,0.5133333333333333
150480,150730,punch,0.5133333333333333
150520,150770,punch,0.5233333333333333
150560,150810,no_punch,0.49
150600,150850,no_punch,0.4633333333333333
150640,150890,punch,0.52
150680,150930,punch,0.67
150720,150970,punch,0.62
150760,151010,punch,0.5933333333333334
150800,151050,punch,0.5266666666666666
150840,151090,no_punch,0.46
150880,151130,no_punch,0.3333333333333333
150920,151170,no_punch,0.3433333333333333
150960,151210,no_punch,0.38
151000,151250,no_punch,0.45666666666666667
151040,151290,no_punch,0.48333333333333334
151080,151330,no_punch,0.47333333333333333
151120,151370,no_punch,0.5
151160,151410,no_punch,0.43
151200,151450,no_punch,0.4066666666666667
151240,151490,no_punch,0.42333333333333334
151280,151530,no_punch,0.39
151320,151570,no_punch,0.45
151360,151610,punch,0.5133333333333333
151400,151650,no_punch,0.5
151440,151690,punch,0.56
151480,151730,punch,0.57
151520,151770,punch,0.51
151560,151810,no_punch,0.41
151600,151850,no_punch,0.3433333333333333
151640,151890,no_punch,0.3433333333333333
151680,151930,no_punch,0.3333333333333333
151720,151970,no_punch,0.49666666666666665
151760,152010,punch,0.56
151800,152050,punch,0.57
151840,152090,punch,0.54
151880,152130,punch,0.53
151920,152170,no_punch,0.44666666666666666
151960,152210,no_punch,0.4533333333333333
152000,152250,no_punch,0.39
152040,152290,no_punch,0.33
152080,152330,no_punch,0.31666666666666665
152120,152370,no_punch,0.36333333333333334
152160,152410,no_punch,0.41
152200,152450,no_punch,0.41
152240,152490,no_punch,0.38333333333333336
152280,152530,no_punch,0.37666666666666665
152320,152570,no_punch,0.35333333333333333
152360,152610,no_punch,0.3233333333333333
152400,152650,no_punch,0.41333333333333333
152440,152690,no_punch,0.42
152480,152730,no_punch,0.39666666666666667
152520,152770,no_punch,0.3333333333333333
152560,152810,no_punch,0.2633333333333333
152600,152850,no_punch,0.2733333333333333
152640,152890,no_punch,0.2
152680,152930,no_punch,0.20333333333333334
152720,152970,no_punch,0.23
152760,153010,no_punch,0.41
152800,153050,punch,0.5366666666666666
152840,153090,no_punch,0.48333333333333334
152880,153130,no_punch,0.4533333333333333
152920,153170,punch,0.5166666666666667
152960,153210,no_punch,0.48
153000,153250,punch,0.51
153040,153290,punch,0.6333333333333333
153080,153330,punch,0.6733333333333333
153120,153370,punch,0.55
153160,153410,no_punch,0.5
153200,153450,no_punch,0.43
153240,153490,no_punch,0.39
153280,153530,no_punch,0.42333333333333334
153320,153570,no_punch,0.4666666666666667
153360,153610,punch,0.5133333333333333
153400,153650,punch,0.52
153440,153690,punch,0.5766666666666667
153480,153730,no_punch,0.4633333333333333
153520,153770,no_punch,0.49333333333333335
153560,153810,no_punch,0.49666666666666665
153600,153850,no_punch,0.45666666666666667
153640,153890,no_punch,0.45666666666666667
153680,153930,no_punch,0.4633333333333333
153720,153970,no_punch,0.44666666666666666
153760,154010,no_punch,0.44
153800,154050,no_punch,0.4533333333333333
153840,154090,no_punch,0.4766666666666667
153880,154130,no_punch,0.43666666666666665
153920,154170,no_punch,0.4
153960,154210,no_punch,0.41333333333333333
154000,154250,no_punch,0.3433333333333333
154040,154290,no_punch,0.37
154080,154330,no_punch,0.3433333333333333
154120,154370,no_punch,0.35333333333333333
154160,154410,no_punch,0.29333333333333333
154200,154450,no_punch,0.3233333333333333
154240,154490,no_punch,0.37666666666666665
154280,154530,no_punch,0.43666666666666665
154320,154570,no_punch,0.38333333333333336
154360,154610,no_punch,0.3466666666666667
154400,154650,no_punch,0.3333333333333333
154440,154690,no_punch,0.36
154480,154730,no_punch,0.3466666666666667
154520,154770,no_punch,0.39
154560,154810,no_punch,0.33666666666666667
154600,154850,no_punch,0.30666666666666664
154640,154890,no_punch,0.33666666666666667
154680,154930,no_punch,0.37
154720,154970,no_punch,0.4666666666666667
154760,155010,no_punch,0.44666666666666666
154800,155050,no_punch,0.38666666666666666
154840,155090,no_punch,0.36666666666666664
154880,155130,no_punch,0.44333333333333336
154920,155170,no_punch,0.49666666666666665
154960,155210,punch,0.52
155000,155250,no_punch,0.42333333333333334
155040,155290,no_punch,0.3233333333333333
155080,155330,no_punch,0.31666666666666665
155120,155370,no_punch,0.3
155160,155410,no_punch,0.3333333333333333
155200,155450,no_punch,0.33666666666666667
155240,155490,no_punch,0.3466666666666667
155280,155530,no_punch,0.3933333333333333
155320,155570,no_punch,0.45666666666666667
155360,155610,no_punch,0.49666666666666665
155400,155650,no_punch,0.4766666666666667
155440,155690,no_punch,0.48
155480,155730,no_punch,0.46
155520,155770,no_punch,0.4033333333333333
155560,155810,no_punch,0.49666666666666665
155600,155850,no_punch,0.49
155640,155890,no_punch,0.46
155680,155930,no_punch,0.4266666666666667
155720,155970,no_punch,0.4166666666666667
155760,156010,no_punch,0.34
155800,156050,no_punch,0.2866666666666667
155840,156090,no_punch,0.2966666666666667
155880,156130,no_punch,0.3566666666666667
155920,156170,no_punch,0.4033333333333333
155960,156210,no_punch,0.45
156000,156250,no_punch,0.48
156040,156290,no_punch,0.4766666666666667
156080,156330,punch,0.5033333333333333
156120,156370,no_punch,0.3333333333333333
156160,156410,no_punch,0.32666666666666666
156200,156450,no_punch,0.34
156240,156490,no_punch,0.39
156280,156530,no_punch,0.42
156320,156570,no_punch,0.4666666666666667
156360,156610,punch,0.5833333333333334
156400,156650,punch,0.68
156440,156690,punch,0.5966666666666667
156480,156730,punch,0.5333333333333333
156520,156770,no_punch,0.4666666666666667
156560,156810,no_punch,0.44333333333333336
156600,156850,no_punch,0.4066666666666667
156640,156890,no_punch,0.49
156680,156930,punch,0.5666666666666667
156720,156970,punch,0.5833333333333334
156760,157010,punch,0.5533333333333333
156800,157050,punch,0.5466666666666666
156840,157090,no_punch,0.4666666666666667
156880,157130,no_punch,0.4766666666666667
156920,157170,no_punch,0.4666666666666667
156960,157210,no_punch,0.41333333333333333
157000,157250,no_punch,0.47
157040,157290,no_punch,0.47
157080,157330,no_punch,0.43
157120,157370,no_punch,0.3933333333333333
157160,157410,no_punch,0.35
157200,157450,no_punch,0.32
157240,157490,no_punch,0.25333333333333335
157280,157530,no_punch,0.30666666666666664
157320,157570,no_punch,0.3466666666666667
157360,157610,no_punch,0.37666666666666665
157400,157650,no_punch,0.37
157440,157690,no_punch,0.38333333333333336
157480,157730,no_punch,0.41
157520,157770,no_punch,0.42
157560,157810,no_punch,0.4266666666666667
157600,157850,no_punch,0.42333333333333334
157640,157890,no_punch,0.3433333333333333
157680,157930,no_punch,0.35
157720,157970,no_punch,0.36333333333333334
157760,158010,no_punch,0.38333333333333336
157800,158050,no_punch,0.37333333333333335
157840,158090,no_punch,0.35
157880,158130,no_punch,0.3566666666666667
157920,158170,no_punch,0.36666666666666664
157960,158210,no_punch,0.41
158000,158250,no_punch,0.39
158040,158290,no_punch,0.38666666666666666
158080,158330,no_punch,0.37666666666666665
158120,158370,no_punch,0.4066666666666667
158160,158410,no_punch,0.4766666666666667
158200,158450,no_punch,0.4633333333333333
158240,158490,no_punch,0.48333333333333334
158280,158530,no_punch,0.43
158320,158570,punch,0.5766666666666667
158360,158610,punch,0.6166666666666667
158400,158650,punch,0.5833333333333334
158440,158690,no_punch,0.5
158480,158730,no_punch,0.48333333333333334
158520,158770,no_punch,0.4866666666666667
158560,158810,no_punch,0.4533333333333333
158600,158850,no_punch,0.3933333333333333
158640,158890,no_punch,0.38666666666666666
158680,158930,no_punch,0.32666666666666666
158720,158970,no_punch,0.31666666666666665
158760,159010,no_punch,0.30333333333333334
158800,159050,no_punch,0.2866666666666667
158840,159090,no_punch,0.34
158880,159130,no_punch,0.39666666666666667
158920,159170,no_punch,0.44666666666666666
158960,159210,punch,0.5233333333333333
159000,159250,no_punch,0.49333333333333335
159040,159290,no_punch,0.49666666666666665
159080,159330,no_punch,0.4
159120,159370,no_punch,0.3466666666666667
159160,159410,no_punch,0.32
159200,159450,no_punch,0.37666666666666665
159240,159490,no_punch,0.4166666666666667
159280,159530,no_punch,0.46
159320,159570,no_punch,0.4166666666666667
159360,159610,no_punch,0.4166666666666667
159400,159650,no_punch,0.3433333333333333
159440,159690,no_punch,0.37333333333333335
159480,159730,no_punch,0.30333333333333334
159520,159770,no_punch,0.2733333333333333
159560,159810,no_punch,0.33666666666666667
159600,159850,no_punch,0.38
159640,159890,no_punch,0.3933333333333333
159680,159930,no_punch,0.42333333333333334
159720,159970,punch,0.5033333333333333
159760,160010,punch,0.6333333333333333
159800,160050,punch,0.61
159840,160090,no_punch,0.49
159880,160130,no_punch,0.29
159920,160170,no_punch,0.31
159960,160210,no_punch,0.30333333333333334
160000,160250,no_punch,0.29333333333333333
160040,160290,no_punch,0.28
160080,160330,no_punch,0.23666666666666666
160120,160370,no_punch,0.23333333333333334
160160,160410,no_punch,0.24333333333333335
160200,160450,no_punch,0.2866666666666667
160240,160490,no_punch,0.32666666666666666
160280,160530,no_punch,0.39666666666666667
160320,160570,no_punch,0.39666666666666667
160360,160610,no_punch,0.37666666666666665
160400,160650,no_punch,0.33666666666666667
160440,160690,no_punch,0.30666666666666664
160480,160730,no_punch,0.48333333333333334
160520,160770,no_punch,0.44333333333333336
160560,160810,no_punch,0.34
160600,160850,no_punch,0.25
160640,160890,no_punch,0.23
160680,160930,no_punch,0.26666666666666666
160720,160970,no_punch,0.25666666666666665
160760,161010,no_punch,0.25666666666666665
160800,161050,no_punch,0.27666666666666667
160840,161090,no_punch,0.35
160880,161130,no_punch,0.4533333333333333
160920,161170,no_punch,0.45
160960,161210,no_punch,0.4633333333333333
161000,161250,no_punch,0.3933333333333333
161040,161290,no_punch,0.3566666666666667
161080,161330,no_punch,0.32666666666666666
161120,161370,no_punch,0.36666666666666664
161160,161410,no_punch,0.38333333333333336
161200,161450,no_punch,0.49333333333333335
161240,161490,punch,0.54
161280,161530,punch,0.5633333333333334
161320,161570,punch,0.53
161360,161610,punch,0.5333333333333333
161400,161650,no_punch,0.43
161440,161690,no_punch,0.42333333333333334
161480,161730,punch,0.5466666666666666
161520,161770,punch,0.7133333333333334
161560,161810,punch,0.65
161600,161850,punch,0.6266666666666667
161640,161890,punch,0.5833333333333334
161680,161930,no_punch,0.49
161720,161970,no_punch,0.43333333333333335
161760,162010,no_punch,0.39666666666666667
161800,162050,no_punch,0.44666666666666666
161840,162090,no_punch,0.49666666666666665
161880,162130,no_punch,0.4766666666666667
161920,162170,punch,0.5133333333333333
161960,162210,no_punch,0.41
162000,162250,punch,0.5066666666666667
162040,162290,punch,0.5033333333333333
162080,162330,no_punch,0.4066666666666667
162120,162370,no_punch,0.39666666666666667
162160,162410,no_punch,0.45
162200,162450,punch,0.5233333333333333
162240,162490,punch,0.51
162280,162530,punch,0.5566666666666666
162320,162570,no_punch,0.49
162360,162610,no_punch,0.4766666666666667
162400,162650,no_punch,0.3933333333333333
162440,162690,no_punch,0.23333333333333334
162480,162730,no_punch,0.23333333333333334
162520,162770,no_punch,0.2733333333333333
162560,162810,no_punch,0.3433333333333333
162600,162850,no_punch,0.3233333333333333
162640,162890,no_punch,0.3433333333333333
162680,162930,no_punch,0.44666666666666666
162720,162970,punch,0.5233333333333333
162760,163010,punch,0.5733333333333334
162800,163050,no_punch,0.48
162840,163090,no_punch,0.49
162880,163130,no_punch,0.44
162920,163170,no_punch,0.43666666666666665
162960,163210,no_punch,0.4033333333333333
163000,163250,no_punch,0.35333333333333333
163040,163290,no_punch,0.32
163080,163330,no_punch,0.2966666666666667
163120,163370,no_punch,0.3
163160,163410,no_punch,0.2733333333333333
163200,163450,no_punch,0.33
163240,163490,no_punch,0.33666666666666667
163280,163530,no_punch,0.3233333333333333
163320,163570,no_punch,0.38666666666666666
163360,163610,no_punch,0.4266666666666667
163400,163650,no_punch,0.4266666666666667
163440,163690,no_punch,0.4633333333333333
163480,163730,no_punch,0.44333333333333336
163520,163770,no_punch,0.42
163560,163810,no_punch,0.44
163600,163850,no_punch,0.45666666666666667
163640,163890,no_punch,0.49
163680,163930,no_punch,0.4766666666666667
163720,163970,no_punch,0.48333333333333334
163760,164010,punch,0.53
163800,164050,punch,0.55
163840,164090,punch,0.5133333333333333
163880,164130,no_punch,0.5
163920,164170,no_punch,0.47333333333333333
163960,164210,no_punch,0.4
164000,164250,no_punch,0.3333333333333333
164040,164290,no_punch,0.29333333333333333
164080,164330,no_punch,0.31666666666666665
164120,164370,no_punch,0.36666666666666664
164160,164410,no_punch,0.34
164200,164450,no_punch,0.37666666666666665
164240,164490,no_punch,0.39
164280,164530,no_punch,0.38666666666666666
164320,164570,no_punch,0.36666666666666664
164360,164610,no_punch,0.3466666666666667
164400,164650,no_punch,0.39666666666666667
164440,164690,no_punch,0.42333333333333334
164480,164730,no_punch,0.42333333333333334
164520,164770,no_punch,0.2833333333333333
164560,164810,no_punch,0.27666666666666667
164600,164850,no_punch,0.23
164640,164890,no_punch,0.22333333333333333
164680,164930,no_punch,0.24666666666666667
164720,164970,no_punch,0.33
164760,165010,no_punch,0.4266666666666667
164800,165050,no_punch,0.48333333333333334
164840,165090,no_punch,0.5
164880,165130,punch,0.5833333333333334
164920,165170,punch,0.6066666666666667
164960,165210,punch,0.6366666666666667
165000,165250,punch,0.5233333333333333
165040,165290,no_punch,0.49666666666666665
165080,165330,no_punch,0.4633333333333333
165120,165370,no_punch,0.3466666666666667
165160,165410,no_punch,0.39666666666666667
165200,165450,no_punch,0.39666666666666667
165240,165490,no_punch,0.43
165280,165530,no_punch,0.49
165320,165570,no_punch,0.43666666666666665
165360,165610,no_punch,0.31666666666666665
165400,165650,no_punch,0.30666666666666664
165440,165690,no_punch,0.28
165480,165730,no_punch,0.2733333333333333
165520,165770,no_punch,0.26
165560,165810,no_punch,0.2833333333333333
165600,165850,no_punch,0.30666666666666664
165640,165890,no_punch,0.3
165680,165930,no_punch,0.4066666666666667
165720,165970,no_punch,0.39
165760,166010,no_punch,0.38
165800,166050,no_punch,0.4066666666666667
165840,166090,no_punch,0.46
165880,166130,punch,0.56
165920,166170,no_punch,0.47333333333333333
165960,166210,no_punch,0.44333333333333336
166000,166250,no_punch,0.36666666666666664
166040,166290,no_punch,0.2733333333333333
166080,166330,no_punch,0.24333333333333335
166120,166370,no_punch,0.26666666666666666
166160,166410,no_punch,0.34
166200,166450,no_punch,0.41333333333333333
166240,166490,no_punch,0.43666666666666665
166280,166530,no_punch,0.47333333333333333
166320,166570,no_punch,0.38666666666666666
166360,166610,no_punch,0.32666666666666666
166400,166650,no_punch,0.25666666666666665
166440,166690,no_punch,0.24
166480,166730,no_punch,0.25333333333333335
166520,166770,no_punch,0.27
166560,166810,no_punch,0.34
166600,166850,no_punch,0.3433333333333333
166640,166890,no_punch,0.34
166680,166930,no_punch,0.29333333333333333
166720,166970,no_punch,0.43333333333333335
166760,167010,no_punch,0.48
166800,167050,punch,0.5166666666666667
166840,167090,no_punch,0.38333333333333336
166880,167130,no_punch,0.36
166920,167170,no_punch,0.37666666666666665
166960,167210,no_punch,0.27666666666666667
167000,167250,no_punch,0.2633333333333333
167040,167290,no_punch,0.2733333333333333
167080,167330,no_punch,0.27
167120,167370,no_punch,0.2833333333333333
167160,167410,no_punch,0.27
167200,167450,no_punch,0.25
167240,167490,no_punch,0.31333333333333335
167280,167530,no_punch,0.32666666666666666
167320,167570,no_punch,0.31333333333333335
167360,167610,no_punch,0.3466666666666667
167400,167650,no_punch,0.33
167440,167690,no_punch,0.2833333333333333
167480,167730,no_punch,0.20666666666666667
167520,167770,no_punch,0.17
167560,167810,no_punch,0.21333333333333335
167600,167850,no_punch,0.21
167640,167890,no_punch,0.2633333333333333
167680,167930,no_punch,0.27
167720,167970,no_punch,0.31666666666666665
167760,168010,no_punch,0.3433333333333333
167800,168050,no_punch,0.35
167840,168090,no_punch,0.36666666666666664
167880,168130,no_punch,0.3466666666666667
167920,168170,no_punch,0.26666666666666666
167960,168210,no_punch,0.3933333333333333
168000,168250,no_punch,0.38666666666666666
168040,168290,no_punch,0.35333333333333333
168080,168330,no_punch,0.37666666666666665
168120,168370,no_punch,0.33
168160,168410,no_punch,0.2733333333333333
168200,168450,no_punch,0.2866666666666667
168240,168490,no_punch,0.2966666666666667
168280,168530,no_punch,0.25333333333333335
168320,168570,no_punch,0.34
168360,168610,no_punch,0.42
168400,168650,no_punch,0.36666666666666664
168440,168690,no_punch,0.32666666666666666
168480,168730,no_punch,0.36666666666666664
168520,168770,no_punch,0.3566666666666667
168560,168810,no_punch,0.35333333333333333
168600,168850,no_punch,0.39666666666666667
168640,168890,no_punch,0.43333333333333335
168680,168930,no_punch,0.48
168720,168970,no_punch,0.47333333333333333
168760,169010,punch,0.5633333333333334
168800,169050,no_punch,0.44333333333333336
168840,169090,no_punch,0.44
168880,169130,no_punch,0.48333333333333334
168920,169170,no_punch,0.4533333333333333
168960,169210,punch,0.5466666666666666
169000,169250,punch,0.5166666666666667
169040,169290,punch,0.5233333333333333
169080,169330,no_punch,0.4766666666666667
169120,169370,no_punch,0.47
169160,169410,no_punch,0.46
169200,169450,no_punch,0.38666666666666666
169240,169490,no_punch,0.31333333333333335
169280,169530,no_punch,0.2733333333333333
169320,169570,no_punch,0.22333333333333333
169360,169610,no_punch,0.20666666666666667
169400,169650,no_punch,0.21
169440,169690,no_punch,0.22666666666666666
169480,169730,no_punch,0.19333333333333333
169520,169770,no_punch,0.22666666666666666
169560,169810,no_punch,0.23
169600,169850,no_punch,0.25333333333333335
169640,169890,no_punch,0.29333333333333333
169680,169930,no_punch,0.31333333333333335
169720,169970,no_punch,0.3
169760,170010,no_punch,0.27666666666666667
169800,170050,no_punch,0.26666666666666666
169840,170090,no_punch,0.37333333333333335
169880,170130,no_punch,0.43
169920,170170,no_punch,0.4866666666666667
169960,170210,no_punch,0.39
170000,170250,no_punch,0.4
170040,170290,no_punch,0.30666666666666664
170080,170330,no_punch,0.3466666666666667
170120,170370,no_punch,0.26
170160,170410,no_punch,0.21666666666666667
170200,170450,no_punch,0.21666666666666667
170240,170490,no_punch,0.24666666666666667
170280,170530,no_punch,0.23666666666666666
170320,170570,no_punch,0.27666666666666667
170360,170610,no_punch,0.25666666666666665
170400,170650,no_punch,0.26
170440,170690,no_punch,0.2833333333333333
170480,170730,no_punch,0.3233333333333333
170520,170770,no_punch,0.29333333333333333
170560,170810,no_punch,0.26666666666666666
170600,170850,no_punch,0.29333333333333333
170640,170890,no_punch,0.25
170680,170930,no_punch,0.23333333333333334
170720,170970,no_punch,0.31666666666666665
170760,171010,no_punch,0.37666666666666665
170800,171050,no_punch,0.36666666666666664
170840,171090,no_punch,0.3933333333333333
170880,171130,no_punch,0.33
170920,171170,no_punch,0.38
170960,171210,no_punch,0.36333333333333334
171000,171250,no_punch,0.3466666666666667
171040,171290,no_punch,0.36666666666666664
171080,171330,no_punch,0.4533333333333333
171120,171370,punch,0.5133333333333333
171160,171410,no_punch,0.46
171200,171450,no_punch,0.49
171240,171490,no_punch,0.4033333333333333
171280,171530,no_punch,0.37666666666666665
171320,171570,no_punch,0.3433333333333333
171360,171610,no_punch,0.4766666666666667
171400,171650,no_punch,0.47
171440,171690,punch,0.51
171480,171730,punch,0.56
171520,171770,punch,0.5266666666666666
171560,171810,punch,0.5433333333333333
171600,171850,punch,0.53
171640,171890,punch,0.5966666666666667
171680,171930,punch,0.5433333333333333
171720,171970,punch,0.5133333333333333
171760,172010,punch,0.5166666666666667
171800,172050,no_punch,0.45666666666666667
171840,172090,no_punch,0.3
171880,172130,no_punch,0.31
171920,172170,no_punch,0.2733333333333333
171960,172210,no_punch,0.24666666666666667
172000,172250,no_punch,0.23
172040,172290,no_punch,0.20333333333333334
172080,172330,no_punch,0.20333333333333334
172120,172370,no_punch,0.21
172160,172410,no_punch,0.25333333333333335
172200,172450,no_punch,0.2733333333333333
172240,172490,no_punch,0.27666666666666667
172280,172530,no_punch,0.29333333333333333
172320,172570,no_punch,0.2833333333333333
172360,172610,no_punch,0.30333333333333334
172400,172650,no_punch,0.26
172440,172690,no_punch,0.33666666666666667
172480,172730,no_punch,0.37666666666666665
172520,172770,no_punch,0.28
172560,172810,no_punch,0.19
172600,172850,no_punch,0.16333333333333333
172640,172890,no_punch,0.12
172680,172930,no_punch,0.25333333333333335
172720,172970,no_punch,0.31666666666666665
172760,173010,no_punch,0.3333333333333333
172800,173050,no_punch,0.37
172840,173090,no_punch,0.36666666666666664
172880,173130,no_punch,0.38333333333333336
172920,173170,no_punch,0.37666666666666665
172960,173210,no_punch,0.36333333333333334
173000,173250,no_punch,0.38
173040,173290,no_punch,0.3433333333333333
173080,173330,no_punch,0.31333333333333335
173120,173370,no_punch,0.27
173160,173410,no_punch,0.27
173200,173450,no_punch,0.2966666666666667
173240,173490,no_punch,0.2866666666666667
173280,173530,no_punch,0.35333333333333333
173320,173570,no_punch,0.31666666666666665
173360,173610,no_punch,0.3433333333333333
173400,173650,no_punch,0.38666666666666666
173440,173690,no_punch,0.49333333333333335
173480,173730,punch,0.6133333333333333
173520,173770,no_punch,0.47
173560,173810,no_punch,0.4533333333333333
173600,173850,no_punch,0.4866666666666667
173640,173890,no_punch,0.49333333333333335
173680,173930,no_punch,0.43666666666666665
173720,173970,punch,0.54
173760,174010,punch,0.5533333333333333
173800,174050,no_punch,0.49333333333333335
173840,174090,no_punch,0.48
173880,174130,no_punch,0.4766666666666667
173920,174170,no_punch,0.42333333333333334
173960,174210,no_punch,0.43
174000,174250,no_punch,0.47333333333333333
174040,174290,punch,0.5866666666666667
174080,174330,punch,0.5366666666666666
174120,174370,no_punch,0.38
174160,174410,no_punch,0.33666666666666667
174200,174450,no_punch,0.26666666666666666
174240,174490,no_punch,0.2866666666666667
174280,174530,no_punch,0.27666666666666667
174320,174570,no_punch,0.30666666666666664
174360,174610,no_punch,0.27
174400,174650,no_punch,0.23333333333333334
174440,174690,no_punch,0.19666666666666666
174480,174730,no_punch,0.19333333333333333
174520,174770,no_punch,0.2
174560,174810,no_punch,0.2833333333333333
174600,174850,no_punch,0.3433333333333333
174640,174890,no_punch,0.42
174680,174930,no_punch,0.35333333333333333
174720,174970,no_punch,0.30333333333333334
174760,175010,no_punch,0.22
174800,175050,no_punch,0.23666666666666666
174840,175090,no_punch,0.2633333333333333
174880,175130,no_punch,0.2
174920,175170,no_punch,0.17666666666666667
174960,175210,no_punch,0.15666666666666668
175000,175250,no_punch,0.18333333333333332
175040,175290,no_punch,0.24
175080,175330,no_punch,0.26666666666666666
175120,175370,no_punch,0.28
175160,175410,no_punch,0.2866666666666667
175200,175450,no_punch,0.2866666666666667
175240,175490,no_punch,0.31333333333333335
175280,175530,no_punch,0.36
175320,175570,no_punch,0.37666666666666665
175360,175610,no_punch,0.30333333333333334
175400,175650,no_punch,0.29
175440,175690,no_punch,0.22666666666666666
175480,175730,no_punch,0.25
175520,175770,no_punch,0.27
175560,175810,no_punch,0.41333333333333333
175600,175850,no_punch,0.49666666666666665
175640,175890,punch,0.5133333333333333
175680,175930,punch,0.5233333333333333
175720,175970,no_punch,0.4033333333333333
175760,176010,no_punch,0.38666666666666666
175800,176050,no_punch,0.37333333333333335
175840,176090,no_punch,0.38666666666666666
175880,176130,no_punch,0.41
175920,176170,no_punch,0.4033333333333333
175960,176210,no_punch,0.3433333333333333
176000,176250,no_punch,0.27666666666666667
176040,176290,no_punch,0.2966666666666667
176080,176330,no_punch,0.36333333333333334
176120,176370,no_punch,0.3333333333333333
176160,176410,no_punch,0.33666666666666667
176200,176450,no_punch,0.3233333333333333
176240,176490,no_punch,0.34
176280,176530,no_punch,0.39
176320,176570,no_punch,0.37666666666666665
176360,176610,no_punch,0.37333333333333335
176400,176650,no_punch,0.37
176440,176690,no_punch,0.38333333333333336
176480,176730,no_punch,0.31333333333333335
176520,176770,no_punch,0.31333333333333335
176560,176810,no_punch,0.33
176600,176850,no_punch,0.3333333333333333
176640,176890,no_punch,0.32666666666666666
176680,176930,no_punch,0.2866666666666667
176720,176970,no_punch,0.3466666666666667
176760,177010,no_punch,0.36
176800,177050,no_punch,0.36
176840,177090,no_punch,0.43333333333333335
176880,177130,no_punch,0.4
176920,177170,no_punch,0.48333333333333334
176960,177210,punch,0.53
177000,177250,punch,0.5066666666666667
177040,177290,no_punch,0.4666666666666667
177080,177330,no_punch,0.4033333333333333
177120,177370,no_punch,0.3566666666666667
177160,177410,no_punch,0.32666666666666666
177200,177450,no_punch,0.3433333333333333
177240,177490,no_punch,0.37666666666666665
177280,177530,no_punch,0.38666666666666666
177320,177570,no_punch,0.37666666666666665
177360,177610,no_punch,0.38333333333333336
177400,177650,no_punch,0.29333333333333333
177440,177690,no_punch,0.30333333333333334
177480,177730,no_punch,0.3
177520,177770,no_punch,0.2733333333333333
177560,177810,no_punch,0.3233333333333333
177600,177850,no_punch,0.32666666666666666
177640,177890,no_punch,0.4266666666666667
177680,177930,no_punch,0.39666666666666667
177720,177970,no_punch,0.3933333333333333
177760,178010,no_punch,0.39666666666666667
177800,178050,no_punch,0.3
177840,178090,no_punch,0.3233333333333333
177880,178130,no_punch,0.2866666666666667
177920,178170,no_punch,0.35
177960,178210,no_punch,0.38333333333333336
178000,178250,no_punch,0.35333333333333333
178040,178290,no_punch,0.33666666666666667
178080,178330,no_punch,0.2866666666666667
178120,178370,no_punch,0.41
178160,178410,no_punch,0.4033333333333333
178200,178450,no_punch,0.42333333333333334
178240,178490,no_punch,0.4066666666666667
178280,178530,no_punch,0.4533333333333333
178320,178570,no_punch,0.48333333333333334
178360,178610,punch,0.5233333333333333
178400,178650,no_punch,0.42
178440,178690,no_punch,0.44
178480,178730,no_punch,0.35
178520,178770,no_punch,0.4533333333333333
178560,178810,no_punch,0.45666666666666667
178600,178850,no_punch,0.37666666666666665
178640,178890,no_punch,0.35
178680,178930,no_punch,0.34
178720,178970,no_punch,0.39
178760,179010,no_punch,0.37333333333333335
178800,179050,no_punch,0.41
178840,179090,no_punch,0.43
178880,179130,no_punch,0.38666666666666666
178920,179170,no_punch,0.37666666666666665
178960,179210,no_punch,0.39
179000,179250,no_punch,0.36333333333333334
179040,179290,no_punch,0.34
179080,179330,no_punch,0.35
179120,179370,no_punch,0.33666666666666667
179160,179410,no_punch,0.4066666666666667
179200,179450,no_punch,0.33
179240,179490,no_punch,0.29333333333333333
179280,179530,no_punch,0.29
179320,179570,no_punch,0.28
179360,179610,no_punch,0.27666666666666667
179400,179650,no_punch,0.3233333333333333
179440,179690,no_punch,0.38333333333333336
179480,179730,no_punch,0.41333333333333333
179520,179770,no_punch,0.47333333333333333
179560,179810,no_punch,0.4
179600,179850,no_punch,0.36666666666666664
179640,179890,no_punch,0.36
179680,179930,no_punch,0.31333333333333335
179720,179970,no_punch,0.32666666666666666
179760,180010,no_punch,0.32666666666666666
179800,180050,no_punch,0.33666666666666667
179840,180090,no_punch,0.33666666666666667
179880,180130,no_punch,0.36
179920,180170,no_punch,0.3233333333333333
179960,180210,no_punch,0.3
180000,180250,no_punch,0.2866666666666667
180040,180290,no_punch,0.32666666666666666
180080,180330,no_punch,0.34
180120,180370,no_punch,0.38
180160,180410,no_punch,0.3933333333333333
180200,180450,no_punch,0.39666666666666667
180240,180490,no_punch,0.37333333333333335
180280,180530,no_punch,0.36
180320,180570,no_punch,0.35
180360,180610,no_punch,0.39
180400,180650,no_punch,0.38333333333333336
180440,180690,no_punch,0.29333333333333333
180480,180730,no_punch,0.35333333333333333
180520,180770,no_punch,0.37
180560,180810,no_punch,0.34
180600,180850,no_punch,0.32666666666666666
180640,180890,no_punch,0.34
180680,180930,no_punch,0.32
180720,180970,no_punch,0.30333333333333334
180760,181010,no_punch,0.3433333333333333
180800,181050,no_punch,0.4066666666666667
180840,181090,no_punch,0.45
180880,181130,no_punch,0.42333333333333334
180920,181170,no_punch,0.44666666666666666
180960,181210,no_punch,0.44666666666666666
181000,181250,no_punch,0.38333333333333336
181040,181290,no_punch,0.3433333333333333
181080,181330,no_punch,0.32666666666666666
181120,181370,no_punch,0.44333333333333336
181160,181410,no_punch,0.42333333333333334
181200,181450,no_punch,0.4666666666666667
181240,181490,no_punch,0.5
181280,181530,punch,0.5066666666666667
181320,181570,no_punch,0.39
181360,181610,no_punch,0.3933333333333333
181400,181650,no_punch,0.41333333333333333
181440,181690,no_punch,0.37333333333333335
181480,181730,no_punch,0.33
181520,181770,no_punch,0.37333333333333335
181560,181810,no_punch,0.37333333333333335
181600,181850,no_punch,0.25333333333333335
181640,181890,no_punch,0.25
181680,181930,no_punch,0.24
181720,181970,no_punch,0.24
181760,182010,no_punch,0.24666666666666667
181800,182050,no_punch,0.2633333333333333
181840,182090,no_punch,0.2866666666666667
181880,182130,no_punch,0.31333333333333335
181920,182170,no_punch,0.35
181960,182210,no_punch,0.3466666666666667
182000,182250,no_punch,0.3333333333333333
182040,182290,no_punch,0.30333333333333334
182080,182330,no_punch,0.31
182120,182370,no_punch,0.30666666666666664
182160,182410,no_punch,0.38333333333333336
182200,182450,no_punch,0.33
182240,182490,no_punch,0.32
182280,182530,no_punch,0.29333333333333333
182320,182570,no_punch,0.31666666666666665
182360,182610,no_punch,0.38666666666666666
182400,182650,no_punch,0.4033333333333333
182440,182690,no_punch,0.4033333333333333
182480,182730,no_punch,0.44333333333333336
182520,182770,no_punch,0.4666666666666667
182560,182810,no_punch,0.48333333333333334
182600,182850,no_punch,0.4633333333333333
182640,182890,no_punch,0.34
182680,182930,no_punch,0.32
182720,182970,no_punch,0.31666666666666665
182760,183010,no_punch,0.39666666666666667
182800,183050,no_punch,0.35333333333333333
182840,183090,no_punch,0.37
182880,183130,no_punch,0.34
182920,183170,no_punch,0.2966666666666667
182960,183210,no_punch,0.30333333333333334
183000,183250,no_punch,0.30666666666666664
183040,183290,no_punch,0.32666666666666666
183080,183330,no_punch,0.3466666666666667
183120,183370,no_punch,0.42333333333333334
183160,183410,no_punch,0.37333333333333335
183200,183450,no_punch,0.41
183240,183490,no_punch,0.38666666666666666
183280,183530,no_punch,0.37
183320,183570,no_punch,0.36666666666666664
183360,183610,no_punch,0.38666666666666666
183400,183650,no_punch,0.35
183440,183690,no_punch,0.32
183480,183730,no_punch,0.29333333333333333
183520,183770,no_punch,0.31
183560,183810,no_punch,0.3933333333333333
183600,183850,no_punch,0.38666666666666666
183640,183890,no_punch,0.39666666666666667
183680,183930,no_punch,0.39
183720,183970,no_punch,0.2833333333333333
183760,184010,no_punch,0.18333333333333332
183800,184050,no_punch,0.34
183840,184090,no_punch,0.36333333333333334
183880,184130,no_punch,0.36
183920,184170,no_punch,0.47
183960,184210,no_punch,0.46
184000,184250,no_punch,0.43
184040,184290,no_punch,0.4533333333333333
184080,184330,no_punch,0.4033333333333333
184120,184370,no_punch,0.4166666666666667
184160,184410,no_punch,0.4166666666666667
184200,184450,no_punch,0.4633333333333333
184240,184490,punch,0.52
184280,184530,punch,0.57
184320,184570,punch,0.51
184360,184610,punch,0.5666666666666667
184400,184650,punch,0.5666666666666667
184440,184690,no_punch,0.4766666666666667
184480,184730,punch,0.5533333333333333
184520,184770,punch,0.5833333333333334
184560,184810,punch,0.5633333333333334
184600,184850,punch,0.52
184640,184890,punch,0.51
184680,184930,no_punch,0.45666666666666667
184720,184970,no_punch,0.4
184760,185010,no_punch,0.4266666666666667
184800,185050,punch,0.5066666666666667
184840,185090,punch,0.5133333333333333
184880,185130,no_punch,0.4633333333333333
184920,185170,no_punch,0.44333333333333336
184960,185210,no_punch,0.37333333333333335
185000,185250,no_punch,0.3466666666666667
185040,185290,no_punch,0.35
185080,185330,no_punch,0.3466666666666667
185120,185370,no_punch,0.38
185160,185410,no_punch,0.37
185200,185450,no_punch,0.3433333333333333
185240,185490,no_punch,0.35
185280,185530,no_punch,0.3566666666666667
185320,185570,no_punch,0.3933333333333333
185360,185610,no_punch,0.33666666666666667
185400,185650,no_punch,0.3233333333333333
185440,185690,no_punch,0.36
185480,185730,no_punch,0.39666666666666667
185520,185770,no_punch,0.38333333333333336
185560,185810,no_punch,0.30666666666666664
185600,185850,no_punch,0.2733333333333333
185640,185890,no_punch,0.2966666666666667
185680,185930,no_punch,0.33666666666666667
185720,185970,no_punch,0.37666666666666665
185760,186010,no_punch,0.49
185800,186050,no_punch,0.4766666666666667
185840,186090,no_punch,0.4166666666666667
185880,186130,punch,0.5033333333333333
185920,186170,no_punch,0.49666666666666665
185960,186210,no_punch,0.49
186000,186250,no_punch,0.44666666666666666
186040,186290,no_punch,0.43
186080,186330,no_punch,0.43666666666666665
186120,186370,no_punch,0.38
186160,186410,no_punch,0.47333333333333333
186200,186450,punch,0.6266666666666667
186240,186490,punch,0.5833333333333334
186280,186530,punch,0.6866666666666666
186320,186570,punch,0.7866666666666666
186360,186610,punch,0.7333333333333333
186400,186650,punch,0.5066666666666667
186440,186690,no_punch,0.4033333333333333
186480,186730,no_punch,0.39
186520,186770,no_punch,0.43
186560,186810,no_punch,0.36
186600,186850,no_punch,0.32666666666666666
186640,186890,no_punch,0.37
186680,186930,no_punch,0.4033333333333333
186720,186970,no_punch,0.49333333333333335
186760,187010,no_punch,0.4866666666666667
186800,187050,no_punch,0.44
186840,187090,no_punch,0.37666666666666665
186880,187130,no_punch,0.37666666666666665
186920,187170,no_punch,0.39
186960,187210,punch,0.5033333333333333
187000,187250,no_punch,0.45666666666666667
187040,187290,no_punch,0.45666666666666667
187080,187330,no_punch,0.47333333333333333
187120,187370,punch,0.51
187160,187410,no_punch,0.47333333333333333
187200,187450,no_punch,0.44333333333333336
187240,187490,no_punch,0.2966666666666667
187280,187530,no_punch,0.28
187320,187570,no_punch,0.34
187360,187610,no_punch,0.39
187400,187650,no_punch,0.38
187440,187690,no_punch,0.37666666666666665
187480,187730,no_punch,0.3433333333333333
187520,187770,no_punch,0.2966666666666667
187560,187810,no_punch,0.2733333333333333
187600,187850,no_punch,0.2733333333333333
187640,187890,no_punch,0.2633333333333333
187680,187930,no_punch,0.29333333333333333
187720,187970,no_punch,0.31666666666666665
187760,188010,no_punch,0.4066666666666667
187800,188050,no_punch,0.43666666666666665
187840,188090,no_punch,0.41
187880,188130,no_punch,0.44333333333333336
187920,188170,no_punch,0.3466666666666667
187960,188210,no_punch,0.3333333333333333
188000,188250,no_punch,0.32
188040,188290,no_punch,0.37666666666666665
188080,188330,no_punch,0.43333333333333335
188120,188370,no_punch,0.4533333333333333
188160,188410,punch,0.5066666666666667
188200,188450,no_punch,0.48
188240,188490,no_punch,0.38
188280,188530,no_punch,0.48333333333333334
188320,188570,punch,0.6
188360,188610,punch,0.6066666666666667
188400,188650,punch,0.63
188440,188690,no_punch,0.44666666666666666
188480,188730,no_punch,0.37666666666666665
188520,188770,no_punch,0.41
188560,188810,no_punch,0.3566666666666667
188600,188850,no_punch,0.3466666666666667
188640,188890,no_punch,0.3233333333333333
188680,188930,no_punch,0.36
188720,188970,no_punch,0.3233333333333333
188760,189010,no_punch,0.34
188800,189050,no_punch,0.2633333333333333
188840,189090,no_punch,0.26
188880,189130,no_punch,0.2866666666666667
188920,189170,no_punch,0.35
188960,189210,no_punch,0.44333333333333336
189000,189250,punch,0.5466666666666666
189040,189290,punch,0.55
189080,189330,no_punch,0.49333333333333335
189120,189370,no_punch,0.39666666666666667
189160,189410,no_punch,0.36333333333333334
189200,189450,no_punch,0.37333333333333335
189240,189490,no_punch,0.41
189280,189530,no_punch,0.39
189320,189570,no_punch,0.3466666666666667
189360,189610,no_punch,0.3466666666666667
189400,189650,no_punch,0.3233333333333333
189440,189690,no_punch,0.36666666666666664
189480,189730,no_punch,0.39666666666666667
189520,189770,no_punch,0.4666666666666667
189560,189810,no_punch,0.43
189600,189850,no_punch,0.47333333333333333
189640,189890,no_punch,0.47333333333333333
189680,189930,no_punch,0.49
189720,189970,no_punch,0.42333333333333334
189760,190010,no_punch,0.44
189800,190050,no_punch,0.47
189840,190090,no_punch,0.5
189880,190130,punch,0.5066666666666667
189920,190170,no_punch,0.4066666666666667
189960,190210,no_punch,0.48333333333333334
190000,190250,no_punch,0.47333333333333333
190040,190290,punch,0.52
190080,190330,punch,0.57
190120,190370,punch,0.63
190160,190410,no_punch,0.41
190200,190450,no_punch,0.41333333333333333
190240,190490,no_punch,0.47
190280,190530,no_punch,0.43333333333333335
190320,190570,no_punch,0.44333333333333336
190360,190610,no_punch,0.38666666666666666
190400,190650,no_punch,0.22333333333333333
190440,190690,no_punch,0.25666666666666665
190480,190730,no_punch,0.22
190520,190770,no_punch,0.25666666666666665
190560,190810,no_punch,0.27
190600,190850,no_punch,0.2833333333333333
190640,190890,no_punch,0.25666666666666665
190680,190930,no_punch,0.28
190720,190970,no_punch,0.3566666666666667
190760,191010,no_punch,0.35
190800,191050,no_punch,0.32666666666666666
190840,191090,no_punch,0.25666666666666665
190880,191130,no_punch,0.26
190920,191170,no_punch,0.22333333333333333
190960,191210,no_punch,0.22
191000,191250,no_punch,0.25
191040,191290,no_punch,0.3466666666666667
191080,191330,no_punch,0.4066666666666667
191120,191370,no_punch,0.4066666666666667
191160,191410,no_punch,0.45666666666666667
191200,191450,no_punch,0.37666666666666665
191240,191490,no_punch,0.35333333333333333
191280,191530,no_punch,0.34
191320,191570,no_punch,0.31
191360,191610,no_punch,0.3233333333333333
191400,191650,no_punch,0.31
191440,191690,no_punch,0.31
191480,191730,no_punch,0.2866666666666667
191520,191770,no_punch,0.35333333333333333
191560,191810,no_punch,0.44333333333333336
191600,191850,no_punch,0.45666666666666667
191640,191890,no_punch,0.4066666666666667
191680,191930,no_punch,0.3466666666666667
191720,191970,no_punch,0.4633333333333333
191760,192010,no_punch,0.47
191800,192050,punch,0.56
191840,192090,punch,0.5133333333333333
191880,192130,punch,0.55
191920,192170,punch,0.5066666666666667
191960,192210,punch,0.5766666666666667
192000,192250,punch,0.54
192040,192290,punch,0.5366666666666666
192080,192330,no_punch,0.47333333333333333
192120,192370,no_punch,0.44666666666666666
192160,192410,no_punch,0.42333333333333334
192200,192450,no_punch,0.37333333333333335
192240,192490,no_punch,0.30333333333333334
192280,192530,no_punch,0.28
192320,192570,no_punch,0.31666666666666665
192360,192610,no_punch,0.32
192400,192650,no_punch,0.32
192440,192690,no_punch,0.3466666666666667
192480,192730,no_punch,0.3933333333333333
192520,192770,no_punch,0.39
192560,192810,no_punch,0.4266666666666667
192600,192850,no_punch,0.4066666666666667
192640,192890,no_punch,0.4033333333333333
192680,192930,no_punch,0.4166666666666667
192720,192970,no_punch,0.37666666666666665
192760,193010,no_punch,0.33666666666666667
192800,193050,no_punch,0.30666666666666664
192840,193090,no_punch,0.29
192880,193130,no_punch,0.2866666666666667
192920,193170,no_punch,0.31333333333333335
192960,193210,no_punch,0.31333333333333335
193000,193250,no_punch,0.3233333333333333
193040,193290,no_punch,0.32666666666666666
193080,193330,no_punch,0.28
193120,193370,no_punch,0.28
193160,193410,no_punch,0.41
193200,193450,no_punch,0.47333333333333333
193240,193490,no_punch,0.41333333333333333
193280,193530,no_punch,0.3233333333333333
193320,193570,no_punch,0.25666666666666665
193360,193610,no_punch,0.22333333333333333
193400,193650,no_punch,0.22333333333333333
193440,193690,no_punch,0.2966666666666667
193480,193730,no_punch,0.28
193520,193770,no_punch,0.26
193560,193810,no_punch,0.25333333333333335
193600,193850,no_punch,0.35
193640,193890,no_punch,0.32666666666666666
193680,193930,no_punch,0.31666666666666665
193720,193970,no_punch,0.2833333333333333
193760,194010,no_punch,0.2733333333333333
193800,194050,no_punch,0.29333333333333333
193840,194090,no_punch,0.31666666666666665
193880,194130,no_punch,0.33666666666666667
193920,194170,no_punch,0.34
193960,194210,no_punch,0.37666666666666665
194000,194250,no_punch,0.37
194040,194290,no_punch,0.3933333333333333
194080,194330,no_punch,0.46
194120,194370,no_punch,0.4266666666666667
194160,194410,no_punch,0.3566666666666667
194200,194450,no_punch,0.37333333333333335
194240,194490,no_punch,0.3433333333333333
194280,194530,no_punch,0.36666666666666664
194320,194570,no_punch,0.33
194360,194610,no_punch,0.36333333333333334
194400,194650,no_punch,0.35333333333333333
194440,194690,no_punch,0.29333333333333333
194480,194730,no_punch,0.27
194520,194770,no_punch,0.31666666666666665
194560,194810,no_punch,0.46
194600,194850,no_punch,0.47
194640,194890,no_punch,0.4766666666666667
194680,194930,punch,0.5033333333333333
194720,194970,no_punch,0.4633333333333333
194760,195010,punch,0.5233333333333333
194800,195050,punch,0.63
194840,195090,punch,0.65
194880,195130,punch,0.6533333333333333
194920,195170,no_punch,0.49333333333333335
194960,195210,no_punch,0.49333333333333335
195000,195250,no_punch,0.38666666666666666
195040,195290,no_punch,0.36666666666666664
195080,195330,no_punch,0.39
195120,195370,no_punch,0.4066666666666667
195160,195410,no_punch,0.47333333333333333
195200,195450,no_punch,0.4266666666666667
195240,195490,no_punch,0.41
195280,195530,no_punch,0.44
195320,195570,no_punch,0.4666666666666667
195360,195610,punch,0.5233333333333333
195400,195650,no_punch,0.4266666666666667
195440,195690,no_punch,0.46
195480,195730,no_punch,0.43666666666666665
195520,195770,no_punch,0.43
195560,195810,punch,0.5033333333333333
195600,195850,no_punch,0.4866666666666667
195640,195890,punch,0.53
195680,195930,no_punch,0.44
195720,195970,no_punch,0.41333333333333333
195760,196010,no_punch,0.41
195800,196050,no_punch,0.4266666666666667
195840,196090,no_punch,0.44666666666666666
195880,196130,no_punch,0.37
195920,196170,no_punch,0.37
195960,196210,no_punch,0.35
196000,196250,no_punch,0.38666666666666666
196040,196290,no_punch,0.42
196080,196330,no_punch,0.4166666666666667
196120,196370,no_punch,0.4033333333333333
196160,196410,no_punch,0.4166666666666667
196200,196450,no_punch,0.48
196240,196490,no_punch,0.45666666666666667
196280,196530,no_punch,0.37333333333333335
196320,196570,no_punch,0.33666666666666667
196360,196610,no_punch,0.3333333333333333
196400,196650,no_punch,0.37666666666666665
196440,196690,no_punch,0.37
196480,196730,no_punch,0.44333333333333336
196520,196770,no_punch,0.39666666666666667
196560,196810,no_punch,0.48333333333333334
196600,196850,no_punch,0.4266666666666667
196640,196890,punch,0.5566666666666666
196680,196930,punch,0.5666666666666667
196720,196970,punch,0.5366666666666666
196760,197010,punch,0.5233333333333333
196800,197050,punch,0.54
196840,197090,punch,0.6266666666666667
196880,197130,punch,0.64
196920,197170,punch,0.5333333333333333
196960,197210,punch,0.6233333333333333
197000,197250,punch,0.68
197040,197290,no_punch,0.47333333333333333
197080,197330,no_punch,0.43333333333333335
197120,197370,punch,0.51
197160,197410,no_punch,0.47
197200,197450,no_punch,0.49666666666666665
197240,197490,punch,0.5166666666666667
197280,197530,no_punch,0.5
197320,197570,punch,0.5066666666666667
197360,197610,punch,0.5133333333333333
197400,197650,punch,0.54
197440,197690,no_punch,0.48333333333333334
197480,197730,no_punch,0.44333333333333336
197520,197770,no_punch,0.3466666666666667
197560,197810,no_punch,0.3433333333333333
197600,197850,no_punch,0.31666666666666665
197640,197890,no_punch,0.29333333333333333
197680,197930,no_punch,0.35333333333333333
197720,197970,no_punch,0.42333333333333334
197760,198010,no_punch,0.4633333333333333
197800,198050,no_punch,0.38666666666666666
197840,198090,no_punch,0.3566666666666667
197880,198130,no_punch,0.36333333333333334
197920,198170,no_punch,0.3566666666666667
197960,198210,punch,0.5233333333333333
198000,198250,no_punch,0.4666666666666667
198040,198290,no_punch,0.47333333333333333
198080,198330,punch,0.5166666666666667
198120,198370,punch,0.52
198160,198410,punch,0.55
198200,198450,punch,0.5466666666666666
198240,198490,no_punch,0.49666666666666665
198280,198530,punch,0.5466666666666666
198320,198570,punch,0.5666666666666667
198360,198610,punch,0.63
198400,198650,punch,0.5333333333333333
198440,198690,no_punch,0.47
198480,198730,no_punch,0.36
198520,198770,no_punch,0.33666666666666667
198560,198810,no_punch,0.3233333333333333
198600,198850,no_punch,0.44666666666666666
198640,198890,no_punch,0.39666666666666667
198680,198930,no_punch,0.37
198720,198970,no_punch,0.33
198760,199010,no_punch,0.30333333333333334
198800,199050,no_punch,0.24666666666666667
198840,199090,no_punch,0.31333333333333335
198880,199130,no_punch,0.35
198920,199170,no_punch,0.4033333333333333
198960,199210,no_punch,0.30666666666666664
199000,199250,no_punch,0.4633333333333333
199040,199290,punch,0.5233333333333333
199080,199330,punch,0.5566666666666666
199120,199370,punch,0.5166666666666667
199160,199410,no_punch,0.4666666666666667
199200,199450,no_punch,0.4533333333333333
199240,199490,punch,0.5066666666666667
199280,199530,no_punch,0.4866666666666667
199320,199570,punch,0.53
199360,199610,punch,0.5233333333333333
199400,199650,punch,0.5533333333333333
199440,199690,punch,0.6233333333333333
199480,199730,punch,0.5766666666666667
199520,199770,no_punch,0.43
199560,199810,no_punch,0.38333333333333336
199600,199850,no_punch,0.43
199640,199890,no_punch,0.36
199680,199930,no_punch,0.36333333333333334
199720,199970,no_punch,0.38
199760,200010,punch,0.51
199800,200050,punch,0.5333333333333333
199840,200090,no_punch,0.44666666666666666
199880,200130,no_punch,0.38333333333333336
199920,200170,no_punch,0.39
199960,200210,punch,0.5033333333333333
200000,200250,punch,0.5533333333333333
200040,200290,punch,0.55
200080,200330,no_punch,0.48333333333333334
200120,200370,no_punch,0.44
200160,200410,no_punch,0.3566666666666667
200200,200450,no_punch,0.33666666666666667
200240,200490,no_punch,0.35
200280,200530,no_punch,0.4066666666666667
200320,200570,no_punch,0.4
200360,200610,no_punch,0.42
200400,200650,no_punch,0.37333333333333335
200440,200690,no_punch,0.3433333333333333
200480,200730,no_punch,0.36
200520,200770,no_punch,0.35333333333333333
200560,200810,no_punch,0.3466666666666667
200600,200850,no_punch,0.2966666666666667
200640,200890,no_punch,0.31666666666666665
200680,200930,no_punch,0.37
200720,200970,no_punch,0.43666666666666665
200760,201010,no_punch,0.4066666666666667
200800,201050,no_punch,0.35
200840,201090,no_punch,0.33
200880,201130,no_punch,0.30666666666666664
200920,201170,no_punch,0.27666666666666667
200960,201210,no_punch,0.21
201000,201250,no_punch,0.17333333333333334
201040,201290,no_punch,0.2866666666666667
201080,201330,no_punch,0.43
201120,201370,no_punch,0.39666666666666667
201160,201410,no_punch,0.41
201200,201450,no_punch,0.4033333333333333
201240,201490,no_punch,0.3433333333333333
201280,201530,no_punch,0.36666666666666664
201320,201570,no_punch,0.30333333333333334
201360,201610,no_punch,0.3
201400,201650,no_punch,0.33
201440,201690,no_punch,0.34
201480,201730,no_punch,0.32
201520,201770,no_punch,0.3333333333333333
201560,201810,no_punch,0.37666666666666665
201600,201850,no_punch,0.37
201640,201890,no_punch,0.28
201680,201930,no_punch,0.30333333333333334
201720,201970,no_punch,0.30333333333333334
201760,202010,no_punch,0.24
201800,202050,no_punch,0.25
201840,202090,no_punch,0.29
201880,202130,no_punch,0.31333333333333335
201920,202170,no_punch,0.32666666666666666
201960,202210,no_punch,0.4033333333333333
202000,202250,no_punch,0.44333333333333336
202040,202290,no_punch,0.37333333333333335
202080,202330,no_punch,0.41333333333333333
202120,202370,punch,0.51
202160,202410,punch,0.5433333333333333
202200,202450,punch,0.58
202240,202490,no_punch,0.46
202280,202530,no_punch,0.4666666666666667
202320,202570,no_punch,0.47333333333333333
202360,202610,punch,0.5066666666666667
202400,202650,no_punch,0.43333333333333335
202440,202690,no_punch,0.37
202480,202730,punch,0.51
202520,202770,no_punch,0.4666666666666667
202560,202810,no_punch,0.47333333333333333
202600,202850,no_punch,0.46
202640,202890,no_punch,0.44666666666666666
202680,202930,no_punch,0.38333333333333336
202720,202970,no_punch,0.3566666666666667
202760,203010,no_punch,0.3233333333333333
202800,203050,no_punch,0.36333333333333334
202840,203090,no_punch,0.3233333333333333
202880,203130,no_punch,0.3433333333333333
202920,203170,no_punch,0.3233333333333333
202960,203210,no_punch,0.43
203000,203250,no_punch,0.4033333333333333
203040,203290,no_punch,0.39666666666666667
203080,203330,no_punch,0.43666666666666665
203120,203370,no_punch,0.31
203160,203410,no_punch,0.27666666666666667
203200,203450,no_punch,0.3233333333333333
203240,203490,no_punch,0.34
203280,203530,no_punch,0.3933333333333333
203320,203570,no_punch,0.4166666666666667
203360,203610,no_punch,0.46
203400,203650,no_punch,0.46
203440,203690,punch,0.53
203480,203730,punch,0.55
203520,203770,no_punch,0.37333333333333335
203560,203810,no_punch,0.39
203600,203850,no_punch,0.35
203640,203890,no_punch,0.35
203680,203930,no_punch,0.33666666666666667
203720,203970,no_punch,0.4
203760,204010,no_punch,0.37666666666666665
203800,204050,no_punch,0.45
203840,204090,no_punch,0.44
203880,204130,no_punch,0.44
203920,204170,no_punch,0.42333333333333334
203960,204210,no_punch,0.41333333333333333
204000,204250,no_punch,0.4266666666666667
204040,204290,no_punch,0.37333333333333335
204080,204330,no_punch,0.3566666666666667
204120,204370,no_punch,0.33
204160,204410,no_punch,0.31666666666666665
204200,204450,no_punch,0.41333333333333333
204240,204490,no_punch,0.45666666666666667
204280,204530,no_punch,0.4666666666666667
204320,204570,no_punch,0.5
204360,204610,no_punch,0.48
204400,204650,no_punch,0.38
204440,204690,no_punch,0.32666666666666666
204480,204730,no_punch,0.37
204520,204770,no_punch,0.37333333333333335
204560,204810,no_punch,0.37333333333333335
204600,204850,no_punch,0.39666666666666667
204640,204890,no_punch,0.47333333333333333
204680,204930,no_punch,0.41333333333333333
204720,204970,no_punch,0.32666666666666666
204760,205010,no_punch,0.32666666666666666
204800,205050,no_punch,0.30333333333333334
204840,205090,no_punch,0.2966666666666667
204880,205130,no_punch,0.29333333333333333
204920,205170,no_punch,0.2966666666666667
204960,205210,no_punch,0.22
205000,205250,no_punch,0.24666666666666667
205040,205290,no_punch,0.26
205080,205330,no_punch,0.2733333333333333
205120,205370,no_punch,0.34
205160,205410,no_punch,0.4533333333333333
205200,205450,no_punch,0.47
205240,205490,no_punch,0.4
205280,205530,no_punch,0.38666666666666666
205320,205570,no_punch,0.4033333333333333
205360,205610,no_punch,0.38333333333333336
205400,205650,no_punch,0.44333333333333336
205440,205690,no_punch,0.38666666666666666
205480,205730,no_punch,0.37
205520,205770,no_punch,0.31333333333333335
205560,205810,no_punch,0.2866666666666667
205600,205850,no_punch,0.30333333333333334
205640,205890,no_punch,0.31666666666666665
205680,205930,no_punch,0.39
205720,205970,no_punch,0.49333333333333335
205760,206010,punch,0.5433333333333333
205800,206050,no_punch,0.49666666666666665
