video_id,start_ms,end_ms,center_ms,guard_height
testvideo,0,250,125,-0.035245425999164574
testvideo,40,290,165,-0.039919048547744744
testvideo,80,330,205,-0.04155301834855762
testvideo,120,370,245,-0.042666930705308914
testvideo,160,410,285,-0.04446971975266935
testvideo,200,450,325,-0.04775614291429521
testvideo,240,490,365,-0.05684508809021542
testvideo,280,530,405,-0.05904971063137055
testvideo,320,570,445,-0.060784231871366494
testvideo,360,610,485,-0.062290327623486526
testvideo,400,650,525,-0.06589820794761181
testvideo,440,690,565,-0.06748150289058684
testvideo,480,730,605,-0.06863559995378767
testvideo,520,770,645,-0.07121496966906957
testvideo,560,810,685,-0.07695924118161201
testvideo,600,850,725,-0.0806971900165081
testvideo,640,890,765,-0.08565103156226021
testvideo,680,930,805,-0.08725673598902568
testvideo,720,970,845,-0.08832259689058576
testvideo,760,1010,885,-0.08900829218327999
testvideo,800,1050,925,-0.08896098658442497
testvideo,840,1090,965,-0.08732691832951138
testvideo,880,1130,1005,-0.08437085151672366
testvideo,920,1170,1045,-0.08043081206934796
testvideo,960,1210,1085,-0.07234313711524012
testvideo,1000,1250,1125,-0.06674811430275443
testvideo,1040,1290,1165,-0.060875883325934445
testvideo,1080,1330,1205,-0.05206085528646202
testvideo,1120,1370,1245,-0.04748624563217168
testvideo,1160,1410,1285,-0.04323431849479678
testvideo,1200,1450,1325,-0.0429838635027409
testvideo,1240,1490,1365,-0.04396585561335091
testvideo,1280,1530,1405,-0.04459585888045177
testvideo,1320,1570,1445,-0.04465096550328392
testvideo,1360,1610,1485,-0.04527311213314535
testvideo,1400,1650,1525,-0.04648805968463422
testvideo,1440,1690,1565,-0.04853252880275251
testvideo,1480,1730,1605,-0.048023262194224765
testvideo,1520,1770,1645,-0.05005423298903876
testvideo,1560,1810,1685,-0.052072086504527514
testvideo,1600,1850,1725,-0.056219955906271935
testvideo,1640,1890,1765,-0.059410497546195984
testvideo,1680,1930,1805,-0.0634929495198386
testvideo,1720,1970,1845,-0.06516998154776436
testvideo,1760,2010,1885,-0.0665919269834246
testvideo,1800,2050,1925,-0.06909264996647833
testvideo,1840,2090,1965,-0.07055611349642277
testvideo,1880,2130,2005,-0.070846574647086
testvideo,1920,2170,2045,-0.07056483839239393
testvideo,1960,2210,2085,-0.07062921992370061
testvideo,2000,2250,2125,-0.07232876121997833
testvideo,2040,2290,2165,-0.07292635925114155
testvideo,2080,2330,2205,-0.07330506481230259
testvideo,2120,2370,2245,-0.07425222652299066
testvideo,2160,2410,2285,-0.07461628104959218
testvideo,2200,2450,2325,-0.07366120442748073
testvideo,2240,2490,2365,-0.07255196571350099
testvideo,2280,2530,2405,-0.07038310356438163
testvideo,2320,2570,2445,-0.0669893813984735
testvideo,2360,2610,2485,-0.06412088658128469
testvideo,2400,2650,2525,-0.05773196928203107
testvideo,2440,2690,2565,-0.053358126431703574
testvideo,2480,2730,2605,-0.050217205658555045
testvideo,2520,2770,2645,-0.044253262025969374
testvideo,2560,2810,2685,-0.04135695312704359
testvideo,2600,2850,2725,-0.04072217004639763
testvideo,2640,2890,2765,-0.043949931859970114
testvideo,2680,2930,2805,-0.047018356621265425
testvideo,2720,2970,2845,-0.050657087138720934
testvideo,2760,3010,2885,-0.053244424717766914
testvideo,2800,3050,2925,-0.055224548493112854
testvideo,2840,3090,2965,-0.05952539294958117
testvideo,2880,3130,3005,-0.06263782270252707
testvideo,2920,3170,3045,-0.06601493912083764
testvideo,2960,3210,3085,-0.06975367878164566
testvideo,3000,3250,3125,-0.0737395307847432
testvideo,3040,3290,3165,-0.07597074657678607
testvideo,3080,3330,3205,-0.07447951287031176
testvideo,3120,3370,3245,-0.07130874507129195
testvideo,3160,3410,3285,-0.06389018254620692
testvideo,3200,3450,3325,-0.056686714291572585
testvideo,3240,3490,3365,-0.04715555161237718
testvideo,3280,3530,3405,-0.04269347339868547
testvideo,3320,3570,3445,-0.039087854325771346
testvideo,3360,3610,3485,-0.03645855614117215
testvideo,3400,3650,3525,-0.038230121135711684
testvideo,3440,3690,3565,-0.04125088879040311
testvideo,3480,3730,3605,-0.04892709292471411
testvideo,3520,3770,3645,-0.052843330428004286
testvideo,3560,3810,3685,-0.0598306613309043
testvideo,3600,3850,3725,-0.05618297840867725
testvideo,3640,3890,3765,-0.050048608865056736
testvideo,3680,3930,3805,-0.05553377233445646
testvideo,3720,3970,3845,-0.05026302486658097
testvideo,3760,4010,3885,-0.039946385792323534
testvideo,3800,4050,3925,-0.032398091895239706
testvideo,3840,4090,3965,-0.03699432952063426
testvideo,3880,4130,4005,-0.04822912439703943
testvideo,3920,4170,4045,-0.046988787129521384
testvideo,3960,4210,4085,-0.04750541065420425
testvideo,4000,4250,4125,-0.052340665033885424
testvideo,4040,4290,4165,-0.05572708163942612
testvideo,4080,4330,4205,-0.052939057350158705
testvideo,4120,4370,4245,-0.04982919618487359
testvideo,4160,4410,4285,-0.04655775614082813
testvideo,4200,4450,4325,-0.043618302260126376
testvideo,4240,4490,4365,-0.04291570399488721
testvideo,4280,4530,4405,-0.04167847149074076
testvideo,4320,4570,4445,-0.04030011594295502
testvideo,4360,4610,4485,-0.0396532118320465
testvideo,4400,4650,4525,-0.0405970641544887
testvideo,4440,4690,4565,-0.042434581688472195
testvideo,4480,4730,4605,-0.044369386775153015
testvideo,4520,4770,4645,-0.04563377425074577
testvideo,4560,4810,4685,-0.04497243091464042
testvideo,4600,4850,4725,-0.04622045159339905
testvideo,4640,4890,4765,-0.041201582976749966
testvideo,4680,4930,4805,-0.034636318683624275
testvideo,4720,4970,4845,-0.024156216531991966
testvideo,4760,5010,4885,-0.018221452832222
testvideo,4800,5050,4925,-0.011145808867045819
testvideo,4840,5090,4965,-0.007951195750917708
testvideo,4880,5130,5005,-0.007908506052834647
testvideo,4920,5170,5045,-0.011659499257802956
testvideo,4960,5210,5085,-0.01527884230017662
testvideo,5000,5250,5125,-0.021948214088167464
testvideo,5040,5290,5165,-0.028049796819686907
testvideo,5080,5330,5205,-0.033416335071836216
testvideo,5120,5370,5245,-0.03945660218596459
testvideo,5160,5410,5285,-0.04297938197851182
testvideo,5200,5450,5325,-0.045624572783708586
testvideo,5240,5490,5365,-0.048132015126092095
testvideo,5280,5530,5405,-0.04803201981953211
testvideo,5320,5570,5445,-0.04679789766669272
testvideo,5360,5610,5485,-0.04627543687820433
testvideo,5400,5650,5525,-0.04492608085274696
testvideo,5440,5690,5565,-0.0430942986692701
testvideo,5480,5730,5605,-0.041893124580383294
testvideo,5520,5770,5645,-0.041079900094441
testvideo,5560,5810,5685,-0.04500809498131276
testvideo,5600,5850,5725,-0.04572628811001779
testvideo,5640,5890,5765,-0.04728619967188156
testvideo,5680,5930,5805,-0.046416380575725044
testvideo,5720,5970,5845,-0.044759141547339336
testvideo,5760,6010,5885,-0.04468461498618129
testvideo,5800,6050,5925,-0.04575338959693911
testvideo,5840,6090,5965,-0.037995519382613044
testvideo,5880,6130,6005,-0.02795399725437164
testvideo,5920,6170,6045,-0.017661643879754187
testvideo,5960,6210,6085,-0.005614187568426111
testvideo,6000,6250,6125,-0.0004232116043567345
testvideo,6040,6290,6165,0.014491404805864642
testvideo,6080,6330,6205,0.012939093368394074
testvideo,6120,6370,6245,0.0034302026033401728
testvideo,6160,6410,6285,-0.016383128240704512
testvideo,6200,6450,6325,-0.028996540233492827
testvideo,6240,6490,6365,-0.03784999065101144
testvideo,6280,6530,6405,-0.050459352987153185
testvideo,6320,6570,6445,-0.05743573180266787
testvideo,6360,6610,6485,-0.06100127287209031
testvideo,6400,6650,6525,-0.06199583783745763
testvideo,6440,6690,6565,-0.06146084517240522
testvideo,6480,6730,6605,-0.06194129586219786
testvideo,6520,6770,6645,-0.06355104701859608
testvideo,6560,6810,6685,-0.06316629477909633
testvideo,6600,6850,6725,-0.06361625343561172
testvideo,6640,6890,6765,-0.06376223638653755
testvideo,6680,6930,6805,-0.06518073592867171
testvideo,6720,6970,6845,-0.06427305936813356
testvideo,6760,7010,6885,-0.062425230230603916
testvideo,6800,7050,6925,-0.06157566979527475
testvideo,6840,7090,6965,-0.06173024326562883
testvideo,6880,7130,7005,-0.06182756168501719
testvideo,6920,7170,7045,-0.06253017698015487
testvideo,6960,7210,7085,-0.06443007928984507
testvideo,7000,7250,7125,-0.06717097014188766
testvideo,7040,7290,7165,-0.06967801973223685
testvideo,7080,7330,7205,-0.07009950280189513
testvideo,7120,7370,7245,-0.0705718227795192
testvideo,7160,7410,7285,-0.0709967357771737
testvideo,7200,7450,7325,-0.07319014891982076
testvideo,7240,7490,7365,-0.0751417465507984
testvideo,7280,7530,7405,-0.07710012793540955
testvideo,7320,7570,7445,-0.08011393461908613
testvideo,7360,7610,7485,-0.08403170534542628
testvideo,7400,7650,7525,-0.08925504609942438
testvideo,7440,7690,7565,-0.09162764996290208
testvideo,7480,7730,7605,-0.09211145713925363
testvideo,7520,7770,7645,-0.09147702370371137
testvideo,7560,7810,7685,-0.08869032348905294
testvideo,7600,7850,7725,-0.08395915372031079
testvideo,7640,7890,7765,-0.0743619650602341
testvideo,7680,7930,7805,-0.06719094142317775
testvideo,7720,7970,7845,-0.05668943694659644
testvideo,7760,8010,7885,-0.05202116285051619
testvideo,7800,8050,7925,-0.04871101890291486
testvideo,7840,8090,7965,-0.04399505630135537
testvideo,7880,8130,8005,-0.041426602751016624
testvideo,7920,8170,8045,-0.03866189292498997
testvideo,7960,8210,8085,-0.037381959812981744
testvideo,8000,8250,8125,-0.035629459789821086
testvideo,8040,8290,8165,-0.038805417716503136
testvideo,8080,8330,8205,-0.043059121817350374
testvideo,8120,8370,8245,-0.03886853344738482
testvideo,8160,8410,8285,-0.03281539252826145
testvideo,8200,8450,8325,-0.020924112626484463
testvideo,8240,8490,8365,-0.0008906926959752898
testvideo,8280,8530,8405,0.007105583325028433
testvideo,8320,8570,8445,0.01778322085738182
testvideo,8360,8610,8485,0.029321923851966858
testvideo,8400,8650,8525,0.020208707877567844
testvideo,8440,8690,8565,-0.0049540735781192745
testvideo,8480,8730,8605,-0.021709468215703964
testvideo,8520,8770,8645,-0.038595596328377724
testvideo,8560,8810,8685,-0.06293502449989317
testvideo,8600,8850,8725,-0.0732583659035819
testvideo,8640,8890,8765,-0.07779301490102496
testvideo,8680,8930,8805,-0.08204350620508194
testvideo,8720,8970,8845,-0.08381222188472746
testvideo,8760,9010,8885,-0.08500413383756365
testvideo,8800,9050,8925,-0.08391864384923663
testvideo,8840,9090,8965,-0.0826798507145473
testvideo,8880,9130,9005,-0.07960869371891022
testvideo,8920,9170,9045,-0.07595765963196754
testvideo,8960,9210,9085,-0.07006643499646867
testvideo,9000,9250,9125,-0.06623418416295732
testvideo,9040,9290,9165,-0.06181101713861737
testvideo,9080,9330,9205,-0.05446893721818923
testvideo,9120,9370,9245,-0.04994689300656317
testvideo,9160,9410,9285,-0.047050952911376946
testvideo,9200,9450,9325,-0.04167815617152622
testvideo,9240,9490,9365,-0.03523568170411247
testvideo,9280,9530,9405,-0.027788490056991584
testvideo,9320,9570,9445,-0.02379111200571061
testvideo,9360,9610,9485,-0.020071201026439667
testvideo,9400,9650,9525,-0.012233444622584735
testvideo,9440,9690,9565,-0.00895558084760391
testvideo,9480,9730,9605,-0.006568759679794291
testvideo,9520,9770,9645,-0.004690278321504579
testvideo,9560,9810,9685,-0.0037747453898191417
testvideo,9600,9850,9725,-0.0025794442210878843
testvideo,9640,9890,9765,-0.002662665077618214
testvideo,9680,9930,9805,-0.0037918069532939685
testvideo,9720,9970,9845,-0.007161304354667698
testvideo,9760,10010,9885,-0.009993921965360673
testvideo,9800,10050,9925,-0.015401799763952007
testvideo,9840,10090,9965,-0.01936429526124684
testvideo,9880,10130,10005,-0.024230605789593306
testvideo,9920,10170,10045,-0.03226200304925443
testvideo,9960,10210,10085,-0.03711448051035405
testvideo,10000,10250,10125,-0.04405953628676279
testvideo,10040,10290,10165,-0.04707275118146624
testvideo,10080,10330,10205,-0.04989638073103768
testvideo,10120,10370,10245,-0.051004067063331604
testvideo,10160,10410,10285,-0.04978177696466446
testvideo,10200,10450,10325,-0.04764990881085395
testvideo,10240,10490,10365,-0.04422337242535183
testvideo,10280,10530,10405,-0.04188189761979239
testvideo,10320,10570,10445,-0.039242722094058984
testvideo,10360,10610,10485,-0.03735392913222312
testvideo,10400,10650,10525,-0.036607604473829256
testvideo,10440,10690,10565,-0.03924010055405752
testvideo,10480,10730,10605,-0.04238759619849068
testvideo,10520,10770,10645,-0.04581530605043682
testvideo,10560,10810,10685,-0.05231105163693428
testvideo,10600,10850,10725,-0.05639699473977088
testvideo,10640,10890,10765,-0.0639182882649558
testvideo,10680,10930,10805,-0.06687308422156743
testvideo,10720,10970,10845,-0.06898563461644308
testvideo,10760,11010,10885,-0.07114983350038528
testvideo,10800,11050,10925,-0.0731293223798275
testvideo,10840,11090,10965,-0.07429443299770355
testvideo,10880,11130,11005,-0.07409760355949402
testvideo,10920,11170,11045,-0.07365452391760692
testvideo,10960,11210,11085,-0.07222855091094973
testvideo,11000,11250,11125,-0.06924498826265338
testvideo,11040,11290,11165,-0.06390673773629328
testvideo,11080,11330,11205,-0.06056930976254604
testvideo,11120,11370,11245,-0.05692233783858166
testvideo,11160,11410,11285,-0.048607023432850865
testvideo,11200,11450,11325,-0.04462761059403423
testvideo,11240,11490,11365,-0.0416207164525986
testvideo,11280,11530,11405,-0.03947454052312035
testvideo,11320,11570,11445,-0.038125291466712966
testvideo,11360,11610,11485,-0.038026330992579474
testvideo,11400,11650,11525,-0.040348267182707793
testvideo,11440,11690,11565,-0.042775701731443405
testvideo,11480,11730,11605,-0.046852871775627115
testvideo,11520,11770,11645,-0.050191336444446004
testvideo,11560,11810,11685,-0.053780366267476745
testvideo,11600,11850,11725,-0.05888517200946808
testvideo,11640,11890,11765,-0.06239977851510049
testvideo,11680,11930,11805,-0.06744602109704702
testvideo,11720,11970,11845,-0.06866792057241715
testvideo,11760,12010,11885,-0.06910269813878199
testvideo,11800,12050,11925,-0.06509617902338506
testvideo,11840,12090,11965,-0.062468230724334724
testvideo,11880,12130,12005,-0.05798899701663424
testvideo,11920,12170,12045,-0.054775868143354126
testvideo,11960,12210,12085,-0.05473681858607699
testvideo,12000,12250,12125,-0.05673992261290548
testvideo,12040,12290,12165,-0.057753238826990114
testvideo,12080,12330,12205,-0.06024567570005144
testvideo,12120,12370,12245,-0.06115981084959848
testvideo,12160,12410,12285,-0.06139338868004935
testvideo,12200,12450,12325,-0.057527501136064536
testvideo,12240,12490,12365,-0.055234491825103774
testvideo,12280,12530,12405,-0.05381400883197786
testvideo,12320,12570,12445,-0.053190691130501906
testvideo,12360,12610,12485,-0.05438514266695297
testvideo,12400,12650,12525,-0.05675177648663523
testvideo,12440,12690,12565,-0.05828734487295153
testvideo,12480,12730,12605,-0.0593799911439419
testvideo,12520,12770,12645,-0.0615320248263223
testvideo,12560,12810,12685,-0.05951831596238274
testvideo,12600,12850,12725,-0.05501789280346464
testvideo,12640,12890,12765,-0.029682900756597536
testvideo,12680,12930,12805,-0.01660048216581347
testvideo,12720,12970,12845,0.0034210341317312703
testvideo,12760,13010,12885,0.01692214395318709
testvideo,12800,13050,12925,0.026981730546270077
testvideo,12840,13090,12965,0.03252480737864971
testvideo,12880,13130,13005,0.02650632523000241
testvideo,12920,13170,13045,0.013931617140769983
testvideo,12960,13210,13085,0.004047940884317702
testvideo,13000,13250,13125,-0.00687182375362938
testvideo,13040,13290,13165,-0.02804972603917119
testvideo,13080,13330,13205,-0.040787685662507976
testvideo,13120,13370,13245,-0.05972549319267271
testvideo,13160,13410,13285,-0.06789933783667426
testvideo,13200,13450,13325,-0.0748617478779384
testvideo,13240,13490,13365,-0.07433443516492844
testvideo,13280,13530,13405,-0.07060163840651512
testvideo,13320,13570,13445,-0.06549011915922165
testvideo,13360,13610,13485,-0.05647697193281993
testvideo,13400,13650,13525,-0.04720667430332731
testvideo,13440,13690,13565,-0.03333775326609612
testvideo,13480,13730,13605,-0.02708949893712998
testvideo,13520,13770,13645,-0.022090356796979904
testvideo,13560,13810,13685,-0.0156540104321071
testvideo,13600,13850,13725,-0.012924228395734498
testvideo,13640,13890,13765,-0.012318483420780726
testvideo,13680,13930,13805,-0.01439310610294342
testvideo,13720,13970,13845,-0.015927638858556747
testvideo,13760,14010,13885,-0.018139077084405073
testvideo,13800,14050,13925,-0.02050150718007768
testvideo,13840,14090,13965,-0.02339989372662134
testvideo,13880,14130,14005,-0.028089337050914737
testvideo,13920,14170,14045,-0.030773602426052073
testvideo,13960,14210,14085,-0.035364248922892964
testvideo,14000,14250,14125,-0.03800197158540997
testvideo,14040,14290,14165,-0.040387098278318136
testvideo,14080,14330,14205,-0.04384709149599076
testvideo,14120,14370,14245,-0.04609960317611694
testvideo,14160,14410,14285,-0.04778672382235528
testvideo,14200,14450,14325,-0.05019623041152954
testvideo,14240,14490,14365,-0.05152558854648046
testvideo,14280,14530,14405,-0.05366242304444313
testvideo,14320,14570,14445,-0.05642773211002351
testvideo,14360,14610,14485,-0.05845914781093598
testvideo,14400,14650,14525,-0.06157571077346803
testvideo,14440,14690,14565,-0.06418248585292272
testvideo,14480,14730,14605,-0.057486925274133675
testvideo,14520,14770,14645,-0.04470979236066341
testvideo,14560,14810,14685,-0.03246841579675673
testvideo,14600,14850,14725,-0.011445662805012271
testvideo,14640,14890,14765,0.0034624700035367933
testvideo,14680,14930,14805,0.018822427306856442
testvideo,14720,14970,14845,0.028139695525169393
testvideo,14760,15010,14885,0.02665758132934571
testvideo,14800,15050,14925,0.014338736023221702
testvideo,14840,15090,14965,0.0031136316912514822
testvideo,14880,15130,15005,-0.01079467577593668
testvideo,14920,15170,15045,-0.03319384902715685
testvideo,14960,15210,15085,-0.04520297050476076
testvideo,15000,15250,15125,-0.05745760883603779
testvideo,15040,15290,15165,-0.06229534319468909
testvideo,15080,15330,15205,-0.06551327449934825
testvideo,15120,15370,15245,-0.06484823301434517
testvideo,15160,15410,15285,-0.06199668720364571
testvideo,15200,15450,15325,-0.05912138149142266
testvideo,15240,15490,15365,-0.057363999741418044
testvideo,15280,15530,15405,-0.05554761205400743
testvideo,15320,15570,15445,-0.05355016514658932
testvideo,15360,15610,15485,-0.052121318876743365
testvideo,15400,15650,15525,-0.050399605184793514
testvideo,15440,15690,15565,-0.04933774471282961
testvideo,15480,15730,15605,-0.051116368600300395
testvideo,15520,15770,15645,-0.05480070039629937
testvideo,15560,15810,15685,-0.05599642917513848
testvideo,15600,15850,15725,-0.05729756131768226
testvideo,15640,15890,15765,-0.060124865600040975
testvideo,15680,15930,15805,-0.06146583386829922
testvideo,15720,15970,15845,-0.062052509614399516
testvideo,15760,16010,15885,-0.06370804086327554
testvideo,15800,16050,15925,-0.06529201194643977
testvideo,15840,16090,15965,-0.06896488155637472
testvideo,15880,16130,16005,-0.07141114984239853
testvideo,15920,16170,16045,-0.07293237958635604
testvideo,15960,16210,16085,-0.07106583938002586
testvideo,16000,16250,16125,-0.06898882612586021
testvideo,16040,16290,16165,-0.06494429707527162
testvideo,16080,16330,16205,-0.06119006446429663
testvideo,16120,16370,16245,-0.05776667169162207
testvideo,16160,16410,16285,-0.058398209512233755
testvideo,16200,16450,16325,-0.06041278317570687
testvideo,16240,16490,16365,-0.06326979771256448
testvideo,16280,16530,16405,-0.06934753486088345
testvideo,16320,16570,16445,-0.07369859303746905
testvideo,16360,16610,16485,-0.0763193741440773
testvideo,16400,16650,16525,-0.07475202158093452
testvideo,16440,16690,16565,-0.06092713959515095
testvideo,16480,16730,16605,-0.036473133734294345
testvideo,16520,16770,16645,-0.014532598001616338
testvideo,16560,16810,16685,0.014450469985604297
testvideo,16600,16850,16725,0.03267416544258596
testvideo,16640,16890,16765,0.045884428545832655
testvideo,16680,16930,16805,0.0572884295667921
testvideo,16720,16970,16845,0.04588863466467179
testvideo,16760,17010,16885,0.03534936053412302
testvideo,16800,17050,16925,0.01597413420677186
testvideo,16840,17090,16965,0.002438995987176888
testvideo,16880,17130,17005,-0.017619367156709958
testvideo,16920,17170,17045,-0.026333476815904904
testvideo,16960,17210,17085,-0.029921748808452078
testvideo,17000,17250,17125,-0.033099807798862464
testvideo,17040,17290,17165,-0.03376303613185884
testvideo,17080,17330,17205,-0.030934721231460578
testvideo,17120,17370,17245,-0.027931217636380883
testvideo,17160,17410,17285,-0.024641603231430054
testvideo,17200,17450,17325,-0.01834562048316002
testvideo,17240,17490,17365,-0.014837566763162606
testvideo,17280,17530,17405,-0.012076705694198595
testvideo,17320,17570,17445,-0.007970477853502531
testvideo,17360,17610,17485,-0.006210118532180778
testvideo,17400,17650,17525,-0.007577285170555115
testvideo,17440,17690,17565,-0.010470733046531684
testvideo,17480,17730,17605,-0.015088651329278946
testvideo,17520,17770,17645,-0.023818186351231174
testvideo,17560,17810,17685,-0.03269774147442409
testvideo,17600,17850,17725,-0.04158489193235123
testvideo,17640,17890,17765,-0.05205921828746796
testvideo,17680,17930,17805,-0.058197084814310074
testvideo,17720,17970,17845,-0.06680089235305788
testvideo,17760,18010,17885,-0.06942303691591536
testvideo,17800,18050,17925,-0.06965725336756026
testvideo,17840,18090,17965,-0.07005338370800021
testvideo,17880,18130,18005,-0.0701340697705746
testvideo,17920,18170,18045,-0.07118660637310574
testvideo,17960,18210,18085,-0.07240005476134163
testvideo,18000,18250,18125,-0.0738219363348825
testvideo,18040,18290,18165,-0.07680225372314453
testvideo,18080,18330,18205,-0.07858618721365929
testvideo,18120,18370,18245,-0.08053305745124817
testvideo,18160,18410,18285,-0.08046819056783404
testvideo,18200,18450,18325,-0.07938169155802045
testvideo,18240,18490,18365,-0.07729729637503621
testvideo,18280,18530,18405,-0.07607214152812955
testvideo,18320,18570,18445,-0.07474946603178975
testvideo,18360,18610,18485,-0.07256269029208588
testvideo,18400,18650,18525,-0.07251925979341776
testvideo,18440,18690,18565,-0.06826444715261457
testvideo,18480,18730,18605,-0.06279051676392552
testvideo,18520,18770,18645,-0.05658460408449172
testvideo,18560,18810,18685,-0.04826398832457407
testvideo,18600,18850,18725,-0.04302745206015452
testvideo,18640,18890,18765,-0.03838493781430382
testvideo,18680,18930,18805,-0.03679096512496472
testvideo,18720,18970,18845,-0.03691820614039899
testvideo,18760,19010,18885,-0.04213574741567886
testvideo,18800,19050,18925,-0.04569897694247112
testvideo,18840,19090,18965,-0.04983679950237276
testvideo,18880,19130,19005,-0.05672322958707811
testvideo,18920,19170,19045,-0.061093427240848555
testvideo,18960,19210,19085,-0.06812132256371636
testvideo,19000,19250,19125,-0.07237007788249425
testvideo,19040,19290,19165,-0.07581893886838639
testvideo,19080,19330,19205,-0.07633111998438832
testvideo,19120,19370,19245,-0.07614028453826902
testvideo,19160,19410,19285,-0.07447360668863567
testvideo,19200,19450,19325,-0.07271063753536768
testvideo,19240,19490,19365,-0.07062593102455139
testvideo,19280,19530,19405,-0.06722050532698631
testvideo,19320,19570,19445,-0.0648726671934128
testvideo,19360,19610,19485,-0.06248946487903597
testvideo,19400,19650,19525,-0.058330829654421136
testvideo,19440,19690,19565,-0.05531697613852366
testvideo,19480,19730,19605,-0.052127987146377563
testvideo,19520,19770,19645,-0.050010614097118364
testvideo,19560,19810,19685,-0.049214266240596764
testvideo,19600,19850,19725,-0.05013869064194814
testvideo,19640,19890,19765,-0.052731228726250766
testvideo,19680,19930,19805,-0.05568104130881172
testvideo,19720,19970,19845,-0.06023465096950531
testvideo,19760,20010,19885,-0.06443784385919571
testvideo,19800,20050,19925,-0.07061944689069477
testvideo,19840,20090,19965,-0.07227709037917004
testvideo,19880,20130,20005,-0.07359510234424048
testvideo,19920,20170,20045,-0.07349370792508125
testvideo,19960,20210,20085,-0.07344876602292061
testvideo,20000,20250,20125,-0.07183316775730678
testvideo,20040,20290,20165,-0.0705069899559021
testvideo,20080,20330,20205,-0.07018136552401952
testvideo,20120,20370,20245,-0.07102593407034874
testvideo,20160,20410,20285,-0.07147518545389175
testvideo,20200,20450,20325,-0.07171797752380371
testvideo,20240,20490,20365,-0.07273477741650172
testvideo,20280,20530,20405,-0.07264203258923121
testvideo,20320,20570,20445,-0.07087752595543861
testvideo,20360,20610,20485,-0.0686471275985241
testvideo,20400,20650,20525,-0.06535076722502708
testvideo,20440,20690,20565,-0.06072752816336495
testvideo,20480,20730,20605,-0.05614173838070459
testvideo,20520,20770,20645,-0.048382058739662163
testvideo,20560,20810,20685,-0.043045312166213975
testvideo,20600,20850,20725,-0.03846573457121849
testvideo,20640,20890,20765,-0.033073025090353834
testvideo,20680,20930,20805,-0.030368864536285418
testvideo,20720,20970,20845,-0.029527268239430034
testvideo,20760,21010,20885,-0.03053170442581179
testvideo,20800,21050,20925,-0.03245564550161364
testvideo,20840,21090,20965,-0.03672839062554497
testvideo,20880,21130,21005,-0.04174014925956727
testvideo,20920,21170,21045,-0.048351773193904324
testvideo,20960,21210,21085,-0.05213040113449097
testvideo,21000,21250,21125,-0.05456464365124701
testvideo,21040,21290,21165,-0.05495905024664741
testvideo,21080,21330,21205,-0.045230094875608154
testvideo,21120,21370,21245,-0.032781392335891696
testvideo,21160,21410,21285,-0.008587341755628562
testvideo,21200,21450,21325,0.0024327337741852154
testvideo,21240,21490,21365,0.010032746940851264
testvideo,21280,21530,21405,0.023863383701869478
testvideo,21320,21570,21445,0.020715679441179604
testvideo,21360,21610,21485,0.009141974151134529
testvideo,21400,21650,21525,-0.008616462349891635
testvideo,21440,21690,21565,-0.02261934801936146
testvideo,21480,21730,21605,-0.04265412688255309
testvideo,21520,21770,21645,-0.05478107929229735
testvideo,21560,21810,21685,-0.06835009530186653
testvideo,21600,21850,21725,-0.07667339593172073
testvideo,21640,21890,21765,-0.08122669160366058
testvideo,21680,21930,21805,-0.07771176525524684
testvideo,21720,21970,21845,-0.07374188729694911
testvideo,21760,22010,21885,-0.06930089848382133
testvideo,21800,22050,21925,-0.05965485051274301
testvideo,21840,22090,21965,-0.05216574668884279
testvideo,21880,22130,22005,-0.04120997445923943
testvideo,21920,22170,22045,-0.033052853175571995
testvideo,21960,22210,22085,-0.02698607104165215
testvideo,22000,22250,22125,-0.020588714629411697
testvideo,22040,22290,22165,-0.01844273880124092
testvideo,22080,22330,22205,-0.014958586011614103
testvideo,22120,22370,22245,-0.0134144297667912
testvideo,22160,22410,22285,-0.014668592384883336
testvideo,22200,22450,22325,-0.01680272072553634
testvideo,22240,22490,22365,-0.01850371807813645
testvideo,22280,22530,22405,-0.02045579627156259
testvideo,22320,22570,22445,-0.022440199341092815
testvideo,22360,22610,22485,-0.02718710473605567
testvideo,22400,22650,22525,-0.035459507256746306
testvideo,22440,22690,22565,-0.040209464728832266
testvideo,22480,22730,22605,-0.04483320936560633
testvideo,22520,22770,22645,-0.051306115729468214
testvideo,22560,22810,22685,-0.05420778478894915
testvideo,22600,22850,22725,-0.05215178057551384
testvideo,22640,22890,22765,-0.050341732800006866
testvideo,22680,22930,22805,-0.047910206019878394
testvideo,22720,22970,22845,-0.0442316404410771
testvideo,22760,23010,22885,-0.0426048082964761
testvideo,22800,23050,22925,-0.0426170655659267
testvideo,22840,23090,22965,-0.04504043236374855
testvideo,22880,23130,23005,-0.04538822174072265
testvideo,22920,23170,23045,-0.04511006815092904
testvideo,22960,23210,23085,-0.041134425571986606
testvideo,23000,23250,23125,-0.03778797388076783
testvideo,23040,23290,23165,-0.038220670074224465
testvideo,23080,23330,23205,-0.036450587213039384
testvideo,23120,23370,23245,-0.02584765425750187
testvideo,23160,23410,23285,-0.016214930585452484
testvideo,23200,23450,23325,-0.006711187107222428
testvideo,23240,23490,23365,0.008686592802405354
testvideo,23280,23530,23405,0.01939222961664199
testvideo,23320,23570,23445,0.031225003302097303
testvideo,23360,23610,23485,0.0380104716335024
testvideo,23400,23650,23525,0.026973960655076155
testvideo,23440,23690,23565,-0.0035472083836793795
testvideo,23480,23730,23605,-0.02085495926439762
testvideo,23520,23770,23645,-0.03929783962666987
testvideo,23560,23810,23685,-0.06928022844450812
testvideo,23600,23850,23725,-0.0791837317602975
testvideo,23640,23890,23765,-0.08480394312313624
testvideo,23680,23930,23805,-0.0804641731083393
testvideo,23720,23970,23845,-0.0750761367380619
testvideo,23760,24010,23885,-0.06562787294387816
testvideo,23800,24050,23925,-0.06099838869912282
testvideo,23840,24090,23965,-0.057473370007106214
testvideo,23880,24130,24005,-0.05532800033688543
testvideo,23920,24170,24045,-0.059462614357471445
testvideo,23960,24210,24085,-0.06316311018807545
testvideo,24000,24250,24125,-0.06868627241679598
testvideo,24040,24290,24165,-0.07299013648714335
testvideo,24080,24330,24205,-0.07595021650195122
testvideo,24120,24370,24245,-0.07685508579015732
testvideo,24160,24410,24285,-0.07410696574619838
testvideo,24200,24450,24325,-0.06948147075516838
testvideo,24240,24490,24365,-0.06244458045278278
testvideo,24280,24530,24405,-0.05319663882255556
testvideo,24320,24570,24445,-0.04794514551758768
testvideo,24360,24610,24485,-0.043975897133350386
testvideo,24400,24650,24525,-0.039232381752559144
testvideo,24440,24690,24565,-0.03842155848230635
testvideo,24480,24730,24605,-0.039794538170099265
testvideo,24520,24770,24645,-0.04086927697062494
testvideo,24560,24810,24685,-0.04208745807409288
testvideo,24600,24850,24725,-0.04159768990107946
testvideo,24640,24890,24765,-0.03903368966920036
testvideo,24680,24930,24805,-0.036266871861049134
testvideo,24720,24970,24845,-0.027575105428695706
testvideo,24760,25010,24885,-0.01933145336806777
testvideo,24800,25050,24925,-0.006297005074364819
testvideo,24840,25090,24965,0.0015293381043842702
testvideo,24880,25130,25005,0.009471544197627456
testvideo,24920,25170,25045,0.0157933048903942
testvideo,24960,25210,25085,0.017954908311367025
testvideo,25000,25250,25125,0.016480239374297018
testvideo,25040,25290,25165,0.008373286042894643
testvideo,25080,25330,25205,-0.002994135022163387
testvideo,25120,25370,25245,-0.024477992206811905
testvideo,25160,25410,25285,-0.03854434937238694
testvideo,25200,25450,25325,-0.059704444238117764
testvideo,25240,25490,25365,-0.06917641844068255
testvideo,25280,25530,25405,-0.0739376928125109
testvideo,25320,25570,25445,-0.07315738871693613
testvideo,25360,25610,25485,-0.07140678167343141
testvideo,25400,25650,25525,-0.06585163250565529
testvideo,25440,25690,25565,-0.05646956818444388
testvideo,25480,25730,25605,-0.05147021157400949
testvideo,25520,25770,25645,-0.047465890645980835
testvideo,25560,25810,25685,-0.044883601367473595
testvideo,25600,25850,25725,-0.04298772290349005
testvideo,25640,25890,25765,-0.043114551476069844
testvideo,25680,25930,25805,-0.043223581143787916
testvideo,25720,25970,25845,-0.04483703630311147
testvideo,25760,26010,25885,-0.051632646471261964
testvideo,25800,26050,25925,-0.055749960243701935
testvideo,25840,26090,25965,-0.0624590984412602
testvideo,25880,26130,26005,-0.0672307014465332
testvideo,25920,26170,26045,-0.07182365230151586
testvideo,25960,26210,26085,-0.07525252178311348
testvideo,26000,26250,26125,-0.07631203159689902
testvideo,26040,26290,26165,-0.07766383247716083
testvideo,26080,26330,26205,-0.07843641511031556
testvideo,26120,26370,26245,-0.07913736786161148
testvideo,26160,26410,26285,-0.07957803457975385
testvideo,26200,26450,26325,-0.07880784943699835
testvideo,26240,26490,26365,-0.07698288985661096
testvideo,26280,26530,26405,-0.07257848765168871
testvideo,26320,26570,26445,-0.06800920835563115
testvideo,26360,26610,26485,-0.0599333643913269
testvideo,26400,26650,26525,-0.05481768399477004
testvideo,26440,26690,26565,-0.04955998063087463
testvideo,26480,26730,26605,-0.042752781084605625
testvideo,26520,26770,26645,-0.041004423584256836
testvideo,26560,26810,26685,-0.03934670239686965
testvideo,26600,26850,26725,-0.038623433560132966
testvideo,26640,26890,26765,-0.03848615474998949
testvideo,26680,26930,26805,-0.03957390359469822
testvideo,26720,26970,26845,-0.04268854643617358
testvideo,26760,27010,26885,-0.046533920935222094
testvideo,26800,27050,26925,-0.03595606237649919
testvideo,26840,27090,26965,-0.03242052346467972
testvideo,26880,27130,27005,-0.030440055898257688
testvideo,26920,27170,27045,-0.028756414140973793
testvideo,26960,27210,27085,-0.014636265380041955
testvideo,27000,27250,27125,0.00026907213032244595
testvideo,27040,27290,27165,0.007481614127755144
testvideo,27080,27330,27205,0.012237465807369749
testvideo,27120,27370,27245,0.02223022707871025
testvideo,27160,27410,27285,0.033355834228651834
testvideo,27200,27450,27325,0.03183420747518536
testvideo,27240,27490,27365,0.03172486275434491
testvideo,27280,27530,27405,0.025335451588034602
testvideo,27320,27570,27445,0.006867636527333913
testvideo,27360,27610,27485,-0.010861954518726902
testvideo,27400,27650,27525,-0.036586530506610884
testvideo,27440,27690,27565,-0.051685756072402014
testvideo,27480,27730,27605,-0.06450751423835754
testvideo,27520,27770,27645,-0.08234424463340216
testvideo,27560,27810,27685,-0.0809502069439207
testvideo,27600,27850,27725,-0.07628157734870913
testvideo,27640,27890,27765,-0.07262228615581992
testvideo,27680,27930,27805,-0.0689205434173346
testvideo,27720,27970,27845,-0.06328521030289788
testvideo,27760,28010,27885,-0.06060602409499035
testvideo,27800,28050,27925,-0.05853608037744252
testvideo,27840,28090,27965,-0.05829953216016294
testvideo,27880,28130,28005,-0.05522492714226247
testvideo,27920,28170,28045,-0.05058139988354276
testvideo,27960,28210,28085,-0.04555615356990271
testvideo,28000,28250,28125,-0.036973736115864346
testvideo,28040,28290,28165,-0.021502722054719932
testvideo,28080,28330,28205,-0.013138933107256896
testvideo,28120,28370,28245,-0.0006385573319026561
testvideo,28160,28410,28285,0.001296164734022954
testvideo,28200,28450,28325,-0.00022720013345990862
testvideo,28240,28490,28365,-0.016901262104511282
testvideo,28280,28530,28405,-0.03139878436923029
testvideo,28320,28570,28445,-0.04403518140316012
testvideo,28360,28610,28485,-0.06411219707557135
testvideo,28400,28650,28525,-0.07518130966595242
testvideo,28440,28690,28565,-0.08195847272872928
testvideo,28480,28730,28605,-0.08532271161675456
testvideo,28520,28770,28645,-0.08495672419667244
testvideo,28560,28810,28685,-0.08080155295985085
testvideo,28600,28850,28725,-0.07799874458994184
testvideo,28640,28890,28765,-0.07274902984499931
testvideo,28680,28930,28805,-0.0703653059899807
testvideo,28720,28970,28845,-0.06816006451845169
testvideo,28760,29010,28885,-0.06498168621744428
testvideo,28800,29050,28925,-0.06367696608815875
testvideo,28840,29090,28965,-0.06263802306992668
testvideo,28880,29130,29005,-0.0635076053440571
testvideo,28920,29170,29045,-0.0648770481348038
testvideo,28960,29210,29085,-0.06766070212636678
testvideo,29000,29250,29125,-0.069715861763273
testvideo,29040,29290,29165,-0.07124159165791107
testvideo,29080,29330,29205,-0.073298703879118
testvideo,29120,29370,29245,-0.07477963715791705
testvideo,29160,29410,29285,-0.07630225164549694
testvideo,29200,29450,29325,-0.075583496264049
testvideo,29240,29490,29365,-0.07443666458129883
testvideo,29280,29530,29405,-0.07142046466469762
testvideo,29320,29570,29445,-0.07028556987643239
testvideo,29360,29610,29485,-0.06938374787569043
testvideo,29400,29650,29525,-0.06765211480004442
testvideo,29440,29690,29565,-0.0679596364498138
testvideo,29480,29730,29605,-0.07039348594844339
testvideo,29520,29770,29645,-0.0723314508795738
testvideo,29560,29810,29685,-0.07422181777656078
testvideo,29600,29850,29725,-0.07797983927386147
testvideo,29640,29890,29765,-0.08048687875270845
testvideo,29680,29930,29805,-0.08343458548188211
testvideo,29720,29970,29845,-0.08437393605709077
testvideo,29760,30010,29885,-0.08430986106395721
testvideo,29800,30050,29925,-0.08530056050845555
testvideo,29840,30090,29965,-0.08310403142656599
testvideo,29880,30130,30005,-0.07616553562028068
testvideo,29920,30170,30045,-0.06925018131732939
testvideo,29960,30210,30085,-0.06571224518120287
testvideo,30000,30250,30125,-0.05887747662408011
testvideo,30040,30290,30165,-0.05528104305267333
testvideo,30080,30330,30205,-0.05162078993661062
testvideo,30120,30370,30245,-0.05294540897011757
testvideo,30160,30410,30285,-0.0530852433294058
testvideo,30200,30450,30325,-0.04926055031163353
testvideo,30240,30490,30365,-0.04834681536470142
testvideo,30280,30530,30405,-0.04699956519263133
testvideo,30320,30570,30445,-0.04920086078345777
testvideo,30360,30610,30485,-0.05160579085350038
testvideo,30400,30650,30525,-0.05481888167560102
testvideo,30440,30690,30565,-0.05767388003213066
testvideo,30480,30730,30605,-0.0584653105054583
testvideo,30520,30770,30645,-0.05662255175411703
testvideo,30560,30810,30685,-0.055647244676947594
testvideo,30600,30850,30725,-0.054277375340461745
testvideo,30640,30890,30765,-0.04841607596193041
testvideo,30680,30930,30805,-0.05202120542526245
testvideo,30720,30970,30845,-0.05735981251512256
testvideo,30760,31010,30885,-0.06804036349058151
testvideo,30800,31050,30925,-0.0732004102319479
testvideo,30840,31090,30965,-0.0824793598481587
testvideo,30880,31130,31005,-0.0863402783870697
testvideo,30920,31170,31045,-0.08608099818229677
testvideo,30960,31210,31085,-0.08359031938016415
testvideo,31000,31250,31125,-0.08102676644921303
testvideo,31040,31290,31165,-0.07695930983339037
testvideo,31080,31330,31205,-0.07358831167221072
testvideo,31120,31370,31245,-0.07090759703091216
testvideo,31160,31410,31285,-0.0672379340976477
testvideo,31200,31450,31325,-0.06516920402646068
testvideo,31240,31490,31365,-0.06248568424156737
testvideo,31280,31530,31405,-0.06134359112807687
testvideo,31320,31570,31445,-0.061036212103707486
testvideo,31360,31610,31485,-0.05729807540774347
testvideo,31400,31650,31525,-0.05816705897450447
testvideo,31440,31690,31565,-0.059125091880559914
testvideo,31480,31730,31605,-0.05935615726879663
testvideo,31520,31770,31645,-0.060328142983572794
testvideo,31560,31810,31685,-0.06267901137471196
testvideo,31600,31850,31725,-0.06660715490579602
testvideo,31640,31890,31765,-0.06820061057806014
testvideo,31680,31930,31805,-0.06875503914696829
testvideo,31720,31970,31845,-0.07018429466656276
testvideo,31760,32010,31885,-0.07153685178075518
testvideo,31800,32050,31925,-0.07398759387433528
testvideo,31840,32090,31965,-0.07485361211001872
testvideo,31880,32130,32005,-0.07630022721631187
testvideo,31920,32170,32045,-0.07625875941344669
testvideo,31960,32210,32085,-0.07521670843873704
testvideo,32000,32250,32125,-0.07238171063363551
testvideo,32040,32290,32165,-0.07042146660387516
testvideo,32080,32330,32205,-0.06787208574158805
testvideo,32120,32370,32245,-0.06709625891276767
testvideo,32160,32410,32285,-0.06519110713686262
testvideo,32200,32450,32325,-0.0643344409763813
testvideo,32240,32490,32365,-0.06408758834004404
testvideo,32280,32530,32405,-0.06305929592677526
testvideo,32320,32570,32445,-0.06228242601667133
testvideo,32360,32610,32485,-0.06129452373300281
testvideo,32400,32650,32525,-0.06153874844312669
testvideo,32440,32690,32565,-0.0611271169036627
testvideo,32480,32730,32605,-0.0615232363343239
testvideo,32520,32770,32645,-0.06214593776634764
testvideo,32560,32810,32685,-0.06390642906938282
testvideo,32600,32850,32725,-0.0684500373899937
testvideo,32640,32890,32765,-0.07106375321745875
testvideo,32680,32930,32805,-0.07362237945199014
testvideo,32720,32970,32845,-0.07804568963391441
testvideo,32760,33010,32885,-0.08100040469850811
testvideo,32800,33050,32925,-0.08298563318593162
testvideo,32840,33090,32965,-0.0851127840578556
testvideo,32880,33130,33005,-0.08587123453617096
testvideo,32920,33170,33045,-0.08731247910431454
testvideo,32960,33210,33085,-0.08770568668842317
testvideo,33000,33250,33125,-0.08740297172750747
testvideo,33040,33290,33165,-0.08649823442101481
testvideo,33080,33330,33205,-0.08585713990032676
testvideo,33120,33370,33245,-0.08496535888739998
testvideo,33160,33410,33285,-0.08489425906113215
testvideo,33200,33450,33325,-0.08430418797901698
testvideo,33240,33490,33365,-0.08394736051559448
testvideo,33280,33530,33405,-0.0839691087603569
testvideo,33320,33570,33445,-0.08402571082115173
testvideo,33360,33610,33485,-0.08522933721542358
testvideo,33400,33650,33525,-0.0861254334449768
testvideo,33440,33690,33565,-0.08263719826936722
testvideo,33480,33730,33605,-0.08149115927517413
testvideo,33520,33770,33645,-0.08264612779021263
testvideo,33560,33810,33685,-0.08316542421068464
testvideo,33600,33850,33725,-0.08215194940567017
testvideo,33640,33890,33765,-0.07783581130206585
testvideo,33680,33930,33805,-0.07721560634672642
testvideo,33720,33970,33845,-0.07751973159611225
testvideo,33760,34010,33885,-0.07014663304601397
testvideo,33800,34050,33925,-0.06441417336463927
testvideo,33840,34090,33965,-0.06072781980037689
testvideo,33880,34130,34005,-0.0622724499553442
testvideo,33920,34170,34045,-0.06372177228331566
testvideo,33960,34210,34085,-0.064954331942967
testvideo,34000,34250,34125,-0.07171687270913805
testvideo,34040,34290,34165,-0.07633820814745766
testvideo,34080,34330,34205,-0.08085346966981889
testvideo,34120,34370,34245,-0.08241408690810205
testvideo,34160,34410,34285,-0.08279103466442657
testvideo,34200,34450,34325,-0.08053477108478548
testvideo,34240,34490,34365,-0.07659750325339183
testvideo,34280,34530,34405,-0.0693269427865744
testvideo,34320,34570,34445,-0.0627216994762421
testvideo,34360,34610,34485,-0.05618376284837726
testvideo,34400,34650,34525,-0.046695917844772374
testvideo,34440,34690,34565,-0.04127254656382973
testvideo,34480,34730,34605,-0.03732612356543545
testvideo,34520,34770,34645,-0.035003485158085865
testvideo,34560,34810,34685,-0.034007972106337575
testvideo,34600,34850,34725,-0.035139281834874865
testvideo,34640,34890,34765,-0.036858281918934435
testvideo,34680,34930,34805,-0.04373366199433805
testvideo,34720,34970,34845,-0.04780359379947187
testvideo,34760,35010,34885,-0.050615921616554274
testvideo,34800,35050,34925,-0.05257999684129442
testvideo,34840,35090,34965,-0.04994175263813562
testvideo,34880,35130,35005,-0.04469033224242074
testvideo,34920,35170,35045,-0.03757883608341217
testvideo,34960,35210,35085,-0.03309382684528828
testvideo,35000,35250,35125,-0.024559089115687764
testvideo,35040,35290,35165,-0.026283958128520406
testvideo,35080,35330,35205,-0.03326067328453063
testvideo,35120,35370,35245,-0.04867291264235971
testvideo,35160,35410,35285,-0.05791680328547952
testvideo,35200,35450,35325,-0.07079021206923893
testvideo,35240,35490,35365,-0.07884006627968379
testvideo,35280,35530,35405,-0.08361862599849701
testvideo,35320,35570,35445,-0.08368019200861455
testvideo,35360,35610,35485,-0.0826444122940302
testvideo,35400,35650,35525,-0.08110581524670127
testvideo,35440,35690,35565,-0.0782961909260069
testvideo,35480,35730,35605,-0.07755012384482796
testvideo,35520,35770,35645,-0.07708779722452164
testvideo,35560,35810,35685,-0.07643752917647363
testvideo,35600,35850,35725,-0.07597059011459352
testvideo,35640,35890,35765,-0.0775502622127533
testvideo,35680,35930,35805,-0.07797782974583764
testvideo,35720,35970,35845,-0.07731297984719276
testvideo,35760,36010,35885,-0.0771595500409603
testvideo,35800,36050,35925,-0.07689002156257628
testvideo,35840,36090,35965,-0.07760682702064513
testvideo,35880,36130,36005,-0.07667252421379087
testvideo,35920,36170,36045,-0.07584037525313238
testvideo,35960,36210,36085,-0.07556150108575818
testvideo,36000,36250,36125,-0.07598973438143727
testvideo,36040,36290,36165,-0.07628728662218363
testvideo,36080,36330,36205,-0.07723991785730633
testvideo,36120,36370,36245,-0.07884857910020009
testvideo,36160,36410,36285,-0.08062655106186867
testvideo,36200,36450,36325,-0.081533994525671
testvideo,36240,36490,36365,-0.0833691656589508
testvideo,36280,36530,36405,-0.08461075595446998
testvideo,36320,36570,36445,-0.08544433968407769
testvideo,36360,36610,36485,-0.0854141637682915
testvideo,36400,36650,36525,-0.08531617000699046
testvideo,36440,36690,36565,-0.08553060144186021
testvideo,36480,36730,36605,-0.08595002974782671
testvideo,36520,36770,36645,-0.08539787360600062
testvideo,36560,36810,36685,-0.08701064810156822
testvideo,36600,36850,36725,-0.08962985128164291
testvideo,36640,36890,36765,-0.09227048978209496
testvideo,36680,36930,36805,-0.09534523316792079
testvideo,36720,36970,36845,-0.09713590570858546
testvideo,36760,37010,36885,-0.09494995325803757
testvideo,36800,37050,36925,-0.09128836169838905
testvideo,36840,37090,36965,-0.08585485816001892
testvideo,36880,37130,37005,-0.07541426164763314
testvideo,36920,37170,37045,-0.06846041338784352
testvideo,36960,37210,37085,-0.062135994434356676
testvideo,37000,37250,37125,-0.06003283709287642
testvideo,37040,37290,37165,-0.06171176582574844
testvideo,37080,37330,37205,-0.06515883122171673
testvideo,37120,37370,37245,-0.06924311390944889
testvideo,37160,37410,37285,-0.07002327697617668
testvideo,37200,37450,37325,-0.06942158378660679
testvideo,37240,37490,37365,-0.069083696231246
testvideo,37280,37530,37405,-0.0656660475901195
testvideo,37320,37570,37445,-0.06614568190915246
testvideo,37360,37610,37485,-0.06576280934470041
testvideo,37400,37650,37525,-0.07126357592642309
testvideo,37440,37690,37565,-0.07435716874897481
testvideo,37480,37730,37605,-0.07536264322698118
testvideo,37520,37770,37645,-0.07807677558490209
testvideo,37560,37810,37685,-0.07528018099921092
testvideo,37600,37850,37725,-0.06885378435254098
testvideo,37640,37890,37765,-0.06463523022830488
testvideo,37680,37930,37805,-0.06031155586242677
testvideo,37720,37970,37845,-0.05438081494399482
testvideo,37760,38010,37885,-0.05166825652122501
testvideo,37800,38050,37925,-0.050289094448089634
testvideo,37840,38090,37965,-0.049340954050421756
testvideo,37880,38130,38005,-0.049178330227732686
testvideo,37920,38170,38045,-0.05007897317409517
testvideo,37960,38210,38085,-0.05065971825804031
testvideo,38000,38250,38125,-0.05108799891812462
testvideo,38040,38290,38165,-0.05204402282834053
testvideo,38080,38330,38205,-0.053322283551096916
testvideo,38120,38370,38245,-0.054485708475112915
testvideo,38160,38410,38285,-0.052136617047446106
testvideo,38200,38450,38325,-0.05018588687692369
testvideo,38240,38490,38365,-0.04369572736322879
testvideo,38280,38530,38405,-0.04113068617880345
testvideo,38320,38570,38445,-0.03601504649434772
testvideo,38360,38610,38485,-0.03617569804191591
testvideo,38400,38650,38525,-0.04197550884314948
testvideo,38440,38690,38565,-0.05376068688929084
testvideo,38480,38730,38605,-0.06178782321512702
testvideo,38520,38770,38645,-0.07008777931332591
testvideo,38560,38810,38685,-0.0831522686140878
testvideo,38600,38850,38725,-0.08850025066307617
testvideo,38640,38890,38765,-0.08928620815277101
testvideo,38680,38930,38805,-0.0887259729206562
testvideo,38720,38970,38845,-0.08686258457601072
testvideo,38760,39010,38885,-0.08345557110650201
testvideo,38800,39050,38925,-0.0793828240462712
testvideo,38840,39090,38965,-0.0760916577918189
testvideo,38880,39130,39005,-0.07147170789539814
testvideo,38920,39170,39045,-0.06828380562365056
testvideo,38960,39210,39085,-0.06460292211600713
testvideo,39000,39250,39125,-0.06340000671999796
testvideo,39040,39290,39165,-0.06376467645168304
testvideo,39080,39330,39205,-0.06532279402017593
testvideo,39120,39370,39245,-0.0665687657892704
testvideo,39160,39410,39285,-0.06876978278160094
testvideo,39200,39450,39325,-0.07071678127561296
testvideo,39240,39490,39365,-0.07285833358764646
testvideo,39280,39530,39405,-0.07584287971258163
testvideo,39320,39570,39445,-0.07708847150206566
testvideo,39360,39610,39485,-0.07964781352451868
testvideo,39400,39650,39525,-0.08078045504433769
testvideo,39440,39690,39565,-0.08126422762870787
testvideo,39480,39730,39605,-0.08096562139689922
testvideo,39520,39770,39645,-0.08148783817887303
testvideo,39560,39810,39685,-0.0818887688219547
testvideo,39600,39850,39725,-0.08237347858292712
testvideo,39640,39890,39765,-0.0830994503838675
testvideo,39680,39930,39805,-0.08415513671934603
testvideo,39720,39970,39845,-0.08516487292945384
testvideo,39760,40010,39885,-0.08508102037012576
testvideo,39800,40050,39925,-0.08377105849129814
testvideo,39840,40090,39965,-0.08215583860874177
testvideo,39880,40130,40005,-0.08044954495770591
testvideo,39920,40170,40045,-0.07596439123153685
testvideo,39960,40210,40085,-0.07562292739748952
testvideo,40000,40250,40125,-0.07588410164628707
testvideo,40040,40290,40165,-0.07595854784761154
testvideo,40080,40330,40205,-0.07204672268458776
testvideo,40120,40370,40245,-0.06547077372670174
testvideo,40160,40410,40285,-0.06348857656121254
testvideo,40200,40450,40325,-0.057908420051847175
testvideo,40240,40490,40365,-0.05312743782997131
testvideo,40280,40530,40405,-0.05027490428515842
testvideo,40320,40570,40445,-0.046045720577239976
testvideo,40360,40610,40485,-0.04126572236418723
testvideo,40400,40650,40525,-0.035207066684961305
testvideo,40440,40690,40565,-0.028807018484388075
testvideo,40480,40730,40605,-0.021363011428288052
testvideo,40520,40770,40645,-0.014927696436643607
testvideo,40560,40810,40685,-0.010548079386353507
testvideo,40600,40850,40725,-0.013873202726244933
testvideo,40640,40890,40765,-0.02056566519396647
testvideo,40680,40930,40805,-0.024518981575965902
testvideo,40720,40970,40845,-0.03148243576288225
testvideo,40760,41010,40885,-0.03631742112338544
testvideo,40800,41050,40925,-0.0407127682119608
testvideo,40840,41090,40965,-0.045297950506210334
testvideo,40880,41130,41005,-0.04697008218084065
testvideo,40920,41170,41045,-0.04800970639501301
testvideo,40960,41210,41085,-0.04905918985605241
testvideo,41000,41250,41125,-0.050155909731984166
testvideo,41040,41290,41165,-0.05028573104313444
testvideo,41080,41330,41205,-0.05041347656931198
testvideo,41120,41370,41245,-0.05005490354129248
testvideo,41160,41410,41285,-0.05050364881753923
testvideo,41200,41450,41325,-0.0514654889702797
testvideo,41240,41490,41365,-0.05275078330721174
testvideo,41280,41530,41405,-0.054280685526984083
testvideo,41320,41570,41445,-0.056254885026386814
testvideo,41360,41610,41485,-0.05963936820626259
testvideo,41400,41650,41525,-0.06041070446372033
testvideo,41440,41690,41565,-0.05927240848541261
testvideo,41480,41730,41605,-0.05482939311436247
testvideo,41520,41770,41645,-0.048306314008576545
testvideo,41560,41810,41685,-0.036568969488143935
testvideo,41600,41850,41725,-0.03135593980550769
testvideo,41640,41890,41765,-0.026635183021426236
testvideo,41680,41930,41805,-0.020526828510420696
testvideo,41720,41970,41845,-0.021581353885786907
testvideo,41760,42010,41885,-0.03220733255147937
testvideo,41800,42050,41925,-0.041357789188623456
testvideo,41840,42090,41965,-0.051372157409787206
testvideo,41880,42130,42005,-0.0636324329035623
testvideo,41920,42170,42045,-0.0714827563081469
testvideo,41960,42210,42085,-0.07784662289278851
testvideo,42000,42250,42125,-0.07936562411487105
testvideo,42040,42290,42165,-0.07847669161856176
testvideo,42080,42330,42205,-0.0746433926480157
testvideo,42120,42370,42245,-0.07108778400080545
testvideo,42160,42410,42285,-0.06770671478339604
testvideo,42200,42450,42325,-0.06322459131479263
testvideo,42240,42490,42365,-0.05975239723920821
testvideo,42280,42530,42405,-0.057196642671312595
testvideo,42320,42570,42445,-0.05521024976457869
testvideo,42360,42610,42485,-0.05450378996985299
testvideo,42400,42650,42525,-0.05528161674737929
testvideo,42440,42690,42565,-0.05578649789094923
testvideo,42480,42730,42605,-0.057614360004663454
testvideo,42520,42770,42645,-0.060893467494419644
testvideo,42560,42810,42685,-0.06278744339942932
testvideo,42600,42850,42725,-0.06384174153208733
testvideo,42640,42890,42765,-0.06446089595556259
testvideo,42680,42930,42805,-0.06495295092463492
testvideo,42720,42970,42845,-0.06501975655555725
testvideo,42760,43010,42885,-0.06599024363926478
testvideo,42800,43050,42925,-0.06829901784658429
testvideo,42840,43090,42965,-0.0695017948746681
testvideo,42880,43130,43005,-0.07038348540663718
testvideo,42920,43170,43045,-0.07146384886332921
testvideo,42960,43210,43085,-0.07229022043091908
testvideo,43000,43250,43125,-0.07158019287245611
testvideo,43040,43290,43165,-0.07009688392281532
testvideo,43080,43330,43205,-0.0691586472094059
testvideo,43120,43370,43245,-0.0688118508883885
testvideo,43160,43410,43285,-0.0703266646180834
testvideo,43200,43450,43325,-0.07248597485678536
testvideo,43240,43490,43365,-0.07522278279066086
testvideo,43280,43530,43405,-0.07588812708854675
testvideo,43320,43570,43445,-0.07672825029918126
testvideo,43360,43610,43485,-0.0747410910470145
testvideo,43400,43650,43525,-0.0719254698072161
testvideo,43440,43690,43565,-0.06675930693745613
testvideo,43480,43730,43605,-0.06370893865823746
testvideo,43520,43770,43645,-0.06045645475387574
testvideo,43560,43810,43685,-0.0574433846133096
testvideo,43600,43850,43725,-0.05690409455980574
testvideo,43640,43890,43765,-0.05768987163901329
testvideo,43680,43930,43805,-0.05803169310092926
testvideo,43720,43970,43845,-0.05872882902622222
testvideo,43760,44010,43885,-0.059944974524634216
testvideo,43800,44050,43925,-0.06074893048831394
testvideo,43840,44090,43965,-0.06128064223698206
testvideo,43880,44130,44005,-0.06119829416275025
testvideo,43920,44170,44045,-0.061133585870265975
testvideo,43960,44210,44085,-0.061728392328534824
testvideo,44000,44250,44125,-0.06285555447850909
testvideo,44040,44290,44165,-0.06421094281332833
testvideo,44080,44330,44205,-0.06680053658783436
testvideo,44120,44370,44245,-0.0684948731213808
testvideo,44160,44410,44285,-0.07070153100149973
testvideo,44200,44450,44325,-0.06999902214322772
testvideo,44240,44490,44365,-0.06902456283569336
testvideo,44280,44530,44405,-0.06962672621011734
testvideo,44320,44570,44445,-0.07169822789728643
testvideo,44360,44610,44485,-0.07393090852669307
testvideo,44400,44650,44525,-0.07713119898523602
testvideo,44440,44690,44565,-0.08146547845431737
testvideo,44480,44730,44605,-0.09045328013598919
testvideo,44520,44770,44645,-0.09541735611855982
testvideo,44560,44810,44685,-0.09952222369611262
testvideo,44600,44850,44725,-0.10282253580433982
testvideo,44640,44890,44765,-0.1044839471578598
testvideo,44680,44930,44805,-0.10537379421293734
testvideo,44720,44970,44845,-0.10009368136525154
testvideo,44760,45010,44885,-0.09531152620911598
testvideo,44800,45050,44925,-0.0863938842500959
testvideo,44840,45090,44965,-0.0645837081330163
testvideo,44880,45130,45005,-0.04158352315425873
testvideo,44920,45170,45045,-0.011464279145002355
testvideo,44960,45210,45085,0.0029116347432136674
testvideo,45000,45250,45125,0.024893826672009074
testvideo,45040,45290,45165,0.029550552368164094
testvideo,45080,45330,45205,0.01732043070452555
testvideo,45120,45370,45245,-0.00595553591847418
testvideo,45160,45410,45285,-0.019668441265821453
testvideo,45200,45450,45325,-0.03946429491043091
testvideo,45240,45490,45365,-0.050645072545324056
testvideo,45280,45530,45405,-0.05647665049348559
testvideo,45320,45570,45445,-0.06157480739057064
testvideo,45360,45610,45485,-0.06343992613255979
testvideo,45400,45650,45525,-0.06528136347021378
testvideo,45440,45690,45565,-0.06509911162512645
testvideo,45480,45730,45605,-0.06451494140284404
testvideo,45520,45770,45645,-0.06132308021187785
testvideo,45560,45810,45685,-0.05921659246087076
testvideo,45600,45850,45725,-0.05638867244124414
testvideo,45640,45890,45765,-0.05189237211431774
testvideo,45680,45930,45805,-0.048359679324286343
testvideo,45720,45970,45845,-0.0391577258706093
testvideo,45760,46010,45885,-0.03346306644380094
testvideo,45800,46050,45925,-0.02875972539186479
testvideo,45840,46090,45965,-0.020868573869977702
testvideo,45880,46130,46005,-0.015330914940152865
testvideo,45920,46170,46045,-0.011254172239984789
testvideo,45960,46210,46085,-0.010055141523480419
testvideo,46000,46250,46125,-0.010950258001685156
testvideo,46040,46290,46165,-0.011839698467935847
testvideo,46080,46330,46205,-0.013130096452576793
testvideo,46120,46370,46245,-0.015228988868849639
testvideo,46160,46410,46285,-0.020213553681969667
testvideo,46200,46450,46325,-0.024832243099808724
testvideo,46240,46490,46365,-0.03106983857495447
testvideo,46280,46530,46405,-0.0386773582015719
testvideo,46320,46570,46445,-0.04511712065764838
testvideo,46360,46610,46485,-0.05549259483814244
testvideo,46400,46650,46525,-0.06126514077186588
testvideo,46440,46690,46565,-0.06768769664423811
testvideo,46480,46730,46605,-0.06927919387817387
testvideo,46520,46770,46645,-0.06835103673594342
testvideo,46560,46810,46685,-0.06756291911005977
testvideo,46600,46850,46725,-0.06633319333195689
testvideo,46640,46890,46765,-0.06479952484369281
testvideo,46680,46930,46805,-0.06352617485182628
testvideo,46720,46970,46845,-0.06335965650422236
testvideo,46760,47010,46885,-0.06346346251666549
testvideo,46800,47050,46925,-0.0636771135032177
testvideo,46840,47090,46965,-0.06317656114697456
testvideo,46880,47130,47005,-0.063814178109169
testvideo,46920,47170,47045,-0.06473089967455183
testvideo,46960,47210,47085,-0.06529156863689421
testvideo,47000,47250,47125,-0.06747916340827942
testvideo,47040,47290,47165,-0.06724622845649719
testvideo,47080,47330,47205,-0.06710682809352875
testvideo,47120,47370,47245,-0.06572027504444122
testvideo,47160,47410,47285,-0.06573328588690076
testvideo,47200,47450,47325,-0.06656383536756039
testvideo,47240,47490,47365,-0.066236088052392
testvideo,47280,47530,47405,-0.06641735136508943
testvideo,47320,47570,47445,-0.06812508617128644
testvideo,47360,47610,47485,-0.0684770792722702
testvideo,47400,47650,47525,-0.0654391720890999
testvideo,47440,47690,47565,-0.06361608766019346
testvideo,47480,47730,47605,-0.06197450868785383
testvideo,47520,47770,47645,-0.06034317399774279
testvideo,47560,47810,47685,-0.06088402867317201
testvideo,47600,47850,47725,-0.06589948758482933
testvideo,47640,47890,47765,-0.07010099850594997
testvideo,47680,47930,47805,-0.07471642829477788
testvideo,47720,47970,47845,-0.08191244304180145
testvideo,47760,48010,47885,-0.08469752328736442
testvideo,47800,48050,47925,-0.08688845299184322
testvideo,47840,48090,47965,-0.08584734424948694
testvideo,47880,48130,48005,-0.08417005091905595
testvideo,47920,48170,48045,-0.08175854384899141
testvideo,47960,48210,48085,-0.071579709649086
testvideo,48000,48250,48125,-0.04981744928019387
testvideo,48040,48290,48165,-0.01692325063049794
testvideo,48080,48330,48205,-0.005188442766666416
testvideo,48120,48370,48245,0.01565951534679958
testvideo,48160,48410,48285,0.021564530474799025
testvideo,48200,48450,48325,0.016922009842736393
testvideo,48240,48490,48365,-0.011675367131829255
testvideo,48280,48530,48405,-0.03017758205533027
testvideo,48320,48570,48445,-0.05392169100897653
testvideo,48360,48610,48485,-0.06527367659977504
testvideo,48400,48650,48525,-0.0696416688816888
testvideo,48440,48690,48565,-0.07344705611467361
testvideo,48480,48730,48605,-0.07238354720175268
testvideo,48520,48770,48645,-0.0691229831427336
testvideo,48560,48810,48685,-0.065619632601738
testvideo,48600,48850,48725,-0.06319491139480049
testvideo,48640,48890,48765,-0.05937531590461734
testvideo,48680,48930,48805,-0.05601445958018306
testvideo,48720,48970,48845,-0.05283793434500697
testvideo,48760,49010,48885,-0.05088124317782269
testvideo,48800,49050,48925,-0.04939660217080799
testvideo,48840,49090,48965,-0.04587256163358691
testvideo,48880,49130,49005,-0.044201644137501744
testvideo,48920,49170,49045,-0.04236886091530326
testvideo,48960,49210,49085,-0.03804823330470497
testvideo,49000,49250,49125,-0.03502520067351207
testvideo,49040,49290,49165,-0.03210681463990895
testvideo,49080,49330,49205,-0.03050013072788716
testvideo,49120,49370,49245,-0.029188059270381938
testvideo,49160,49410,49285,-0.026009874684470045
testvideo,49200,49450,49325,-0.026507858719144555
testvideo,49240,49490,49365,-0.02783136921269554
testvideo,49280,49530,49405,-0.03175391629338265
testvideo,49320,49570,49445,-0.03467648662626745
testvideo,49360,49610,49485,-0.044051387480327074
testvideo,49400,49650,49525,-0.05446545566831318
testvideo,49440,49690,49565,-0.06330462864467076
testvideo,49480,49730,49605,-0.07503710687160492
testvideo,49520,49770,49645,-0.08132471702992916
testvideo,49560,49810,49685,-0.08595519885420799
testvideo,49600,49850,49725,-0.0895543098449707
testvideo,49640,49890,49765,-0.085876784154347
testvideo,49680,49930,49805,-0.08007674664258957
testvideo,49720,49970,49845,-0.07628947496414185
testvideo,49760,50010,49885,-0.0715409629046917
testvideo,49800,50050,49925,-0.06573180215699331
testvideo,49840,50090,49965,-0.06241949115480694
testvideo,49880,50130,50005,-0.058713756501674645
testvideo,49920,50170,50045,-0.0569988265633583
testvideo,49960,50210,50085,-0.05654207989573477
testvideo,50000,50250,50125,-0.05582409671374728
testvideo,50040,50290,50165,-0.056568418230329216
testvideo,50080,50330,50205,-0.05871912837028501
testvideo,50120,50370,50245,-0.061778016388416276
testvideo,50160,50410,50285,-0.06400145590305326
testvideo,50200,50450,50325,-0.06729835271835326
testvideo,50240,50490,50365,-0.0687934969152723
testvideo,50280,50530,50405,-0.06988029820578438
testvideo,50320,50570,50445,-0.07118409872055054
testvideo,50360,50610,50485,-0.07093431800603867
testvideo,50400,50650,50525,-0.07119249446051461
testvideo,50440,50690,50565,-0.0707646416766303
testvideo,50480,50730,50605,-0.07028889656066895
testvideo,50520,50770,50645,-0.06931343115866187
testvideo,50560,50810,50685,-0.06856217421591283
testvideo,50600,50850,50725,-0.06783824227750304
testvideo,50640,50890,50765,-0.0682567677327565
testvideo,50680,50930,50805,-0.06682147724287854
testvideo,50720,50970,50845,-0.0645804796367884
testvideo,50760,51010,50885,-0.06404295936226848
testvideo,50800,51050,50925,-0.06428983993828298
testvideo,50840,51090,50965,-0.06445923021861485
testvideo,50880,51130,51005,-0.06709304451942444
testvideo,50920,51170,51045,-0.07275420427322388
testvideo,50960,51210,51085,-0.08316298201680183
testvideo,51000,51250,51125,-0.08882634900510311
testvideo,51040,51290,51165,-0.09612483211926051
testvideo,51080,51330,51205,-0.09833260306290217
testvideo,51120,51370,51245,-0.0955470438514437
testvideo,51160,51410,51285,-0.08232826925814152
testvideo,51200,51450,51325,-0.06982641853392126
testvideo,51240,51490,51365,-0.04053578632218498
testvideo,51280,51530,51405,-0.01719167615686145
testvideo,51320,51570,51445,0.003991987024034772
testvideo,51360,51610,51485,0.017098011448979374
testvideo,51400,51650,51525,0.019135739654302587
testvideo,51440,51690,51565,0.025499411991664337
testvideo,51480,51730,51605,0.008778178266116547
testvideo,51520,51770,51645,-0.008643561175891332
testvideo,51560,51810,51685,-0.03176376223564148
testvideo,51600,51850,51725,-0.04346135631203652
testvideo,51640,51890,51765,-0.05494933947920799
testvideo,51680,51930,51805,-0.06558847640241897
testvideo,51720,51970,51845,-0.06777601582663402
testvideo,51760,52010,51885,-0.06831278465688231
testvideo,51800,52050,51925,-0.06781670264899735
testvideo,51840,52090,51965,-0.06609237007796767
testvideo,51880,52130,52005,-0.06315116158553537
testvideo,51920,52170,52045,-0.06070843551840104
testvideo,51960,52210,52085,-0.059572075094495525
testvideo,52000,52250,52125,-0.060320399701595306
testvideo,52040,52290,52165,-0.06133991107344627
testvideo,52080,52330,52205,-0.06288980373314448
testvideo,52120,52370,52245,-0.06292671390942164
testvideo,52160,52410,52285,-0.06221345492771694
testvideo,52200,52450,52325,-0.056887323036789894
testvideo,52240,52490,52365,-0.050858044996857636
testvideo,52280,52530,52405,-0.03883972976888929
testvideo,52320,52570,52445,-0.030482013310704898
testvideo,52360,52610,52485,-0.023279358233724293
testvideo,52400,52650,52525,-0.016552597284317
testvideo,52440,52690,52565,-0.011007631197571737
testvideo,52480,52730,52605,-0.007545724511146538
testvideo,52520,52770,52645,-0.009018274290221081
testvideo,52560,52810,52685,-0.011734936918531157
testvideo,52600,52850,52725,-0.02506989799439907
testvideo,52640,52890,52765,-0.036059897392988205
testvideo,52680,52930,52805,-0.04656780697405338
testvideo,52720,52970,52845,-0.06505718401500156
testvideo,52760,53010,52885,-0.0780133796589715
testvideo,52800,53050,52925,-0.09141821786761284
testvideo,52840,53090,52965,-0.09664374962449074
testvideo,52880,53130,53005,-0.0988461822271347
testvideo,52920,53170,53045,-0.09759788002286639
testvideo,52960,53210,53085,-0.09350696206092834
testvideo,53000,53250,53125,-0.08767179080418178
testvideo,53040,53290,53165,-0.08053422532975674
testvideo,53080,53330,53205,-0.07658404298126698
testvideo,53120,53370,53245,-0.07158826717308589
testvideo,53160,53410,53285,-0.06972619678292957
testvideo,53200,53450,53325,-0.06975830027035305
testvideo,53240,53490,53365,-0.0689369086176157
testvideo,53280,53530,53405,-0.07060116715729238
testvideo,53320,53570,53445,-0.07057670184544156
testvideo,53360,53610,53485,-0.06980066852910179
testvideo,53400,53650,53525,-0.06923247873783113
testvideo,53440,53690,53565,-0.07047474011778831
testvideo,53480,53730,53605,-0.07257633097469807
testvideo,53520,53770,53645,-0.07378946883337838
testvideo,53560,53810,53685,-0.0740725440638406
testvideo,53600,53850,53725,-0.07526143108095443
testvideo,53640,53890,53765,-0.07163947448134424
testvideo,53680,53930,53805,-0.06602871604263785
testvideo,53720,53970,53845,-0.06222725473344329
testvideo,53760,54010,53885,-0.054875435573714146
testvideo,53800,54050,53925,-0.0499976319926126
testvideo,53840,54090,53965,-0.05125573277473453
testvideo,53880,54130,54005,-0.05334722809493543
testvideo,53920,54170,54045,-0.05816164240241052
testvideo,53960,54210,54085,-0.06751527317932675
testvideo,54000,54250,54125,-0.07340985323701586
testvideo,54040,54290,54165,-0.07844795286655427
testvideo,54080,54330,54205,-0.07913150079548359
testvideo,54120,54370,54245,-0.07642949000000955
testvideo,54160,54410,54285,-0.07264739274978639
testvideo,54200,54450,54325,-0.07090661355427334
testvideo,54240,54490,54365,-0.06944612094334196
testvideo,54280,54530,54405,-0.07079466059803963
testvideo,54320,54570,54445,-0.07144716195762157
testvideo,54360,54610,54485,-0.07230398271765029
testvideo,54400,54650,54525,-0.07291800209454129
testvideo,54440,54690,54565,-0.07040448486804964
testvideo,54480,54730,54605,-0.06727585941553117
testvideo,54520,54770,54645,-0.0647639147937298
testvideo,54560,54810,54685,-0.06492138095200063
testvideo,54600,54850,54725,-0.066676350576537
testvideo,54640,54890,54765,-0.06884272609438215
testvideo,54680,54930,54805,-0.07502229884266853
testvideo,54720,54970,54845,-0.07855800352990627
testvideo,54760,55010,54885,-0.08166705816984177
testvideo,54800,55050,54925,-0.08506456443241664
testvideo,54840,55090,54965,-0.08465080814702172
testvideo,54880,55130,55005,-0.08381510339677335
testvideo,54920,55170,55045,-0.08315200917422771
testvideo,54960,55210,55085,-0.08237768895924093
testvideo,55000,55250,55125,-0.08096154247011458
testvideo,55040,55290,55165,-0.08012121915817262
testvideo,55080,55330,55205,-0.0795499554702214
testvideo,55120,55370,55245,-0.07904464192688465
testvideo,55160,55410,55285,-0.07886478118598463
testvideo,55200,55450,55325,-0.07909144674028669
testvideo,55240,55490,55365,-0.08024385358606066
testvideo,55280,55530,55405,-0.08150363181318555
testvideo,55320,55570,55445,-0.08406325057148933
testvideo,55360,55610,55485,-0.08559337630867958
testvideo,55400,55650,55525,-0.08789005875587462
testvideo,55440,55690,55565,-0.08898286308561053
testvideo,55480,55730,55605,-0.08918620220252446
testvideo,55520,55770,55645,-0.08880745247006415
testvideo,55560,55810,55685,-0.08796120434999466
testvideo,55600,55850,55725,-0.08630475029349326
testvideo,55640,55890,55765,-0.08306938835552759
testvideo,55680,55930,55805,-0.08048168676240101
testvideo,55720,55970,55845,-0.07755097374320029
testvideo,55760,56010,55885,-0.07581541314721107
testvideo,55800,56050,55925,-0.07440663874149323
testvideo,55840,56090,55965,-0.07354289293289185
testvideo,55880,56130,56005,-0.07488990681512016
testvideo,55920,56170,56045,-0.07671533897519112
testvideo,55960,56210,56085,-0.0764828734099865
testvideo,56000,56250,56125,-0.0762612000107765
testvideo,56040,56290,56165,-0.07594328692981175
testvideo,56080,56330,56205,-0.07468484129224505
testvideo,56120,56370,56245,-0.07319907631192889
testvideo,56160,56410,56285,-0.07150832191109657
testvideo,56200,56450,56325,-0.0697365440428257
testvideo,56240,56490,56365,-0.06906416160719736
testvideo,56280,56530,56405,-0.06974220275878908
testvideo,56320,56570,56445,-0.07175018957683019
testvideo,56360,56610,56485,-0.07626835629343987
testvideo,56400,56650,56525,-0.07994304969906807
testvideo,56440,56690,56565,-0.08578277911458697
testvideo,56480,56730,56605,-0.09010111434119088
testvideo,56520,56770,56645,-0.09207208241735186
testvideo,56560,56810,56685,-0.08788930252194405
testvideo,56600,56850,56725,-0.08610554039478302
testvideo,56640,56890,56765,-0.08213727921247482
testvideo,56680,56930,56805,-0.07442182728222438
testvideo,56720,56970,56845,-0.0695275068283081
testvideo,56760,57010,56885,-0.06312079355120659
testvideo,56800,57050,56925,-0.05925263091921806
testvideo,56840,57090,56965,-0.056337378919124596
testvideo,56880,57130,57005,-0.052778482437133775
testvideo,56920,57170,57045,-0.051691012723105285
testvideo,56960,57210,57085,-0.0534841828048229
testvideo,57000,57250,57125,-0.05431774631142615
testvideo,57040,57290,57165,-0.0576888360083103
testvideo,57080,57330,57205,-0.06326683504240851
testvideo,57120,57370,57245,-0.06607745374952043
testvideo,57160,57410,57285,-0.06851448757307868
testvideo,57200,57450,57325,-0.0696069598197937
testvideo,57240,57490,57365,-0.07019249349832535
testvideo,57280,57530,57405,-0.07018624884741648
testvideo,57320,57570,57445,-0.07008925080299379
testvideo,57360,57610,57485,-0.07039523124694826
testvideo,57400,57650,57525,-0.07289738953113557
testvideo,57440,57690,57565,-0.07394215837121013
testvideo,57480,57730,57605,-0.07552229080881394
testvideo,57520,57770,57645,-0.07656942095075336
testvideo,57560,57810,57685,-0.07754771198545185
testvideo,57600,57850,57725,-0.07558754459023477
testvideo,57640,57890,57765,-0.07353303581476213
testvideo,57680,57930,57805,-0.07243478670716286
testvideo,57720,57970,57845,-0.07187801599502563
testvideo,57760,58010,57885,-0.07272988983563014
testvideo,57800,58050,57925,-0.07516872882843018
testvideo,57840,58090,57965,-0.07683899253606796
testvideo,57880,58130,58005,-0.07863323763012886
testvideo,57920,58170,58045,-0.08216285705566406
testvideo,57960,58210,58085,-0.08343410066195897
testvideo,58000,58250,58125,-0.08476631556238447
testvideo,58040,58290,58165,-0.08592892065644264
testvideo,58080,58330,58205,-0.08563450351357461
testvideo,58120,58370,58245,-0.08587862764086042
testvideo,58160,58410,58285,-0.08466805304799761
testvideo,58200,58450,58325,-0.08041230269840785
testvideo,58240,58490,58365,-0.06967251747846603
testvideo,58280,58530,58405,-0.06469408422708511
testvideo,58320,58570,58445,-0.05660779987062727
testvideo,58360,58610,58485,-0.052191189357212626
testvideo,58400,58650,58525,-0.048274704388209765
testvideo,58440,58690,58565,-0.05226055160164836
testvideo,58480,58730,58605,-0.05947847105562688
testvideo,58520,58770,58645,-0.06873737275600435
testvideo,58560,58810,58685,-0.06882216036319734
testvideo,58600,58850,58725,-0.07177806752068656
testvideo,58640,58890,58765,-0.07882712222635747
testvideo,58680,58930,58805,-0.0811607874929905
testvideo,58720,58970,58845,-0.07969905808568001
testvideo,58760,59010,58885,-0.06956977716514044
testvideo,58800,59050,58925,-0.05430997695241657
testvideo,58840,59090,58965,-0.02661315910518169
testvideo,58880,59130,59005,-0.01458219252526759
testvideo,58920,59170,59045,-0.005788896232843399
testvideo,58960,59210,59085,0.009702923042433618
testvideo,59000,59250,59125,0.006560800330979504
testvideo,59040,59290,59165,-0.01729182686124527
testvideo,59080,59330,59205,-0.04427404329180715
testvideo,59120,59370,59245,-0.05952563695609568
testvideo,59160,59410,59285,-0.07631958595343998
testvideo,59200,59450,59325,-0.08046843750136237
testvideo,59240,59490,59365,-0.0780545366661889
testvideo,59280,59530,59405,-0.06749455258250237
testvideo,59320,59570,59445,-0.06254464574158193
testvideo,59360,59610,59485,-0.05578314832278662
testvideo,59400,59650,59525,-0.054248330848557624
testvideo,59440,59690,59565,-0.0525770208665303
testvideo,59480,59730,59605,-0.05046254396438599
testvideo,59520,59770,59645,-0.049208709970116636
testvideo,59560,59810,59685,-0.04768815636634828
testvideo,59600,59850,59725,-0.045502215623855605
testvideo,59640,59890,59765,-0.04156476897852763
testvideo,59680,59930,59805,-0.030220085754990588
testvideo,59720,59970,59845,-0.023447191342711463
testvideo,59760,60010,59885,-0.017524760216474554
testvideo,59800,60050,59925,-0.004945710301399243
testvideo,59840,60090,59965,0.0029350753341402247
testvideo,59880,60130,60005,0.011276500299572945
testvideo,59920,60170,60045,0.013989580795168873
testvideo,59960,60210,60085,0.01473022811114787
testvideo,60000,60250,60125,0.01443506777286528
testvideo,60040,60290,60165,0.009754532149859817
testvideo,60080,60330,60205,0.0034734180995396086
testvideo,60120,60370,60245,-0.013585086911916754
testvideo,60160,60410,60285,-0.027301989495754266
testvideo,60200,60450,60325,-0.04706688651016782
testvideo,60240,60490,60365,-0.059358728783471246
testvideo,60280,60530,60405,-0.06897660877023425
testvideo,60320,60570,60445,-0.07639105245471
testvideo,60360,60610,60485,-0.07947294786572458
testvideo,60400,60650,60525,-0.07994607303823743
testvideo,60440,60690,60565,-0.077949338725635
testvideo,60480,60730,60605,-0.07431193973336903
testvideo,60520,60770,60645,-0.07093424536287785
testvideo,60560,60810,60685,-0.0692682918161154
testvideo,60600,60850,60725,-0.06772117130458356
testvideo,60640,60890,60765,-0.06414706792150225
testvideo,60680,60930,60805,-0.06202969380787441
testvideo,60720,60970,60845,-0.06014346703886985
testvideo,60760,61010,60885,-0.06028570979833603
testvideo,60800,61050,60925,-0.06206554919481277
testvideo,60840,61090,60965,-0.06263009565217152
testvideo,60880,61130,61005,-0.06517915214811051
testvideo,60920,61170,61045,-0.07002902030944821
testvideo,60960,61210,61085,-0.07379038631916046
testvideo,61000,61250,61125,-0.07686619646847248
testvideo,61040,61290,61165,-0.0793314448424748
testvideo,61080,61330,61205,-0.0810697036130088
testvideo,61120,61370,61245,-0.08260093203612737
testvideo,61160,61410,61285,-0.08495276980102065
testvideo,61200,61450,61325,-0.08546484261751178
testvideo,61240,61490,61365,-0.08695974946022034
testvideo,61280,61530,61405,-0.08782308867999486
testvideo,61320,61570,61445,-0.08868188091686793
testvideo,61360,61610,61485,-0.08441526815295222
testvideo,61400,61650,61525,-0.0810242109000683
testvideo,61440,61690,61565,-0.07691485115459988
testvideo,61480,61730,61605,-0.07373372784682684
testvideo,61520,61770,61645,-0.06979625565665111
testvideo,61560,61810,61685,-0.06658042035996917
testvideo,61600,61850,61725,-0.0656545348465443
testvideo,61640,61890,61765,-0.06858626753091815
testvideo,61680,61930,61805,-0.07186420261859898
testvideo,61720,61970,61845,-0.07203495715345658
testvideo,61760,62010,61885,-0.0715350713580847
testvideo,61800,62050,61925,-0.07239959575235846
testvideo,61840,62090,61965,-0.07161916792392732
testvideo,61880,62130,62005,-0.07112466437476021
testvideo,61920,62170,62045,-0.0707693781171526
testvideo,61960,62210,62085,-0.07463340833783148
testvideo,62000,62250,62125,-0.07574037462472913
testvideo,62040,62290,62165,-0.06690212711691854
testvideo,62080,62330,62205,-0.060449557644980285
testvideo,62120,62370,62245,-0.05662375262805392
testvideo,62160,62410,62285,-0.053537619965417046
testvideo,62200,62450,62325,-0.05024791322648525
testvideo,62240,62490,62365,-0.04654138535261155
testvideo,62280,62530,62405,-0.04467842195715225
testvideo,62320,62570,62445,-0.034819339002881734
testvideo,62360,62610,62485,-0.02347798219748907
testvideo,62400,62650,62525,-0.013472054153680815
testvideo,62440,62690,62565,-0.012920448556542397
testvideo,62480,62730,62605,-0.007616473095757609
testvideo,62520,62770,62645,-0.015435970255306793
testvideo,62560,62810,62685,-0.032459080219268806
testvideo,62600,62850,62725,-0.04816929064691068
testvideo,62640,62890,62765,-0.05799811333417894
testvideo,62680,62930,62805,-0.06765072606503966
testvideo,62720,62970,62845,-0.0731220330510821
testvideo,62760,63010,62885,-0.07541794862065998
testvideo,62800,63050,62925,-0.07474022358655931
testvideo,62840,63090,62965,-0.07425531931221485
testvideo,62880,63130,63005,-0.07328107208013533
testvideo,62920,63170,63045,-0.069533286350114
testvideo,62960,63210,63085,-0.06543407695634025
testvideo,63000,63250,63125,-0.0620772261172533
testvideo,63040,63290,63165,-0.059571508318185806
testvideo,63080,63330,63205,-0.05885157361626626
testvideo,63120,63370,63245,-0.05854724347591404
testvideo,63160,63410,63285,-0.05896523594856266
testvideo,63200,63450,63325,-0.059601809297289185
testvideo,63240,63490,63365,-0.06079051457345487
testvideo,63280,63530,63405,-0.06154356710612775
testvideo,63320,63570,63445,-0.06252628564834593
testvideo,63360,63610,63485,-0.06259002855845859
testvideo,63400,63650,63525,-0.06065923401287622
testvideo,63440,63690,63565,-0.05288769491016865
testvideo,63480,63730,63605,-0.047970054671168334
testvideo,63520,63770,63645,-0.039012806756155836
testvideo,63560,63810,63685,-0.03393183648586274
testvideo,63600,63850,63725,-0.030061500413077227
testvideo,63640,63890,63765,-0.035681292414665236
testvideo,63680,63930,63805,-0.041683100163936615
testvideo,63720,63970,63845,-0.04946234263479711
testvideo,63760,64010,63885,-0.062314612524850044
testvideo,63800,64050,63925,-0.06993511106286732
testvideo,63840,64090,63965,-0.07541461475193503
testvideo,63880,64130,64005,-0.07699684984982016
testvideo,63920,64170,64045,-0.07455921545624734
testvideo,63960,64210,64085,-0.0706364725317274
testvideo,64000,64250,64125,-0.06882908940315248
testvideo,64040,64290,64165,-0.06751673987933571
testvideo,64080,64330,64205,-0.06907271035015586
testvideo,64120,64370,64245,-0.06982928141951564
testvideo,64160,64410,64285,-0.07423400453158789
testvideo,64200,64450,64325,-0.07540578075817653
testvideo,64240,64490,64365,-0.07636846814836776
testvideo,64280,64530,64405,-0.07776951231062412
testvideo,64320,64570,64445,-0.07822913490235806
testvideo,64360,64610,64485,-0.07969353028706141
testvideo,64400,64650,64525,-0.082219911473138
testvideo,64440,64690,64565,-0.0841031095811299
testvideo,64480,64730,64605,-0.08557046577334404
testvideo,64520,64770,64645,-0.08689489401876928
testvideo,64560,64810,64685,-0.09058109351566859
testvideo,64600,64850,64725,-0.09257222499166219
testvideo,64640,64890,64765,-0.09361017601830621
testvideo,64680,64930,64805,-0.09587063454091549
testvideo,64720,64970,64845,-0.09736086986958982
testvideo,64760,65010,64885,-0.09838103502988815
testvideo,64800,65050,64925,-0.09802774872098649
testvideo,64840,65090,64965,-0.09623422367232186
testvideo,64880,65130,65005,-0.09377116151154041
testvideo,64920,65170,65045,-0.09084364399313928
testvideo,64960,65210,65085,-0.08584643155336381
testvideo,65000,65250,65125,-0.08029396619115559
testvideo,65040,65290,65165,-0.07757544943264552
testvideo,65080,65330,65205,-0.07556713053158351
testvideo,65120,65370,65245,-0.0786537230014801
testvideo,65160,65410,65285,-0.07959578186273575
testvideo,65200,65450,65325,-0.08276171769414628
testvideo,65240,65490,65365,-0.08246273653847828
testvideo,65280,65530,65405,-0.08075538277626038
testvideo,65320,65570,65445,-0.07691441290080547
testvideo,65360,65610,65485,-0.07412896864116193
testvideo,65400,65650,65525,-0.06680852387632645
testvideo,65440,65690,65565,-0.06624072364398415
testvideo,65480,65730,65605,-0.06909576058387758
testvideo,65520,65770,65645,-0.07007655687630178
testvideo,65560,65810,65685,-0.0725519321858883
testvideo,65600,65850,65725,-0.07628310152462552
testvideo,65640,65890,65765,-0.07712864662919727
testvideo,65680,65930,65805,-0.07417457018579755
testvideo,65720,65970,65845,-0.062446890398859985
testvideo,65760,66010,65885,-0.04926674254238606
testvideo,65800,66050,65925,-0.03583599254488948
testvideo,65840,66090,65965,-0.015530522380556399
testvideo,65880,66130,66005,-0.004754803010395603
testvideo,65920,66170,66045,-0.010812599211931256
testvideo,65960,66210,66085,-0.017605621367692975
testvideo,66000,66250,66125,-0.022821484133601223
testvideo,66040,66290,66165,-0.046784119946616076
testvideo,66080,66330,66205,-0.05764046524252214
testvideo,66120,66370,66245,-0.06644251304013392
testvideo,66160,66410,66285,-0.06831964477896693
testvideo,66200,66450,66325,-0.06405761465430262
testvideo,66240,66490,66365,-0.05698397968496595
testvideo,66280,66530,66405,-0.05400352818625314
testvideo,66320,66570,66445,-0.052770936063357754
testvideo,66360,66610,66485,-0.05113598518073558
testvideo,66400,66650,66525,-0.05091441608965397
testvideo,66440,66690,66565,-0.05129926971026829
testvideo,66480,66730,66605,-0.051385306886264255
testvideo,66520,66770,66645,-0.05244388112000058
testvideo,66560,66810,66685,-0.050866138190031066
testvideo,66600,66850,66725,-0.04911448806524278
testvideo,66640,66890,66765,-0.04552587015288217
testvideo,66680,66930,66805,-0.04108087931360518
testvideo,66720,66970,66845,-0.03458509274891445
testvideo,66760,67010,66885,-0.024155462160706524
testvideo,66800,67050,66925,-0.01834609918296337
testvideo,66840,67090,66965,-0.014867311343550692
testvideo,66880,67130,67005,-0.008907743862697064
testvideo,66920,67170,67045,-0.00776932920728411
testvideo,66960,67210,67085,-0.01096291653811931
testvideo,67000,67250,67125,-0.013375353068113317
testvideo,67040,67290,67165,-0.01904760301113128
testvideo,67080,67330,67205,-0.027521259018353037
testvideo,67120,67370,67245,-0.036947133285658684
testvideo,67160,67410,67285,-0.048210486769676195
testvideo,67200,67450,67325,-0.06464079581201075
testvideo,67240,67490,67365,-0.07655742950737476
testvideo,67280,67530,67405,-0.09523154369422368
testvideo,67320,67570,67445,-0.10278097007955823
testvideo,67360,67610,67485,-0.10562901411737714
testvideo,67400,67650,67525,-0.10675130784511566
testvideo,67440,67690,67565,-0.10755450837314129
testvideo,67480,67730,67605,-0.10439792062555041
testvideo,67520,67770,67645,-0.09934649935790471
testvideo,67560,67810,67685,-0.09619264730385373
testvideo,67600,67850,67725,-0.09353962540626529
testvideo,67640,67890,67765,-0.09002109430730344
testvideo,67680,67930,67805,-0.08696307614445688
testvideo,67720,67970,67845,-0.08330445204462325
testvideo,67760,68010,67885,-0.08206577173301152
testvideo,67800,68050,67925,-0.08255399018526077
testvideo,67840,68090,67965,-0.08246789313852787
testvideo,67880,68130,68005,-0.08242246136069298
testvideo,67920,68170,68045,-0.08411749771663123
testvideo,67960,68210,68085,-0.08483906303133285
testvideo,68000,68250,68125,-0.08366866037249568
testvideo,68040,68290,68165,-0.08180591464042666
testvideo,68080,68330,68205,-0.07937127351760867
testvideo,68120,68370,68245,-0.07612057668822154
testvideo,68160,68410,68285,-0.07442008597510204
testvideo,68200,68450,68325,-0.07365741474287853
testvideo,68240,68490,68365,-0.07391866669058801
testvideo,68280,68530,68405,-0.07407298684120181
testvideo,68320,68570,68445,-0.07655952657972065
testvideo,68360,68610,68485,-0.07898562295096263
testvideo,68400,68650,68525,-0.08169246784278326
testvideo,68440,68690,68565,-0.08333225175738335
testvideo,68480,68730,68605,-0.08481120504438877
testvideo,68520,68770,68645,-0.08719753154686519
testvideo,68560,68810,68685,-0.08766528325421466
testvideo,68600,68850,68725,-0.08694903978279658
testvideo,68640,68890,68765,-0.08438463881611824
testvideo,68680,68930,68805,-0.08239657618105413
testvideo,68720,68970,68845,-0.08179063908755782
testvideo,68760,69010,68885,-0.0788217697824751
testvideo,68800,69050,68925,-0.07663354277610782
testvideo,68840,69090,68965,-0.07428313232958318
testvideo,68880,69130,69005,-0.0732526257634163
testvideo,68920,69170,69045,-0.07240715995430946
testvideo,68960,69210,69085,-0.07062741262572154
testvideo,69000,69250,69125,-0.0692260265350342
testvideo,69040,69290,69165,-0.0652153752744198
testvideo,69080,69330,69205,-0.06559783779084684
testvideo,69120,69370,69245,-0.06623630039393903
testvideo,69160,69410,69285,-0.06619583708899364
testvideo,69200,69450,69325,-0.06737325021198817
testvideo,69240,69490,69365,-0.06917331899915424
testvideo,69280,69530,69405,-0.06985333561897279
testvideo,69320,69570,69445,-0.07200607471168043
testvideo,69360,69610,69485,-0.0714022708790643
testvideo,69400,69650,69525,-0.0709608771971294
testvideo,69440,69690,69565,-0.07092757097312384
testvideo,69480,69730,69605,-0.07391135580837727
testvideo,69520,69770,69645,-0.07734212651848793
testvideo,69560,69810,69685,-0.08264168671199254
testvideo,69600,69850,69725,-0.08693564789635795
testvideo,69640,69890,69765,-0.09021857380867004
testvideo,69680,69930,69805,-0.08999210596084596
testvideo,69720,69970,69845,-0.0889279656112194
testvideo,69760,70010,69885,-0.08611728623509407
testvideo,69800,70050,69925,-0.08364499892507281
testvideo,69840,70090,69965,-0.07436226095472065
testvideo,69880,70130,70005,-0.04589975252747536
testvideo,69920,70170,70045,-0.029700988903641697
testvideo,69960,70210,70085,-0.014352228492498394
testvideo,70000,70250,70125,0.007429240005356921
testvideo,70040,70290,70165,0.019946483629090423
testvideo,70080,70330,70205,0.013051325455307947
testvideo,70120,70370,70245,0.012004381045699095
testvideo,70160,70410,70285,0.0019077155739068673
testvideo,70200,70450,70325,-0.014639369079044914
testvideo,70240,70490,70365,-0.0242480401481901
testvideo,70280,70530,70405,-0.031073219009808143
testvideo,70320,70570,70445,-0.04739527218043805
testvideo,70360,70610,70485,-0.05271419137716293
testvideo,70400,70650,70525,-0.06498056650161742
testvideo,70440,70690,70565,-0.07044341947351182
testvideo,70480,70730,70605,-0.07407814051423754
testvideo,70520,70770,70645,-0.07405025884509084
testvideo,70560,70810,70685,-0.07115003839135169
testvideo,70600,70850,70725,-0.059936576655932834
testvideo,70640,70890,70765,-0.05731108146054404
testvideo,70680,70930,70805,-0.054980829358100905
testvideo,70720,70970,70845,-0.05114912427961827
testvideo,70760,71010,70885,-0.050776936113834395
testvideo,70800,71050,70925,-0.05287205241620542
testvideo,70840,71090,70965,-0.055828200919287564
testvideo,70880,71130,71005,-0.05926358274051123
testvideo,70920,71170,71045,-0.06575948931276798
testvideo,70960,71210,71085,-0.06895196624100207
testvideo,71000,71250,71125,-0.06870648451149464
testvideo,71040,71290,71165,-0.06309138664177485
testvideo,71080,71330,71205,-0.054666446787970405
testvideo,71120,71370,71245,-0.04576710292271206
testvideo,71160,71410,71285,-0.031996894627809525
testvideo,71200,71450,71325,-0.02256360091269016
testvideo,71240,71490,71365,-0.011106823171888078
testvideo,71280,71530,71405,-0.010109384145055491
testvideo,71320,71570,71445,-0.010769701429775779
testvideo,71360,71610,71485,-0.013233786448836316
testvideo,71400,71650,71525,-0.013468159362673756
testvideo,71440,71690,71565,-0.0191276605640139
testvideo,71480,71730,71605,-0.022291836994034916
testvideo,71520,71770,71645,-0.02849802587713516
testvideo,71560,71810,71685,-0.042937623336911215
testvideo,71600,71850,71725,-0.051336517557501814
testvideo,71640,71890,71765,-0.0657108532530921
testvideo,71680,71930,71805,-0.07319105522973199
testvideo,71720,71970,71845,-0.07926083675452641
testvideo,71760,72010,71885,-0.08043576963245869
testvideo,71800,72050,71925,-0.0804956927895546
testvideo,71840,72090,71965,-0.07935533858835697
testvideo,71880,72130,72005,-0.07681668443339211
testvideo,71920,72170,72045,-0.07654596652303423
testvideo,71960,72210,72085,-0.07750288769602776
testvideo,72000,72250,72125,-0.07786347344517706
testvideo,72040,72290,72165,-0.07860422134399413
testvideo,72080,72330,72205,-0.07929475818361552
testvideo,72120,72370,72245,-0.07931275452886308
testvideo,72160,72410,72285,-0.07880434819630212
testvideo,72200,72450,72325,-0.07769342139363286
testvideo,72240,72490,72365,-0.07812272757291791
testvideo,72280,72530,72405,-0.07872897812298366
testvideo,72320,72570,72445,-0.07724861587796893
testvideo,72360,72610,72485,-0.07661009047712598
testvideo,72400,72650,72525,-0.07563618198037148
testvideo,72440,72690,72565,-0.07519095763564108
testvideo,72480,72730,72605,-0.07410419625895363
testvideo,72520,72770,72645,-0.07290385663509366
testvideo,72560,72810,72685,-0.07264882113252365
testvideo,72600,72850,72725,-0.07030435837805271
testvideo,72640,72890,72765,-0.06932355463504791
testvideo,72680,72930,72805,-0.06822349556854793
testvideo,72720,72970,72845,-0.06112622363226753
testvideo,72760,73010,72885,-0.04785753147942679
testvideo,72800,73050,72925,-0.03193343430757524
testvideo,72840,73090,72965,-0.027230212464928634
testvideo,72880,73130,73005,-0.025519499555230144
testvideo,72920,73170,73045,-0.01905486200537002
testvideo,72960,73210,73085,-0.025914986218724952
testvideo,73000,73250,73125,-0.013527575880289099
testvideo,73040,73290,73165,-0.002146735787391687
testvideo,73080,73330,73205,0.010083101689815514
testvideo,73120,73370,73245,0.03313760246549333
testvideo,73160,73410,73285,0.0497094648224967
testvideo,73200,73450,73325,0.06404729400362287
testvideo,73240,73490,73365,0.039208956062793746
testvideo,73280,73530,73405,0.02191993221640588
testvideo,73320,73570,73445,-0.011411451867648522
testvideo,73360,73610,73485,-0.029446927564484738
testvideo,73400,73650,73525,-0.04714096869741169
testvideo,73440,73690,73565,-0.0652657859027386
testvideo,73480,73730,73605,-0.0703279320150614
testvideo,73520,73770,73645,-0.06942534446716311
testvideo,73560,73810,73685,-0.06896169270787923
testvideo,73600,73850,73725,-0.06515806487628394
testvideo,73640,73890,73765,-0.0530537944287062
testvideo,73680,73930,73805,-0.0451832413673401
testvideo,73720,73970,73845,-0.031151209558759434
testvideo,73760,74010,73885,-0.025850298149245145
testvideo,73800,74050,73925,-0.021767433200563735
testvideo,73840,74090,73965,-0.020876836031675356
testvideo,73880,74130,74005,-0.02096812427043917
testvideo,73920,74170,74045,-0.022532647475600253
testvideo,73960,74210,74085,-0.025599939482552677
testvideo,74000,74250,74125,-0.033342857445989346
testvideo,74040,74290,74165,-0.046653484925627715
testvideo,74080,74330,74205,-0.05323270335793496
testvideo,74120,74370,74245,-0.06072564981877805
testvideo,74160,74410,74285,-0.073199742606708
testvideo,74200,74450,74325,-0.07750293399606434
testvideo,74240,74490,74365,-0.07541102170944215
testvideo,74280,74530,74405,-0.07130082324147226
testvideo,74320,74570,74445,-0.0692586600780487
testvideo,74360,74610,74485,-0.06609891993658884
testvideo,74400,74650,74525,-0.06279168810163226
testvideo,74440,74690,74565,-0.060527788741248
testvideo,74480,74730,74605,-0.05994974449276925
testvideo,74520,74770,74645,-0.059351455420255675
testvideo,74560,74810,74685,-0.05995372789246697
testvideo,74600,74850,74725,-0.061092274529593336
testvideo,74640,74890,74765,-0.0629133837563651
testvideo,74680,74930,74805,-0.06547350436449051
testvideo,74720,74970,74845,-0.0650445967912674
testvideo,74760,75010,74885,-0.06359938159584998
testvideo,74800,75050,74925,-0.061055941241128085
testvideo,74840,75090,74965,-0.058814500059400275
testvideo,74880,75130,75005,-0.05718320980668068
testvideo,74920,75170,75045,-0.05345307663083076
testvideo,74960,75210,75085,-0.04914616420865058
testvideo,75000,75250,75125,-0.04699406027793885
testvideo,75040,75290,75165,-0.04462129942008427
testvideo,75080,75330,75205,-0.04030385985970496
testvideo,75120,75370,75245,-0.036417620256543146
testvideo,75160,75410,75285,-0.03440553881227969
testvideo,75200,75450,75325,-0.03403410528387342
testvideo,75240,75490,75365,-0.033664175442286906
testvideo,75280,75530,75405,-0.03649466591221947
testvideo,75320,75570,75445,-0.043901097029447576
testvideo,75360,75610,75485,-0.05009563826024535
testvideo,75400,75650,75525,-0.057936091508184184
testvideo,75440,75690,75565,-0.05612141745431086
testvideo,75480,75730,75605,-0.050021759101322734
testvideo,75520,75770,75645,-0.037644971162080786
testvideo,75560,75810,75685,-0.03634410537779332
testvideo,75600,75850,75725,-0.023976826242038177
testvideo,75640,75890,75765,-0.010059365204402374
testvideo,75680,75930,75805,0.0009767689875194124
testvideo,75720,75970,75845,0.016250509768724462
testvideo,75760,76010,75885,0.01860452815890315
testvideo,75800,76050,75925,0.021842185407876996
testvideo,75840,76090,75965,0.029848511729921635
testvideo,75880,76130,76005,0.018880477973393064
testvideo,75920,76170,76045,0.003832729533314729
testvideo,75960,76210,76085,-0.003593161702156046
testvideo,76000,76250,76125,-0.016367569565772996
testvideo,76040,76290,76165,-0.029456034302711483
testvideo,76080,76330,76205,-0.03209059366158077
testvideo,76120,76370,76245,-0.03852636925876142
testvideo,76160,76410,76285,-0.04155266284942628
testvideo,76200,76450,76325,-0.047842305153608336
testvideo,76240,76490,76365,-0.05803051590919495
testvideo,76280,76530,76405,-0.060821807810238424
testvideo,76320,76570,76445,-0.058811070663588386
testvideo,76360,76610,76485,-0.055297285318374634
testvideo,76400,76650,76525,-0.0533920358866453
testvideo,76440,76690,76565,-0.05088693967887332
testvideo,76480,76730,76605,-0.050482158149991734
testvideo,76520,76770,76645,-0.051623893635613594
testvideo,76560,76810,76685,-0.05468127876520157
testvideo,76600,76850,76725,-0.0561615452170372
testvideo,76640,76890,76765,-0.05903622508049012
testvideo,76680,76930,76805,-0.061524386916841776
testvideo,76720,76970,76845,-0.063994790826525
testvideo,76760,77010,76885,-0.068505123257637
testvideo,76800,77050,76925,-0.07104431837797162
testvideo,76840,77090,76965,-0.0734938085079193
testvideo,76880,77130,77005,-0.07824045845440454
testvideo,76920,77170,77045,-0.08066526055335997
testvideo,76960,77210,77085,-0.08513987809419632
testvideo,77000,77250,77125,-0.0881846584379673
testvideo,77040,77290,77165,-0.09022707864642143
testvideo,77080,77330,77205,-0.09357179488454546
testvideo,77120,77370,77245,-0.0945155918598175
testvideo,77160,77410,77285,-0.09488254785537721
testvideo,77200,77450,77325,-0.09247762709856035
testvideo,77240,77490,77365,-0.09019434079527856
testvideo,77280,77530,77405,-0.08581867814064027
testvideo,77320,77570,77445,-0.08337000863892692
testvideo,77360,77610,77485,-0.08109102930341448
testvideo,77400,77650,77525,-0.07810365408658981
testvideo,77440,77690,77565,-0.07687074691057205
testvideo,77480,77730,77605,-0.07484315548624311
testvideo,77520,77770,77645,-0.07324423534529552
testvideo,77560,77810,77685,-0.07167703339031764
testvideo,77600,77850,77725,-0.07012502104043962
testvideo,77640,77890,77765,-0.06962622329592708
testvideo,77680,77930,77805,-0.0687381752899715
testvideo,77720,77970,77845,-0.06841268283980236
testvideo,77760,78010,77885,-0.06846575651850019
testvideo,77800,78050,77925,-0.0680714026093483
testvideo,77840,78090,77965,-0.06806281208992003
testvideo,77880,78130,78005,-0.06900766491889954
testvideo,77920,78170,78045,-0.06966751813888548
testvideo,77960,78210,78085,-0.07119957464081898
testvideo,78000,78250,78125,-0.07185632735490799
testvideo,78040,78290,78165,-0.07105189189314842
testvideo,78080,78330,78205,-0.07068401947617531
testvideo,78120,78370,78245,-0.07015083091599601
testvideo,78160,78410,78285,-0.06852587418896813
testvideo,78200,78450,78325,-0.06560104872499196
testvideo,78240,78490,78365,-0.06032621674239638
testvideo,78280,78530,78405,-0.05773909203708173
testvideo,78320,78570,78445,-0.05536716963563648
testvideo,78360,78610,78485,-0.05277185993535179
testvideo,78400,78650,78525,-0.05073057540825437
testvideo,78440,78690,78565,-0.05284724757075311
testvideo,78480,78730,78605,-0.05381085537374021
testvideo,78520,78770,78645,-0.0540085371051516
testvideo,78560,78810,78685,-0.04901786787169322
testvideo,78600,78850,78725,-0.03993231696741923
testvideo,78640,78890,78765,-0.030759405344724672
testvideo,78680,78930,78805,-0.028289640322327624
testvideo,78720,78970,78845,-0.01980492898396084
testvideo,78760,79010,78885,-0.011840530804225384
testvideo,78800,79050,78925,-0.0034778650317873394
testvideo,78840,79090,78965,0.004939612001180638
testvideo,78880,79130,79005,0.007899047806859013
testvideo,78920,79170,79045,0.009906509891152375
testvideo,78960,79210,79085,0.015772498079708628
testvideo,79000,79250,79125,0.003661836896623876
testvideo,79040,79290,79165,-0.019097052514553074
testvideo,79080,79330,79205,-0.033475544303655624
testvideo,79120,79370,79245,-0.0497011486440897
testvideo,79160,79410,79285,-0.07002489694527217
testvideo,79200,79450,79325,-0.07314200699329376
testvideo,79240,79490,79365,-0.07080456188746863
testvideo,79280,79530,79405,-0.06805163621902467
testvideo,79320,79570,79445,-0.054257731884717955
testvideo,79360,79610,79485,-0.031468489340373475
testvideo,79400,79650,79525,-0.019549850906644572
testvideo,79440,79690,79565,-0.010223710111209344
testvideo,79480,79730,79605,-0.010060949251055735
testvideo,79520,79770,79645,-0.015025446191430113
testvideo,79560,79810,79685,-0.03026418175016133
testvideo,79600,79850,79725,-0.050195455551147475
testvideo,79640,79890,79765,-0.06226954076971329
testvideo,79680,79930,79805,-0.07192859984934333
testvideo,79720,79970,79845,-0.08043448068201545
testvideo,79760,80010,79885,-0.07975698156016217
testvideo,79800,80050,79925,-0.07653013510363446
testvideo,79840,80090,79965,-0.07412200740405493
testvideo,79880,80130,80005,-0.07404334470629695
testvideo,79920,80170,80045,-0.07488001324236396
testvideo,79960,80210,80085,-0.07426609843969348
testvideo,80000,80250,80125,-0.07353044194834575
testvideo,80040,80290,80165,-0.07292605723653522
testvideo,80080,80330,80205,-0.07349797897040845
testvideo,80120,80370,80245,-0.0750043448060751
testvideo,80160,80410,80285,-0.07696902193129063
testvideo,80200,80450,80325,-0.08026001495974407
testvideo,80240,80490,80365,-0.08195567982537408
testvideo,80280,80530,80405,-0.0838436931371689
testvideo,80320,80570,80445,-0.08396066538989547
testvideo,80360,80610,80485,-0.08253539912402633
testvideo,80400,80650,80525,-0.07876134770257136
testvideo,80440,80690,80565,-0.07463956092085158
testvideo,80480,80730,80605,-0.06880992438111988
testvideo,80520,80770,80645,-0.060846293345093734
testvideo,80560,80810,80685,-0.05623383820056915
testvideo,80600,80850,80725,-0.05076204027448382
testvideo,80640,80890,80765,-0.05075998178550175
testvideo,80680,80930,80805,-0.054221768464360935
testvideo,80720,80970,80845,-0.06716620922088626
testvideo,80760,81010,80885,-0.07166247442364695
testvideo,80800,81050,80925,-0.07663646899163726
testvideo,80840,81090,80965,-0.08626687739576615
testvideo,80880,81130,81005,-0.08941542463643214
testvideo,80920,81170,81045,-0.08974466286599636
testvideo,80960,81210,81085,-0.08746982924640179
testvideo,81000,81250,81125,-0.0837054941803217
testvideo,81040,81290,81165,-0.07889016824109214
testvideo,81080,81330,81205,-0.07468716374465398
testvideo,81120,81370,81245,-0.06965627893805504
testvideo,81160,81410,81285,-0.06722979992628099
testvideo,81200,81450,81325,-0.06498963013291359
testvideo,81240,81490,81365,-0.06176708425794329
testvideo,81280,81530,81405,-0.06578830097402845
testvideo,81320,81570,81445,-0.0692542599780219
testvideo,81360,81610,81485,-0.07474292255938055
testvideo,81400,81650,81525,-0.07818894647061826
testvideo,81440,81690,81565,-0.08086180048329492
testvideo,81480,81730,81605,-0.07942162879875729
testvideo,81520,81770,81645,-0.07455817503588544
testvideo,81560,81810,81685,-0.06221779063344002
testvideo,81600,81850,81725,-0.05531335435807705
testvideo,81640,81890,81765,-0.040677634733063836
testvideo,81680,81930,81805,-0.03373427050454276
testvideo,81720,81970,81845,-0.030682506305830814
testvideo,81760,82010,81885,-0.03913244418799876
testvideo,81800,82050,81925,-0.044810239225625985
testvideo,81840,82090,81965,-0.05300110206007959
testvideo,81880,82130,82005,-0.0664827632052558
testvideo,81920,82170,82045,-0.0740631882633482
testvideo,81960,82210,82085,-0.08128648810088639
testvideo,82000,82250,82125,-0.08388536609709267
testvideo,82040,82290,82165,-0.08360522054135804
testvideo,82080,82330,82205,-0.08254546565668928
testvideo,82120,82370,82245,-0.08066934772900176
testvideo,82160,82410,82285,-0.08145927265286448
testvideo,82200,82450,82325,-0.08115496113896371
testvideo,82240,82490,82365,-0.07932955957949162
testvideo,82280,82530,82405,-0.07795912027359012
testvideo,82320,82570,82445,-0.07745401348386492
testvideo,82360,82610,82485,-0.07652774878910609
testvideo,82400,82650,82525,-0.07536146044731142
testvideo,82440,82690,82565,-0.074383357539773
testvideo,82480,82730,82605,-0.07410066894122533
testvideo,82520,82770,82645,-0.0743894704750606
testvideo,82560,82810,82685,-0.07459975566182818
testvideo,82600,82850,82725,-0.07505873218178749
testvideo,82640,82890,82765,-0.07492183148860931
testvideo,82680,82930,82805,-0.07410237618855067
testvideo,82720,82970,82845,-0.07392019033432007
testvideo,82760,83010,82885,-0.07368024332182747
testvideo,82800,83050,82925,-0.0720171332359314
testvideo,82840,83090,82965,-0.07124907895922661
testvideo,82880,83130,83005,-0.07060180976986885
testvideo,82920,83170,83045,-0.07094894562448774
testvideo,82960,83210,83085,-0.07193748014313835
testvideo,83000,83250,83125,-0.07451798766851425
testvideo,83040,83290,83165,-0.07613380998373032
testvideo,83080,83330,83205,-0.07895630970597267
testvideo,83120,83370,83245,-0.0829961895942688
testvideo,83160,83410,83285,-0.08494355848857335
testvideo,83200,83450,83325,-0.08640260808169843
testvideo,83240,83490,83365,-0.08660942688584329
testvideo,83280,83530,83405,-0.086546340957284
testvideo,83320,83570,83445,-0.08583046495914459
testvideo,83360,83610,83485,-0.08509741936411176
testvideo,83400,83650,83525,-0.08449576369353705
testvideo,83440,83690,83565,-0.08378518559038642
testvideo,83480,83730,83605,-0.08305669203400615
testvideo,83520,83770,83645,-0.08055326555456435
testvideo,83560,83810,83685,-0.07950080505439217
testvideo,83600,83850,83725,-0.07838802678244458
testvideo,83640,83890,83765,-0.07677417062222959
testvideo,83680,83930,83805,-0.07583496347069742
testvideo,83720,83970,83845,-0.07430077237742287
testvideo,83760,84010,83885,-0.07636594559465136
testvideo,83800,84050,83925,-0.07788730732032231
testvideo,83840,84090,83965,-0.07796644419431685
testvideo,83880,84130,84005,-0.07416657730937003
testvideo,83920,84170,84045,-0.07013879716396332
testvideo,83960,84210,84085,-0.06267553567886354
testvideo,84000,84250,84125,-0.056660720280238594
testvideo,84040,84290,84165,-0.049670394510030774
testvideo,84080,84330,84205,-0.04570082388818268
testvideo,84120,84370,84245,-0.04339469969272617
testvideo,84160,84410,84285,-0.04602146148681645
testvideo,84200,84450,84325,-0.05161462724208835
testvideo,84240,84490,84365,-0.05805458554199767
testvideo,84280,84530,84405,-0.06615678966045382
testvideo,84320,84570,84445,-0.07126115635037422
testvideo,84360,84610,84485,-0.07867502314703805
testvideo,84400,84650,84525,-0.08123113853590828
testvideo,84440,84690,84565,-0.07980448859078544
testvideo,84480,84730,84605,-0.076862758025527
testvideo,84520,84770,84645,-0.07479215227067469
testvideo,84560,84810,84685,-0.07122465968132018
testvideo,84600,84850,84725,-0.06904450697558265
testvideo,84640,84890,84765,-0.06719362948622021
testvideo,84680,84930,84805,-0.0685186982154846
testvideo,84720,84970,84845,-0.06910476274788378
testvideo,84760,85010,84885,-0.07051349324839455
testvideo,84800,85050,84925,-0.0721339136362076
testvideo,84840,85090,84965,-0.07342009884970528
testvideo,84880,85130,85005,-0.07357614487409593
testvideo,84920,85170,85045,-0.07302387431263925
testvideo,84960,85210,85085,-0.07203102856874469
testvideo,85000,85250,85125,-0.0699657223054341
testvideo,85040,85290,85165,-0.06852469486849651
testvideo,85080,85330,85205,-0.06381863355636597
testvideo,85120,85370,85245,-0.06183238327503204
testvideo,85160,85410,85285,-0.06151947751641272
testvideo,85200,85450,85325,-0.061682202986308485
testvideo,85240,85490,85365,-0.06218702452523366
testvideo,85280,85530,85405,-0.06163435110024042
testvideo,85320,85570,85445,-0.06240334361791612
testvideo,85360,85610,85485,-0.0627504624426365
testvideo,85400,85650,85525,-0.06140351295471195
testvideo,85440,85690,85565,-0.0595754342419761
testvideo,85480,85730,85605,-0.057914951017924765
testvideo,85520,85770,85645,-0.05825284495949749
testvideo,85560,85810,85685,-0.059914069250226056
testvideo,85600,85850,85725,-0.0638986613069262
testvideo,85640,85890,85765,-0.06870548427104951
testvideo,85680,85930,85805,-0.07181719796998162
testvideo,85720,85970,85845,-0.07370275259017946
testvideo,85760,86010,85885,-0.07544087618589403
testvideo,85800,86050,85925,-0.076128682919911
testvideo,85840,86090,85965,-0.07427511683532172
testvideo,85880,86130,86005,-0.07275205424853735
testvideo,85920,86170,86045,-0.07732624188065529
testvideo,85960,86210,86085,-0.07865406200289726
testvideo,86000,86250,86125,-0.07887848839163779
testvideo,86040,86290,86165,-0.08017427367823463
testvideo,86080,86330,86205,-0.07986148978982653
testvideo,86120,86370,86245,-0.07664137519896028
testvideo,86160,86410,86285,-0.07196734473109243
testvideo,86200,86450,86325,-0.06686276942491529
testvideo,86240,86490,86365,-0.06036302447319027
testvideo,86280,86530,86405,-0.05724822623389105
testvideo,86320,86570,86445,-0.05314111283847261
testvideo,86360,86610,86485,-0.04401471093297004
testvideo,86400,86650,86525,-0.040202006697654724
testvideo,86440,86690,86565,-0.03734610336167473
testvideo,86480,86730,86605,-0.038057508213179485
testvideo,86520,86770,86645,-0.03984195419720244
testvideo,86560,86810,86685,-0.05224746093153955
testvideo,86600,86850,86725,-0.061038376763463034
testvideo,86640,86890,86765,-0.07405735339437214
testvideo,86680,86930,86805,-0.07936734812600273
testvideo,86720,86970,86845,-0.08416879389967237
testvideo,86760,87010,86885,-0.08255737647414207
testvideo,86800,87050,86925,-0.07886348851025106
testvideo,86840,87090,86965,-0.0724398706640516
testvideo,86880,87130,87005,-0.06798078758375987
testvideo,86920,87170,87045,-0.06396030953952245
testvideo,86960,87210,87085,-0.05812025442719461
testvideo,87000,87250,87125,-0.055385177955031395
testvideo,87040,87290,87165,-0.054531067609787
testvideo,87080,87330,87205,-0.05336496446813858
testvideo,87120,87370,87245,-0.052536587629999465
testvideo,87160,87410,87285,-0.04966890253126624
testvideo,87200,87450,87325,-0.048282120376825347
testvideo,87240,87490,87365,-0.04731975123286249
testvideo,87280,87530,87405,-0.04505404404231482
testvideo,87320,87570,87445,-0.040466851421764934
testvideo,87360,87610,87485,-0.03440344546522412
testvideo,87400,87650,87525,-0.027887139469385116
testvideo,87440,87690,87565,-0.024516565725207315
testvideo,87480,87730,87605,-0.018223992415836863
testvideo,87520,87770,87645,-0.014560424855777169
testvideo,87560,87810,87685,-0.012552855270249467
testvideo,87600,87850,87725,-0.013033889234065996
testvideo,87640,87890,87765,-0.01290985755622387
testvideo,87680,87930,87805,-0.014142070497785295
testvideo,87720,87970,87845,-0.019755303859710686
testvideo,87760,88010,87885,-0.0257146464926856
testvideo,87800,88050,87925,-0.03847960382699968
testvideo,87840,88090,87965,-0.04559568502008916
testvideo,87880,88130,88005,-0.05194774083793164
testvideo,87920,88170,88045,-0.06301376010690415
testvideo,87960,88210,88085,-0.06429130903312139
testvideo,88000,88250,88125,-0.06397571228444576
testvideo,88040,88290,88165,-0.06309113092720509
testvideo,88080,88330,88205,-0.0600399412214756
testvideo,88120,88370,88245,-0.05676984786987304
testvideo,88160,88410,88285,-0.056794741324016025
testvideo,88200,88450,88325,-0.06093421205878257
testvideo,88240,88490,88365,-0.06294457241892815
testvideo,88280,88530,88405,-0.06619241088628769
testvideo,88320,88570,88445,-0.07166062508310589
testvideo,88360,88610,88485,-0.07510422808783394
testvideo,88400,88650,88525,-0.0760357848235539
testvideo,88440,88690,88565,-0.07778118923306465
testvideo,88480,88730,88605,-0.07672994211316109
testvideo,88520,88770,88645,-0.07556239196232387
testvideo,88560,88810,88685,-0.07461040360586986
testvideo,88600,88850,88725,-0.07320287397929601
testvideo,88640,88890,88765,-0.07427116483449936
testvideo,88680,88930,88805,-0.07485388964414597
testvideo,88720,88970,88845,-0.07292455009051732
testvideo,88760,89010,88885,-0.07207256555557251
testvideo,88800,89050,88925,-0.07451514261109489
testvideo,88840,89090,88965,-0.07736120000481606
testvideo,88880,89130,89005,-0.07867193967103958
testvideo,88920,89170,89045,-0.07820630259811881
testvideo,88960,89210,89085,-0.07965455097811566
testvideo,89000,89250,89125,-0.08139375065054212
testvideo,89040,89290,89165,-0.07726101391017438
testvideo,89080,89330,89205,-0.07337537035346034
testvideo,89120,89370,89245,-0.06931942701339723
testvideo,89160,89410,89285,-0.06408083225999558
testvideo,89200,89450,89325,-0.06146642139979772
testvideo,89240,89490,89365,-0.06332194805145265
testvideo,89280,89530,89405,-0.06367906555533412
testvideo,89320,89570,89445,-0.06445621326565745
testvideo,89360,89610,89485,-0.06803634124142785
testvideo,89400,89650,89525,-0.06939704290458137
testvideo,89440,89690,89565,-0.06761208602360318
testvideo,89480,89730,89605,-0.06297195889055729
testvideo,89520,89770,89645,-0.05930487439036369
testvideo,89560,89810,89685,-0.05396456803594314
testvideo,89600,89850,89725,-0.05285428677286419
testvideo,89640,89890,89765,-0.05233755281993319
testvideo,89680,89930,89805,-0.03856169804930687
testvideo,89720,89970,89845,-0.03373200818896294
testvideo,89760,90010,89885,-0.025984400085040514
testvideo,89800,90050,89925,-0.022586258394377594
testvideo,89840,90090,89965,-0.019074861492429485
testvideo,89880,90130,90005,-0.02062923461198808
testvideo,89920,90170,90045,-0.028710262849926955
testvideo,89960,90210,90085,-0.03990296088159085
testvideo,90000,90250,90125,-0.051883271762302945
testvideo,90040,90290,90165,-0.05828771208013806
testvideo,90080,90330,90205,-0.06400791928172112
testvideo,90120,90370,90245,-0.06708153337240219
testvideo,90160,90410,90285,-0.06717567890882492
testvideo,90200,90450,90325,-0.06386207469872067
testvideo,90240,90490,90365,-0.060317837766238634
testvideo,90280,90530,90405,-0.056921150535345105
testvideo,90320,90570,90445,-0.05405496619641783
testvideo,90360,90610,90485,-0.051743153482675566
testvideo,90400,90650,90525,-0.04934954643249513
testvideo,90440,90690,90565,-0.04755251322473801
testvideo,90480,90730,90605,-0.046362485204424195
testvideo,90520,90770,90645,-0.04710211604833604
testvideo,90560,90810,90685,-0.048547420650720596
testvideo,90600,90850,90725,-0.052253706114632745
testvideo,90640,90890,90765,-0.05572836526802606
testvideo,90680,90930,90805,-0.05652517718928198
testvideo,90720,90970,90845,-0.0483564920723438
testvideo,90760,91010,90885,-0.042852971702814074
testvideo,90800,91050,90925,-0.0295910835266113
testvideo,90840,91090,90965,-0.016752890178135443
testvideo,90880,91130,91005,-0.0034865162202290007
testvideo,90920,91170,91045,0.004398878663778312
testvideo,90960,91210,91085,0.00689142756164075
testvideo,91000,91250,91125,0.0063811428844928915
testvideo,91040,91290,91165,-0.0009310160364423241
testvideo,91080,91330,91205,-0.011826738715171783
testvideo,91120,91370,91245,-0.03485801629722117
testvideo,91160,91410,91285,-0.04666342400014399
testvideo,91200,91450,91325,-0.05741608515381812
testvideo,91240,91490,91365,-0.07423129890646253
testvideo,91280,91530,91405,-0.07821343413421088
testvideo,91320,91570,91445,-0.08114560587065564
testvideo,91360,91610,91485,-0.08082731999456884
testvideo,91400,91650,91525,-0.07987596467137337
testvideo,91440,91690,91565,-0.07858135444777352
testvideo,91480,91730,91605,-0.07886384640421186
testvideo,91520,91770,91645,-0.0802460525717054
testvideo,91560,91810,91685,-0.08153363689780235
testvideo,91600,91850,91725,-0.0821874737739563
testvideo,91640,91890,91765,-0.08287139024053301
testvideo,91680,91930,91805,-0.08354740483420235
testvideo,91720,91970,91845,-0.08418423788888114
testvideo,91760,92010,91885,-0.0834282785654068
testvideo,91800,92050,91925,-0.08198444917798042
testvideo,91840,92090,91965,-0.0791207764829908
testvideo,91880,92130,92005,-0.07703147189957753
testvideo,91920,92170,92045,-0.07577326893806458
testvideo,91960,92210,92085,-0.0768778882920742
testvideo,92000,92250,92125,-0.07773296162486076
testvideo,92040,92290,92165,-0.07968682423233986
testvideo,92080,92330,92205,-0.08489501476287843
testvideo,92120,92370,92245,-0.0885907794748034
testvideo,92160,92410,92285,-0.08898975700140001
testvideo,92200,92450,92325,-0.08798627927899362
testvideo,92240,92490,92365,-0.08629160188138488
testvideo,92280,92530,92405,-0.08327763634068627
testvideo,92320,92570,92445,-0.07942836838109155
testvideo,92360,92610,92485,-0.07569935066359386
testvideo,92400,92650,92525,-0.07488121092319491
testvideo,92440,92690,92565,-0.07658019289374354
testvideo,92480,92730,92605,-0.07994444668293
testvideo,92520,92770,92645,-0.0844833723136357
testvideo,92560,92810,92685,-0.0903899648359844
testvideo,92600,92850,92725,-0.09712083451449874
testvideo,92640,92890,92765,-0.09984054043889047
testvideo,92680,92930,92805,-0.09962719891752515
testvideo,92720,92970,92845,-0.09634504786559514
testvideo,92760,93010,92885,-0.09166874204363142
testvideo,92800,93050,92925,-0.08561300300061704
testvideo,92840,93090,92965,-0.08112419582903388
testvideo,92880,93130,93005,-0.07426089048385622
testvideo,92920,93170,93045,-0.07438272663525176
testvideo,92960,93210,93085,-0.0747888343674796
testvideo,93000,93250,93125,-0.06841563060879707
testvideo,93040,93290,93165,-0.06507636606693268
testvideo,93080,93330,93205,-0.06567425653338432
testvideo,93120,93370,93245,-0.06850435478346688
testvideo,93160,93410,93285,-0.06765716203621455
testvideo,93200,93450,93325,-0.056580288335680975
testvideo,93240,93490,93365,-0.05026548355817796
testvideo,93280,93530,93405,-0.04384098388254643
testvideo,93320,93570,93445,-0.03348204067775181
testvideo,93360,93610,93485,-0.022770355854715624
testvideo,93400,93650,93525,-0.017346175653593896
testvideo,93440,93690,93565,-0.02257275767624379
testvideo,93480,93730,93605,-0.02965018153190614
testvideo,93520,93770,93645,-0.04738177146230426
testvideo,93560,93810,93685,-0.059854313731193556
testvideo,93600,93850,93725,-0.06706403408731734
testvideo,93640,93890,93765,-0.07810957916080953
testvideo,93680,93930,93805,-0.08498124592006208
testvideo,93720,93970,93845,-0.08876686862536841
testvideo,93760,94010,93885,-0.08634429318564282
testvideo,93800,94050,93925,-0.0814224651881627
testvideo,93840,94090,93965,-0.07796303369104865
testvideo,93880,94130,94005,-0.07302721962332728
testvideo,93920,94170,94045,-0.0646629993404661
testvideo,93960,94210,94085,-0.060598473463739685
testvideo,94000,94250,94125,-0.057070082851818645
testvideo,94040,94290,94165,-0.05294512771070006
testvideo,94080,94330,94205,-0.050229134038090734
testvideo,94120,94370,94245,-0.04911847598850729
testvideo,94160,94410,94285,-0.04757086081164226
testvideo,94200,94450,94325,-0.05002665306840626
testvideo,94240,94490,94365,-0.0448097661137581
testvideo,94280,94530,94405,-0.03932161815464497
testvideo,94320,94570,94445,-0.03233667276799679
testvideo,94360,94610,94485,-0.01969902856009348
testvideo,94400,94650,94525,-0.00855940580368042
testvideo,94440,94690,94565,0.002590090036392204
testvideo,94480,94730,94605,0.012421546503901478
testvideo,94520,94770,94645,0.01544022187590599
testvideo,94560,94810,94685,0.01454910423074449
testvideo,94600,94850,94725,0.005854363952364232
testvideo,94640,94890,94765,-0.00640307792595457
testvideo,94680,94930,94805,-0.028514519333839434
testvideo,94720,94970,94845,-0.04345718026161195
testvideo,94760,95010,94885,-0.0665161205189569
testvideo,94800,95050,94925,-0.07733203470706942
testvideo,94840,95090,94965,-0.0839351798806872
testvideo,94880,95130,95005,-0.08662061579525474
testvideo,94920,95170,95045,-0.08691781200468543
testvideo,94960,95210,95085,-0.08597119338810447
testvideo,95000,95250,95125,-0.08245779999664851
testvideo,95040,95290,95165,-0.08097334206104279
testvideo,95080,95330,95205,-0.07898886315524577
testvideo,95120,95370,95245,-0.07786061614751813
testvideo,95160,95410,95285,-0.07696664333343504
testvideo,95200,95450,95325,-0.07349819370678493
testvideo,95240,95490,95365,-0.06958112120628357
testvideo,95280,95530,95405,-0.06637081131339075
testvideo,95320,95570,95445,-0.06625105068087579
testvideo,95360,95610,95485,-0.06593526527285579
testvideo,95400,95650,95525,-0.06359397939273292
testvideo,95440,95690,95565,-0.06491662349019735
testvideo,95480,95730,95605,-0.06818114433969773
testvideo,95520,95770,95645,-0.07202720269560814
testvideo,95560,95810,95685,-0.0721593126654625
testvideo,95600,95850,95725,-0.07187607884407043
testvideo,95640,95890,95765,-0.07216709852218627
testvideo,95680,95930,95805,-0.07247652752058845
testvideo,95720,95970,95845,-0.07258833944797513
testvideo,95760,96010,95885,-0.07280791550874707
testvideo,95800,96050,95925,-0.07338062354496544
testvideo,95840,96090,95965,-0.07420869810240606
testvideo,95880,96130,96005,-0.07481700607708522
testvideo,95920,96170,96045,-0.07694751024246216
testvideo,95960,96210,96085,-0.07816250622272491
testvideo,96000,96250,96125,-0.07928647473454475
testvideo,96040,96290,96165,-0.08028111287525722
testvideo,96080,96330,96205,-0.08099249856812614
testvideo,96120,96370,96245,-0.07980958744883537
testvideo,96160,96410,96285,-0.07889224588871002
testvideo,96200,96450,96325,-0.07742219418287277
testvideo,96240,96490,96365,-0.07534870505332947
testvideo,96280,96530,96405,-0.07412174769810267
testvideo,96320,96570,96445,-0.07408282160758974
testvideo,96360,96610,96485,-0.07419564574956894
testvideo,96400,96650,96525,-0.07489215210080147
testvideo,96440,96690,96565,-0.0761088516030993
testvideo,96480,96730,96605,-0.07627520816666741
testvideo,96520,96770,96645,-0.07619291118213109
testvideo,96560,96810,96685,-0.07517252489924431
testvideo,96600,96850,96725,-0.07420247048139571
testvideo,96640,96890,96765,-0.07298868468829563
testvideo,96680,96930,96805,-0.07206945334162028
testvideo,96720,96970,96845,-0.07211773310388836
testvideo,96760,97010,96885,-0.07238071784377098
testvideo,96800,97050,96925,-0.07236992195248604
testvideo,96840,97090,96965,-0.07256198355129787
testvideo,96880,97130,97005,-0.0726771312100547
testvideo,96920,97170,97045,-0.07270188842500962
testvideo,96960,97210,97085,-0.07298828661441803
testvideo,97000,97250,97125,-0.07356544956564903
testvideo,97040,97290,97165,-0.07520387321710587
testvideo,97080,97330,97205,-0.07827145286968776
testvideo,97120,97370,97245,-0.08254172546522956
testvideo,97160,97410,97285,-0.08833780512213707
testvideo,97200,97450,97325,-0.08982483670115472
testvideo,97240,97490,97365,-0.0908465012907982
testvideo,97280,97530,97405,-0.09188499195235116
testvideo,97320,97570,97445,-0.08964785081999646
testvideo,97360,97610,97485,-0.08421396357672559
testvideo,97400,97650,97525,-0.0713411569595337
testvideo,97440,97690,97565,-0.05512872338294984
testvideo,97480,97730,97605,-0.033152031047003636
testvideo,97520,97770,97645,-0.017121355448450375
testvideo,97560,97810,97685,-0.0020053258963993576
testvideo,97600,97850,97725,0.012106535956263546
testvideo,97640,97890,97765,0.018436213955283172
testvideo,97680,97930,97805,0.023561343550682085
testvideo,97720,97970,97845,0.01478849351406099
testvideo,97760,98010,97885,0.004034497908183522
testvideo,97800,98050,97925,-0.016701452434062958
testvideo,97840,98090,97965,-0.030054818838834773
testvideo,97880,98130,98005,-0.0506800434419087
testvideo,97920,98170,98045,-0.06325866707733699
testvideo,97960,98210,98085,-0.07089175709656308
testvideo,98000,98250,98125,-0.07519400678575042
testvideo,98040,98290,98165,-0.07593998312950136
testvideo,98080,98330,98205,-0.07620945572853091
testvideo,98120,98370,98245,-0.07284236592905866
testvideo,98160,98410,98285,-0.07060384111745019
testvideo,98200,98450,98325,-0.06763688661158088
testvideo,98240,98490,98365,-0.0663384720683098
testvideo,98280,98530,98405,-0.06486766040325166
testvideo,98320,98570,98445,-0.06240862395082203
testvideo,98360,98610,98485,-0.0613440573215485
testvideo,98400,98650,98525,-0.059047492487090014
testvideo,98440,98690,98565,-0.05641653016209605
testvideo,98480,98730,98605,-0.05476043000817302
testvideo,98520,98770,98645,-0.05019613248961314
testvideo,98560,98810,98685,-0.04860421376568932
testvideo,98600,98850,98725,-0.047278084925242846
testvideo,98640,98890,98765,-0.04221677407622339
testvideo,98680,98930,98805,-0.038742441684007645
testvideo,98720,98970,98845,-0.032834847058568685
testvideo,98760,99010,98885,-0.030731673751558587
testvideo,98800,99050,98925,-0.027467212506702993
testvideo,98840,99090,98965,-0.025608142837882052
testvideo,98880,99130,99005,-0.026237409561872486
testvideo,98920,99170,99045,-0.02814463845321111
testvideo,98960,99210,99085,-0.03316797954695567
testvideo,99000,99250,99125,-0.03834991582802364
testvideo,99040,99290,99165,-0.04525938630104062
testvideo,99080,99330,99205,-0.048294991254806505
testvideo,99120,99370,99245,-0.05111479945480822
testvideo,99160,99410,99285,-0.05567128956317901
testvideo,99200,99450,99325,-0.05581127320017133
testvideo,99240,99490,99365,-0.05510694347321986
testvideo,99280,99530,99405,-0.0550678726285696
testvideo,99320,99570,99445,-0.05513790249824525
testvideo,99360,99610,99485,-0.05606198097978322
testvideo,99400,99650,99525,-0.056985090885843546
testvideo,99440,99690,99565,-0.05745115450450352
testvideo,99480,99730,99605,-0.05848121456801892
testvideo,99520,99770,99645,-0.0596071667969227
testvideo,99560,99810,99685,-0.06141647696495056
testvideo,99600,99850,99725,-0.06317851160253797
testvideo,99640,99890,99765,-0.06525810488632747
testvideo,99680,99930,99805,-0.06794600933790207
testvideo,99720,99970,99845,-0.06935059279203416
testvideo,99760,100010,99885,-0.06989894807338716
testvideo,99800,100050,99925,-0.06906857660838536
testvideo,99840,100090,99965,-0.06663234319005695
testvideo,99880,100130,100005,-0.0644178427755833
testvideo,99920,100170,100045,-0.06543041020631792
testvideo,99960,100210,100085,-0.06586336663791112
testvideo,100000,100250,100125,-0.06760771359716146
testvideo,100040,100290,100165,-0.06856545593057364
testvideo,100080,100330,100205,-0.06949175894260406
testvideo,100120,100370,100245,-0.07016637921333313
testvideo,100160,100410,100285,-0.07128830999135971
testvideo,100200,100450,100325,-0.06972891518047877
testvideo,100240,100490,100365,-0.07016564267022267
testvideo,100280,100530,100405,-0.07474688813090322
testvideo,100320,100570,100445,-0.0789194032549858
testvideo,100360,100610,100485,-0.08338742516934872
testvideo,100400,100650,100525,-0.090434519307954
testvideo,100440,100690,100565,-0.09450626160417287
testvideo,100480,100730,100605,-0.09835877801690786
testvideo,100520,100770,100645,-0.09988641925156118
testvideo,100560,100810,100685,-0.09929690696299079
testvideo,100600,100850,100725,-0.09429380297660828
testvideo,100640,100890,100765,-0.08616453409194946
testvideo,100680,100930,100805,-0.07302289349692208
testvideo,100720,100970,100845,-0.04827683791518211
testvideo,100760,101010,100885,-0.03496602922677993
testvideo,100800,101050,100925,-0.014001269425664625
testvideo,100840,101090,100965,-0.004080221056938164
testvideo,100880,101130,101005,0.0010254106351307618
testvideo,100920,101170,101045,-0.0018148254603147368
testvideo,100960,101210,101085,-0.007303891703486436
testvideo,101000,101250,101125,-0.014337653294205669
testvideo,101040,101290,101165,-0.02592161084924426
testvideo,101080,101330,101205,-0.03775684961250852
testvideo,101120,101370,101245,-0.05040810629725457
testvideo,101160,101410,101285,-0.057881029322743416
testvideo,101200,101450,101325,-0.06474712863564494
testvideo,101240,101490,101365,-0.072909985269819
testvideo,101280,101530,101405,-0.07382504642009735
testvideo,101320,101570,101445,-0.0699637308716774
testvideo,101360,101610,101485,-0.06814690120518209
testvideo,101400,101650,101525,-0.06512559019029143
testvideo,101440,101690,101565,-0.06083670045648304
testvideo,101480,101730,101605,-0.057606126580919556
testvideo,101520,101770,101645,-0.05466512058462415
testvideo,101560,101810,101685,-0.052300339564681074
testvideo,101600,101850,101725,-0.05156919173896315
testvideo,101640,101890,101765,-0.05090389720031195
testvideo,101680,101930,101805,-0.048104465007782
testvideo,101720,101970,101845,-0.04468198759215221
testvideo,101760,102010,101885,-0.037353076040744795
testvideo,101800,102050,101925,-0.033507924526929855
testvideo,101840,102090,101965,-0.025369974119322656
testvideo,101880,102130,102005,-0.020124956965446483
testvideo,101920,102170,102045,-0.01786855927535467
testvideo,101960,102210,102085,-0.017034955322742473
testvideo,102000,102250,102125,-0.017346749082207687
testvideo,102040,102290,102165,-0.018243823200464266
testvideo,102080,102330,102205,-0.020240449479648065
testvideo,102120,102370,102245,-0.02409176528453829
testvideo,102160,102410,102285,-0.037918593734502806
testvideo,102200,102450,102325,-0.04622478783130648
testvideo,102240,102490,102365,-0.053798208013176946
testvideo,102280,102530,102405,-0.06570440317903248
testvideo,102320,102570,102445,-0.07251352071762086
testvideo,102360,102610,102485,-0.07376044616103172
testvideo,102400,102650,102525,-0.07180295884609221
testvideo,102440,102690,102565,-0.07004874944686888
testvideo,102480,102730,102605,-0.06516822959695541
testvideo,102520,102770,102645,-0.06316808291843957
testvideo,102560,102810,102685,-0.06044642414365493
testvideo,102600,102850,102725,-0.05784096941351887
testvideo,102640,102890,102765,-0.05684165656566617
testvideo,102680,102930,102805,-0.05576914548873899
testvideo,102720,102970,102845,-0.05606313688414435
testvideo,102760,103010,102885,-0.056747764348983744
testvideo,102800,103050,102925,-0.059672050178050974
testvideo,102840,103090,102965,-0.06116986274719236
testvideo,102880,103130,103005,-0.06442107473100933
testvideo,102920,103170,103045,-0.06527657168252125
testvideo,102960,103210,103085,-0.06567501170294623
testvideo,103000,103250,103125,-0.06657158955931661
testvideo,103040,103290,103165,-0.06749987602233884
testvideo,103080,103330,103205,-0.06892421096563336
testvideo,103120,103370,103245,-0.07146745920181273
testvideo,103160,103410,103285,-0.07339508405753543
testvideo,103200,103450,103325,-0.07611454837024212
testvideo,103240,103490,103365,-0.07767053879797459
testvideo,103280,103530,103405,-0.07821783609688282
testvideo,103320,103570,103445,-0.07823946007660458
testvideo,103360,103610,103485,-0.07737216992037639
testvideo,103400,103650,103525,-0.0769908390939236
testvideo,103440,103690,103565,-0.0773579403758049
testvideo,103480,103730,103605,-0.07834417372941974
testvideo,103520,103770,103645,-0.08093837967940742
testvideo,103560,103810,103685,-0.0837667179959161
testvideo,103600,103850,103725,-0.08672647178173068
testvideo,103640,103890,103765,-0.08124138973653318
testvideo,103680,103930,103805,-0.07546017318964006
testvideo,103720,103970,103845,-0.06323094027382989
testvideo,103760,104010,103885,-0.050800280911581855
testvideo,103800,104050,103925,-0.04053679321493423
testvideo,103840,104090,103965,-0.03489730320870877
testvideo,103880,104130,104005,-0.034492632374167456
testvideo,103920,104170,104045,-0.034722202590533664
testvideo,103960,104210,104085,-0.03385841420718602
testvideo,104000,104250,104125,-0.03219756271157946
testvideo,104040,104290,104165,-0.027171928435564038
testvideo,104080,104330,104205,-0.025404259562492374
testvideo,104120,104370,104245,-0.019013449549674988
testvideo,104160,104410,104285,-0.0074145453316824894
testvideo,104200,104450,104325,-0.008604620184217189
testvideo,104240,104490,104365,-0.011459004133939753
testvideo,104280,104530,104405,-0.015804426744580283
testvideo,104320,104570,104445,-0.020226769149303447
testvideo,104360,104610,104485,-0.028942546674183448
testvideo,104400,104650,104525,-0.03755965616021839
testvideo,104440,104690,104565,-0.04715290027005333
testvideo,104480,104730,104605,-0.06198598816990854
testvideo,104520,104770,104645,-0.07030915655195713
testvideo,104560,104810,104685,-0.08034728041716985
testvideo,104600,104850,104725,-0.08134659699031284
testvideo,104640,104890,104765,-0.08158129453659056
testvideo,104680,104930,104805,-0.07821401022374627
testvideo,104720,104970,104845,-0.07477784343063827
testvideo,104760,105010,104885,-0.06877254801137103
testvideo,104800,105050,104925,-0.06401877743857246
testvideo,104840,105090,104965,-0.06110139191150664
testvideo,104880,105130,105005,-0.05687894858419894
testvideo,104920,105170,105045,-0.054913746193051324
testvideo,104960,105210,105085,-0.05443794812474932
testvideo,105000,105250,105125,-0.057182397161211304
testvideo,105040,105290,105165,-0.060603620750563504
testvideo,105080,105330,105205,-0.06402816437184812
testvideo,105120,105370,105245,-0.06615815311670303
testvideo,105160,105410,105285,-0.06761309131979942
testvideo,105200,105450,105325,-0.06613382909979142
testvideo,105240,105490,105365,-0.06247029985700336
testvideo,105280,105530,105405,-0.05671527609229088
testvideo,105320,105570,105445,-0.05249827168881894
testvideo,105360,105610,105485,-0.05009203776717187
testvideo,105400,105650,105525,-0.0451507376773017
testvideo,105440,105690,105565,-0.047138752681868415
testvideo,105480,105730,105605,-0.05164346311773573
testvideo,105520,105770,105645,-0.061206156387925155
testvideo,105560,105810,105685,-0.06410084478557111
testvideo,105600,105850,105725,-0.07098808245999474
testvideo,105640,105890,105765,-0.07685348178659167
testvideo,105680,105930,105805,-0.08194830587932042
testvideo,105720,105970,105845,-0.08427920192480089
testvideo,105760,106010,105885,-0.08397639915347102
testvideo,105800,106050,105925,-0.08592037643705099
testvideo,105840,106090,105965,-0.08754120554242815
testvideo,105880,106130,106005,-0.08648694413048881
testvideo,105920,106170,106045,-0.08419407904148102
testvideo,105960,106210,106085,-0.08217370137572286
testvideo,106000,106250,106125,-0.07865189228739054
testvideo,106040,106290,106165,-0.07688495942524498
testvideo,106080,106330,106205,-0.07499841281345909
testvideo,106120,106370,106245,-0.0747285336256027
testvideo,106160,106410,106285,-0.0749184228479862
testvideo,106200,106450,106325,-0.0750128626823425
testvideo,106240,106490,106365,-0.07676080295017787
testvideo,106280,106530,106405,-0.0779938953263419
testvideo,106320,106570,106445,-0.08013217896223068
testvideo,106360,106610,106485,-0.08111343160271645
testvideo,106400,106650,106525,-0.08169818297028543
testvideo,106440,106690,106565,-0.08188828825950623
testvideo,106480,106730,106605,-0.08189480645315987
testvideo,106520,106770,106645,-0.08112394383975438
testvideo,106560,106810,106685,-0.07861426100134852
testvideo,106600,106850,106725,-0.07761944830417633
testvideo,106640,106890,106765,-0.07576040497847966
testvideo,106680,106930,106805,-0.07487383697714124
testvideo,106720,106970,106845,-0.07465847900935584
testvideo,106760,107010,106885,-0.07664325088262558
testvideo,106800,107050,106925,-0.07889973372220993
testvideo,106840,107090,106965,-0.08318897443158287
testvideo,106880,107130,107005,-0.08646721499306816
testvideo,106920,107170,107045,-0.0896605636392321
testvideo,106960,107210,107085,-0.08794493973255157
testvideo,107000,107250,107125,-0.085291663184762
testvideo,107040,107290,107165,-0.08183978497982025
testvideo,107080,107330,107205,-0.07671888598373958
testvideo,107120,107370,107245,-0.07165564596652985
testvideo,107160,107410,107285,-0.0687052719295025
testvideo,107200,107450,107325,-0.06787431426346305
testvideo,107240,107490,107365,-0.06725199148058894
testvideo,107280,107530,107405,-0.06714227582727161
testvideo,107320,107570,107445,-0.06526764588696618
testvideo,107360,107610,107485,-0.061279941350221655
testvideo,107400,107650,107525,-0.058653151616454145
testvideo,107440,107690,107565,-0.05517382547259333
testvideo,107480,107730,107605,-0.04969164516244617
testvideo,107520,107770,107645,-0.048614695668220534
testvideo,107560,107810,107685,-0.04899137786456518
testvideo,107600,107850,107725,-0.05082938820123674
testvideo,107640,107890,107765,-0.05252378620207311
testvideo,107680,107930,107805,-0.053659954241343906
testvideo,107720,107970,107845,-0.05393792901720322
testvideo,107760,108010,107885,-0.05400704486029491
testvideo,107800,108050,107925,-0.05207499302923681
testvideo,107840,108090,107965,-0.05067018419504168
testvideo,107880,108130,108005,-0.04773778149059843
testvideo,107920,108170,108045,-0.046785856996263794
testvideo,107960,108210,108085,-0.04589271971157621
testvideo,108000,108250,108125,-0.045364774763584165
testvideo,108040,108290,108165,-0.04529675468802455
testvideo,108080,108330,108205,-0.04536368511617187
testvideo,108120,108370,108245,-0.04490093461104805
testvideo,108160,108410,108285,-0.04427452811173033
testvideo,108200,108450,108325,-0.042511999607086196
testvideo,108240,108490,108365,-0.040942516177892706
testvideo,108280,108530,108405,-0.03885265626013281
testvideo,108320,108570,108445,-0.036061327372278504
testvideo,108360,108610,108485,-0.03450607189110348
testvideo,108400,108650,108525,-0.03449788875877857
testvideo,108440,108690,108565,-0.03515657037496567
testvideo,108480,108730,108605,-0.03569538705050945
testvideo,108520,108770,108645,-0.038091348750250664
testvideo,108560,108810,108685,-0.039911534105028415
testvideo,108600,108850,108725,-0.04163412111146109
testvideo,108640,108890,108765,-0.041066607460379614
testvideo,108680,108930,108805,-0.039893932640552535
testvideo,108720,108970,108845,-0.03615973038332806
testvideo,108760,109010,108885,-0.03186418328966416
testvideo,108800,109050,108925,-0.026945484536034757
testvideo,108840,109090,108965,-0.021729350090026873
testvideo,108880,109130,109005,-0.02145501598715782
testvideo,108920,109170,109045,-0.02173325419425964
testvideo,108960,109210,109085,-0.027048760226794644
testvideo,109000,109250,109125,-0.032245787126677375
testvideo,109040,109290,109165,-0.03968439996242522
testvideo,109080,109330,109205,-0.04463452287018298
testvideo,109120,109370,109245,-0.047837009653449045
testvideo,109160,109410,109285,-0.049372700708253045
testvideo,109200,109450,109325,-0.047627363886152
testvideo,109240,109490,109365,-0.046206258237361894
testvideo,109280,109530,109405,-0.04513055272400377
testvideo,109320,109570,109445,-0.04362866282463072
testvideo,109360,109610,109485,-0.041934643472943976
testvideo,109400,109650,109525,-0.0413487617458616
testvideo,109440,109690,109565,-0.04298351518809797
testvideo,109480,109730,109605,-0.04381291754543783
testvideo,109520,109770,109645,-0.04473059251904488
testvideo,109560,109810,109685,-0.04774896800518037
testvideo,109600,109850,109725,-0.05104333800928935
testvideo,109640,109890,109765,-0.05484820476600104
testvideo,109680,109930,109805,-0.057913836091756814
testvideo,109720,109970,109845,-0.06025449372828005
testvideo,109760,110010,109885,-0.0644362483705793
testvideo,109800,110050,109925,-0.06683320445673806
testvideo,109840,110090,109965,-0.06815153786114284
testvideo,109880,110130,110005,-0.06798763759434222
testvideo,109920,110170,110045,-0.06744369119405744
testvideo,109960,110210,110085,-0.06734309877668108
testvideo,110000,110250,110125,-0.06745623903615135
testvideo,110040,110290,110165,-0.06740474275180271
testvideo,110080,110330,110205,-0.06796008720993996
testvideo,110120,110370,110245,-0.0679012481123209
testvideo,110160,110410,110285,-0.06830766983330251
testvideo,110200,110450,110325,-0.06960504821368627
testvideo,110240,110490,110365,-0.06822124762194501
testvideo,110280,110530,110405,-0.0654808431863785
testvideo,110320,110570,110445,-0.06359133124351504
testvideo,110360,110610,110485,-0.06246233731508258
testvideo,110400,110650,110525,-0.060309680444853686
testvideo,110440,110690,110565,-0.05974998857293813
testvideo,110480,110730,110605,-0.06026679277420048
testvideo,110520,110770,110645,-0.06022621132433417
testvideo,110560,110810,110685,-0.06030676141381268
testvideo,110600,110850,110725,-0.06126911512443001
testvideo,110640,110890,110765,-0.06257512313979016
testvideo,110680,110930,110805,-0.06357700058392117
testvideo,110720,110970,110845,-0.06626505777239802
testvideo,110760,111010,110885,-0.06753034517169001
testvideo,110800,111050,110925,-0.0688321058239256
testvideo,110840,111090,110965,-0.06867741686957228
testvideo,110880,111130,111005,-0.06789082927363263
testvideo,110920,111170,111045,-0.06629836745560172
testvideo,110960,111210,111085,-0.06374115124344829
testvideo,111000,111250,111125,-0.059534724269594476
testvideo,111040,111290,111165,-0.058013930916786194
testvideo,111080,111330,111205,-0.057822895901543755
testvideo,111120,111370,111245,-0.0641365423798561
testvideo,111160,111410,111285,-0.06709560379385948
testvideo,111200,111450,111325,-0.07032099552452564
testvideo,111240,111490,111365,-0.07943340923104968
testvideo,111280,111530,111405,-0.08663611752646312
testvideo,111320,111570,111445,-0.09483203105628492
testvideo,111360,111610,111485,-0.09796356596052647
testvideo,111400,111650,111525,-0.0968038570135832
testvideo,111440,111690,111565,-0.09246911321367537
testvideo,111480,111730,111605,-0.08360881677695683
testvideo,111520,111770,111645,-0.07314386325223103
testvideo,111560,111810,111685,-0.06462732329964635
testvideo,111600,111850,111725,-0.058502636849880205
testvideo,111640,111890,111765,-0.050320167626653374
testvideo,111680,111930,111805,-0.05837278706686834
testvideo,111720,111970,111845,-0.0636719592979976
testvideo,111760,112010,111885,-0.049000386148691163
testvideo,111800,112050,111925,-0.04121835902333259
testvideo,111840,112090,111965,-0.03272737775530134
testvideo,111880,112130,112005,-0.026684113911220022
testvideo,111920,112170,112045,-0.01906744710036688
testvideo,111960,112210,112085,-0.024486768990755102
testvideo,112000,112250,112125,-0.03491246886551383
testvideo,112040,112290,112165,-0.0570106889520373
testvideo,112080,112330,112205,-0.06670326633112775
testvideo,112120,112370,112245,-0.07412670552730563
testvideo,112160,112410,112285,-0.08068933337926867
testvideo,112200,112450,112325,-0.08473176322877411
testvideo,112240,112490,112365,-0.08767842501401904
testvideo,112280,112530,112405,-0.08968717711312434
testvideo,112320,112570,112445,-0.09001900255680087
testvideo,112360,112610,112485,-0.08683800511062147
testvideo,112400,112650,112525,-0.08451733179390433
testvideo,112440,112690,112565,-0.08072467707097533
testvideo,112480,112730,112605,-0.07181087987763543
testvideo,112520,112770,112645,-0.06434727779456549
testvideo,112560,112810,112685,-0.05874753424099516
testvideo,112600,112850,112725,-0.055378148332238225
testvideo,112640,112890,112765,-0.0536359250545502
testvideo,112680,112930,112805,-0.050333025200026395
testvideo,112720,112970,112845,-0.05031960564000267
testvideo,112760,113010,112885,-0.051295795610972826
testvideo,112800,113050,112925,-0.05050389654934409
testvideo,112840,113090,112965,-0.04786943830549718
testvideo,112880,113130,113005,-0.04083896747657234
testvideo,112920,113170,113045,-0.0348611218588693
testvideo,112960,113210,113085,-0.029204677258219045
testvideo,113000,113250,113125,-0.020533539354801178
testvideo,113040,113290,113165,-0.01609439030289649
testvideo,113080,113330,113205,-0.01032868666308266
testvideo,113120,113370,113245,-0.013611687081200715
testvideo,113160,113410,113285,-0.018580977405820553
testvideo,113200,113450,113325,-0.027406979352235784
testvideo,113240,113490,113365,-0.03401840105652808
testvideo,113280,113530,113405,-0.040343474596738815
testvideo,113320,113570,113445,-0.04991233561720167
testvideo,113360,113610,113485,-0.053394587976591926
testvideo,113400,113650,113525,-0.05687773227691652
testvideo,113440,113690,113565,-0.059748630970716504
testvideo,113480,113730,113605,-0.06250479072332385
testvideo,113520,113770,113645,-0.06640563692365377
testvideo,113560,113810,113685,-0.06873091203825818
testvideo,113600,113850,113725,-0.06898051500320439
testvideo,113640,113890,113765,-0.07034493796527388
testvideo,113680,113930,113805,-0.07032161951065066
testvideo,113720,113970,113845,-0.06843018318925588
testvideo,113760,114010,113885,-0.06497033366135191
testvideo,113800,114050,113925,-0.061987600156239116
testvideo,113840,114090,113965,-0.06269942782819274
testvideo,113880,114130,114005,-0.06340624019503596
testvideo,113920,114170,114045,-0.06430470091956005
testvideo,113960,114210,114085,-0.061636098793574776
testvideo,114000,114250,114125,-0.05326937564781737
testvideo,114040,114290,114165,-0.02414850331842904
testvideo,114080,114330,114205,-0.008188858628273059
testvideo,114120,114370,114245,0.010567642748355827
testvideo,114160,114410,114285,0.047293763075556036
testvideo,114200,114450,114325,0.06628236813204627
testvideo,114240,114490,114365,0.07547686062753198
testvideo,114280,114530,114405,0.07241231389343737
testvideo,114320,114570,114445,0.05308554694056511
testvideo,114360,114610,114485,0.030792698264122006
testvideo,114400,114650,114525,0.018723998750959123
testvideo,114440,114690,114565,0.005531368777155869
testvideo,114480,114730,114605,-0.0070576295256614685
testvideo,114520,114770,114645,-0.01997156813740731
testvideo,114560,114810,114685,-0.020192146301269538
testvideo,114600,114850,114725,-0.015981444290706085
testvideo,114640,114890,114765,-0.02141700259276799
testvideo,114680,114930,114805,-0.026639718562364564
testvideo,114720,114970,114845,-0.030040849000215513
testvideo,114760,115010,114885,-0.03192740465913498
testvideo,114800,115050,114925,-0.03608152057443344
testvideo,114840,115090,114965,-0.0391231562410082
testvideo,114880,115130,115005,-0.04397617094218728
testvideo,114920,115170,115045,-0.046451266855001436
testvideo,114960,115210,115085,-0.05181906265871865
testvideo,115000,115250,115125,-0.0533012045281274
testvideo,115040,115290,115165,-0.05150546985013144
testvideo,115080,115330,115205,-0.051693188026547446
testvideo,115120,115370,115245,-0.05228747054934503
testvideo,115160,115410,115285,-0.05270857550203803
testvideo,115200,115450,115325,-0.054402055484907993
testvideo,115240,115490,115365,-0.05500586969511852
testvideo,115280,115530,115405,-0.05656886473298074
testvideo,115320,115570,115445,-0.05744315683841707
testvideo,115360,115610,115485,-0.058851037174463286
testvideo,115400,115650,115525,-0.06121412558215005
testvideo,115440,115690,115565,-0.0637804503951754
testvideo,115480,115730,115605,-0.0684821605682373
testvideo,115520,115770,115645,-0.07123195938766003
testvideo,115560,115810,115685,-0.07315797172486783
testvideo,115600,115850,115725,-0.0766254791191646
testvideo,115640,115890,115765,-0.0773201265505382
testvideo,115680,115930,115805,-0.07821433671883174
testvideo,115720,115970,115845,-0.0797637291252613
testvideo,115760,116010,115885,-0.07958574779331684
testvideo,115800,116050,115925,-0.0782209507056645
testvideo,115840,116090,115965,-0.07553524204662868
testvideo,115880,116130,116005,-0.07089462876319887
testvideo,115920,116170,116045,-0.06408826820552352
testvideo,115960,116210,116085,-0.05988662689924242
testvideo,116000,116250,116125,-0.05167091105665483
testvideo,116040,116290,116165,-0.048520109483173965
testvideo,116080,116330,116205,-0.04679040823663987
testvideo,116120,116370,116245,-0.04817870259284975
testvideo,116160,116410,116285,-0.04962617531418803
testvideo,116200,116450,116325,-0.05172046832740309
testvideo,116240,116490,116365,-0.05262123899800438
testvideo,116280,116530,116405,-0.05088839786393303
testvideo,116320,116570,116445,-0.04232501424849035
testvideo,116360,116610,116485,-0.039592582732439055
testvideo,116400,116650,116525,-0.04011469520628454
testvideo,116440,116690,116565,-0.03702466402735031
testvideo,116480,116730,116605,-0.03353289408343181
testvideo,116520,116770,116645,-0.023454029113054296
testvideo,116560,116810,116685,-0.018399240449070958
testvideo,116600,116850,116725,-0.014236859977245359
testvideo,116640,116890,116765,-0.0027841521160943327
testvideo,116680,116930,116805,0.007632885660443979
testvideo,116720,116970,116845,0.009557798504829407
testvideo,116760,117010,116885,-0.004964396357536323
testvideo,116800,117050,116925,-0.015119502320885648
testvideo,116840,117090,116965,-0.028906954186303253
testvideo,116880,117130,117005,-0.03429967164993285
testvideo,116920,117170,117045,-0.04299462693078176
testvideo,116960,117210,117085,-0.0553977619856596
testvideo,117000,117250,117125,-0.0616918858140707
testvideo,117040,117290,117165,-0.06585197363580977
testvideo,117080,117330,117205,-0.0739824516432626
testvideo,117120,117370,117245,-0.08311112012181963
testvideo,117160,117410,117285,-0.0909800883382559
testvideo,117200,117450,117325,-0.0957514327019453
testvideo,117240,117490,117365,-0.09420972317457199
testvideo,117280,117530,117405,-0.09414568330560412
testvideo,117320,117570,117445,-0.0928192926304681
testvideo,117360,117610,117485,-0.07068898901343346
testvideo,117400,117650,117525,-0.05996118672192097
testvideo,117440,117690,117565,-0.051640572026371956
testvideo,117480,117730,117605,-0.03810370181288038
testvideo,117520,117770,117645,-0.031841473920004706
testvideo,117560,117810,117685,-0.02980715887887136
testvideo,117600,117850,117725,-0.04702178575098514
testvideo,117640,117890,117765,-0.05899958685040475
testvideo,117680,117930,117805,-0.07430789513247353
testvideo,117720,117970,117845,-0.08227254237447466
testvideo,117760,118010,117885,-0.09052356438977378
testvideo,117800,118050,117925,-0.09852266311645508
testvideo,117840,118090,117965,-0.10127569921314716
testvideo,117880,118130,118005,-0.10622998433453697
testvideo,117920,118170,118045,-0.10929592166628156
testvideo,117960,118210,118085,-0.11254971155098506
testvideo,118000,118250,118125,-0.11258834227919579
testvideo,118040,118290,118165,-0.11192608810961248
testvideo,118080,118330,118205,-0.11031320903982438
testvideo,118120,118370,118245,-0.1078874617815018
testvideo,118160,118410,118285,-0.10496923540319718
testvideo,118200,118450,118325,-0.10099168308079245
testvideo,118240,118490,118365,-0.09847347252070907
testvideo,118280,118530,118405,-0.0957011003047228
testvideo,118320,118570,118445,-0.09232566612107414
testvideo,118360,118610,118485,-0.09001212034906658
testvideo,118400,118650,118525,-0.0851045846939087
testvideo,118440,118690,118565,-0.08377433940768245
testvideo,118480,118730,118605,-0.08256731182336809
testvideo,118520,118770,118645,-0.08089193914617812
testvideo,118560,118810,118685,-0.08054963605744501
testvideo,118600,118850,118725,-0.08124234208038879
testvideo,118640,118890,118765,-0.08259410597383979
testvideo,118680,118930,118805,-0.08364024944603445
testvideo,118720,118970,118845,-0.08371899809156148
testvideo,118760,119010,118885,-0.0831463911703655
testvideo,118800,119050,118925,-0.08146397130829951
testvideo,118840,119090,118965,-0.08027562312781811
testvideo,118880,119130,119005,-0.07985599152743816
testvideo,118920,119170,119045,-0.08007430178778514
testvideo,118960,119210,119085,-0.07878724804946355
testvideo,119000,119250,119125,-0.0773816215140479
testvideo,119040,119290,119165,-0.07672823034226892
testvideo,119080,119330,119205,-0.07476953044533728
testvideo,119120,119370,119245,-0.07115925635610305
testvideo,119160,119410,119285,-0.06678452023438043
testvideo,119200,119450,119325,-0.06380048607076917
testvideo,119240,119490,119365,-0.058736586943268776
testvideo,119280,119530,119405,-0.05768085829913616
testvideo,119320,119570,119445,-0.05729727819561958
testvideo,119360,119610,119485,-0.05933350750378202
testvideo,119400,119650,119525,-0.06370374134608678
testvideo,119440,119690,119565,-0.05981476604938507
testvideo,119480,119730,119605,-0.05514006875455378
testvideo,119520,119770,119645,-0.05181921832263468
testvideo,119560,119810,119685,-0.04350078957421439
testvideo,119600,119850,119725,-0.03676282508032662
testvideo,119640,119890,119765,-0.03183742293289729
testvideo,119680,119930,119805,-0.031681658700108514
testvideo,119720,119970,119845,-0.026888964697718613
testvideo,119760,120010,119885,-0.0236083652291979
testvideo,119800,120050,119925,-0.018787579877035943
testvideo,119840,120090,119965,-0.011345305613109027
testvideo,119880,120130,120005,0.00016527250409129057
testvideo,119920,120170,120045,0.0028099790215492526
testvideo,119960,120210,120085,0.0019579295601163988
testvideo,120000,120250,120125,-0.008639767765998821
testvideo,120040,120290,120165,-0.020044797233172817
testvideo,120080,120330,120205,-0.036871813237667084
testvideo,120120,120370,120245,-0.047836709767580025
testvideo,120160,120410,120285,-0.06558275009904589
testvideo,120200,120450,120325,-0.07279428626809803
testvideo,120240,120490,120365,-0.07738056991781507
testvideo,120280,120530,120405,-0.08000984787940976
testvideo,120320,120570,120445,-0.08093537390232085
testvideo,120360,120610,120485,-0.08215403370559213
testvideo,120400,120650,120525,-0.08186397169317515
testvideo,120440,120690,120565,-0.08045387480940135
testvideo,120480,120730,120605,-0.07926577143371104
testvideo,120520,120770,120645,-0.07804501242935658
testvideo,120560,120810,120685,-0.07833382114768028
testvideo,120600,120850,120725,-0.07949962360518319
testvideo,120640,120890,120765,-0.08140806853771212
testvideo,120680,120930,120805,-0.08111761723245896
testvideo,120720,120970,120845,-0.08027999661862853
testvideo,120760,121010,120885,-0.08107110485434535
testvideo,120800,121050,120925,-0.08133214286395486
testvideo,120840,121090,120965,-0.08174065819808421
testvideo,120880,121130,121005,-0.08136336079665597
testvideo,120920,121170,121045,-0.08415813371539121
testvideo,120960,121210,121085,-0.08565198071300989
testvideo,121000,121250,121125,-0.08699301310947967
testvideo,121040,121290,121165,-0.08705860163484304
testvideo,121080,121330,121205,-0.08683866049562182
testvideo,121120,121370,121245,-0.08613443002104759
testvideo,121160,121410,121285,-0.08563302829861642
testvideo,121200,121450,121325,-0.08459001034498216
testvideo,121240,121490,121365,-0.0836249589920044
testvideo,121280,121530,121405,-0.08386947427477155
testvideo,121320,121570,121445,-0.08211314119398597
testvideo,121360,121610,121485,-0.08189599402248861
testvideo,121400,121650,121525,-0.08179046213626862
testvideo,121440,121690,121565,-0.08130561028208051
testvideo,121480,121730,121605,-0.08084498132978167
testvideo,121520,121770,121645,-0.08086912520229816
testvideo,121560,121810,121685,-0.0820084884762764
testvideo,121600,121850,121725,-0.08348204754292965
testvideo,121640,121890,121765,-0.08466965385845729
testvideo,121680,121930,121805,-0.08527804911136627
testvideo,121720,121970,121845,-0.08503307402133942
testvideo,121760,122010,121885,-0.08429901674389842
testvideo,121800,122050,121925,-0.08412994444370271
testvideo,121840,122090,121965,-0.08344309670584542
testvideo,121880,122130,122005,-0.0833848799977984
testvideo,121920,122170,122045,-0.0815839959042413
testvideo,121960,122210,122085,-0.07813361473381522
testvideo,122000,122250,122125,-0.07531389594078067
testvideo,122040,122290,122165,-0.0688900649547577
testvideo,122080,122330,122205,-0.06404495665005278
testvideo,122120,122370,122245,-0.05929349149976461
testvideo,122160,122410,122285,-0.05605522356927396
testvideo,122200,122450,122325,-0.05317412875592709
testvideo,122240,122490,122365,-0.05133309774100782
testvideo,122280,122530,122405,-0.05082521906920841
testvideo,122320,122570,122445,-0.05018906295299529
testvideo,122360,122610,122485,-0.04981392249464989
testvideo,122400,122650,122525,-0.04898064024746417
testvideo,122440,122690,122565,-0.04733620211482048
testvideo,122480,122730,122605,-0.04549051395484381
testvideo,122520,122770,122645,-0.045318616288048896
testvideo,122560,122810,122685,-0.04240944050252439
testvideo,122600,122850,122725,-0.04083217307925226
testvideo,122640,122890,122765,-0.03897421807050705
testvideo,122680,122930,122805,-0.03656190633773804
testvideo,122720,122970,122845,-0.035342848726681295
testvideo,122760,123010,122885,-0.032422825694084174
testvideo,122800,123050,122925,-0.03216612152755262
testvideo,122840,123090,122965,-0.033772611990571036
testvideo,122880,123130,123005,-0.03567909981523244
testvideo,122920,123170,123045,-0.039206353681428115
testvideo,122960,123210,123085,-0.04206854743616923
testvideo,123000,123250,123125,-0.047387685626745224
testvideo,123040,123290,123165,-0.05221366696059704
testvideo,123080,123330,123205,-0.05529231897422245
testvideo,123120,123370,123245,-0.04943796566554477
testvideo,123160,123410,123285,-0.03966335952281952
testvideo,123200,123450,123325,-0.026424355804920186
testvideo,123240,123490,123365,-0.021444449201226224
testvideo,123280,123530,123405,-0.017282424494624138
testvideo,123320,123570,123445,-0.011451546634946547
testvideo,123360,123610,123485,-0.016842418483325423
testvideo,123400,123650,123525,-0.028661780059337616
testvideo,123440,123690,123565,-0.03860422968864441
testvideo,123480,123730,123605,-0.051454955711960806
testvideo,123520,123770,123645,-0.06752048432826996
testvideo,123560,123810,123685,-0.07225798283304487
testvideo,123600,123850,123725,-0.07798369415104389
testvideo,123640,123890,123765,-0.08204096183180808
testvideo,123680,123930,123805,-0.08514122106134893
testvideo,123720,123970,123845,-0.08586160838603973
testvideo,123760,124010,123885,-0.08685994574001858
testvideo,123800,124050,123925,-0.09488807618618014
testvideo,123840,124090,123965,-0.07990824058651924
testvideo,123880,124130,124005,-0.07162602432072164
testvideo,123920,124170,124045,-0.06329450862748283
testvideo,123960,124210,124085,-0.06065748631954193
testvideo,124000,124250,124125,-0.053755519645554695
testvideo,124040,124290,124165,-0.05880677327513696
testvideo,124080,124330,124205,-0.053615132346749333
testvideo,124120,124370,124245,-0.06695774410452165
testvideo,124160,124410,124285,-0.07051668209689006
testvideo,124200,124450,124325,-0.0726003284965243
testvideo,124240,124490,124365,-0.07889341749250892
testvideo,124280,124530,124405,-0.07657668367028239
testvideo,124320,124570,124445,-0.06816334277391436
testvideo,124360,124610,124485,-0.05644733990941731
testvideo,124400,124650,124525,-0.03509097227028441
testvideo,124440,124690,124565,-0.009499929845333141
testvideo,124480,124730,124605,3.937818109985697e-05
testvideo,124520,124770,124645,0.003689592704176882
testvideo,124560,124810,124685,0.01937307204518997
testvideo,124600,124850,124725,0.0031115029539380556
testvideo,124640,124890,124765,-0.009475716522761758
testvideo,124680,124930,124805,-0.020643884316086766
testvideo,124720,124970,124845,-0.026027351617813096
testvideo,124760,125010,124885,-0.020877787045070095
testvideo,124800,125050,124925,-0.0036287690911974107
testvideo,124840,125090,124965,-0.0020766939435686266
testvideo,124880,125130,125005,-0.010740328580141057
testvideo,124920,125170,125045,-0.016065303236246085
testvideo,124960,125210,125085,-0.023673053298677697
testvideo,125000,125250,125125,-0.035730826003210855
testvideo,125040,125290,125165,-0.05676357660974773
testvideo,125080,125330,125205,-0.06247770413756369
testvideo,125120,125370,125245,-0.06172673776745794
testvideo,125160,125410,125285,-0.04724042543343134
testvideo,125200,125450,125325,-0.029753012316567556
testvideo,125240,125490,125365,-0.01056576200893947
testvideo,125280,125530,125405,0.011271830648183826
testvideo,125320,125570,125445,0.02187437191605569
testvideo,125360,125610,125485,0.02631046250462533
testvideo,125400,125650,125525,0.01704507001808711
testvideo,125440,125690,125565,0.0006975105830601323
testvideo,125480,125730,125605,-0.019861489534378055
testvideo,125520,125770,125645,-0.026680771261453632
testvideo,125560,125810,125685,-0.037953488528728485
testvideo,125600,125850,125725,-0.045378693512507846
testvideo,125640,125890,125765,-0.043259139571871066
testvideo,125680,125930,125805,-0.04414060711860656
testvideo,125720,125970,125845,-0.05006979405879974
testvideo,125760,126010,125885,-0.05393900722265243
testvideo,125800,126050,125925,-0.06526752880641393
testvideo,125840,126090,125965,-0.07428053447178433
testvideo,125880,126130,126005,-0.08178949781826565
testvideo,125920,126170,126045,-0.08290365710854533
testvideo,125960,126210,126085,-0.0825803205370903
testvideo,126000,126250,126125,-0.08148263181958881
testvideo,126040,126290,126165,-0.07781893866402764
testvideo,126080,126330,126205,-0.07326607619013105
testvideo,126120,126370,126245,-0.06665731593966484
testvideo,126160,126410,126285,-0.0639086626470089
testvideo,126200,126450,126325,-0.05956393480300903
testvideo,126240,126490,126365,-0.061660315309252055
testvideo,126280,126530,126405,-0.06731940167290823
testvideo,126320,126570,126445,-0.071443110704422
testvideo,126360,126610,126485,-0.06806768849492073
testvideo,126400,126650,126525,-0.05858878791332245
testvideo,126440,126690,126565,-0.04486393289906637
testvideo,126480,126730,126605,-0.02253563914980206
testvideo,126520,126770,126645,0.0021833498030901025
testvideo,126560,126810,126685,0.015737909823656082
testvideo,126600,126850,126725,0.023409560322761543
testvideo,126640,126890,126765,0.022345568452562612
testvideo,126680,126930,126805,0.010676352041108268
testvideo,126720,126970,126845,-0.007282742432185578
testvideo,126760,127010,126885,-0.025203887373209007
testvideo,126800,127050,126925,-0.03314273618161678
testvideo,126840,127090,126965,-0.04216274193355015
testvideo,126880,127130,127005,-0.038683508123670295
testvideo,126920,127170,127045,-0.03246566440377917
testvideo,126960,127210,127085,-0.025838242843747153
testvideo,127000,127250,127125,-0.022881302982568748
testvideo,127040,127290,127165,-0.019038047109331404
testvideo,127080,127330,127205,-0.024350630385535105
testvideo,127120,127370,127245,-0.03325104713439943
testvideo,127160,127410,127285,-0.05286535806953907
testvideo,127200,127450,127325,-0.06306528486311436
testvideo,127240,127490,127365,-0.07741518105779376
testvideo,127280,127530,127405,-0.08518067853791375
testvideo,127320,127570,127445,-0.09054433447974068
testvideo,127360,127610,127485,-0.08719265088438988
testvideo,127400,127650,127525,-0.08135965839028358
testvideo,127440,127690,127565,-0.07341834902763367
testvideo,127480,127730,127605,-0.060745537281036356
testvideo,127520,127770,127645,-0.0522111185959407
testvideo,127560,127810,127685,-0.04377686604857444
testvideo,127600,127850,127725,-0.04178538545966148
testvideo,127640,127890,127765,-0.03982305899262426
testvideo,127680,127930,127805,-0.03461679816246033
testvideo,127720,127970,127845,-0.03177505731582643
testvideo,127760,128010,127885,-0.029030459267752527
testvideo,127800,128050,127925,-0.027861990034580238
testvideo,127840,128090,127965,-0.02774574607610704
testvideo,127880,128130,128005,-0.025674624102456245
testvideo,127920,128170,128045,-0.03042543785912651
testvideo,127960,128210,128085,-0.03483557701110839
testvideo,128000,128250,128125,-0.040963768959045396
testvideo,128040,128290,128165,-0.049830362200737
testvideo,128080,128330,128205,-0.06078489337648663
testvideo,128120,128370,128245,-0.060671338013240275
testvideo,128160,128410,128285,-0.05427660686629159
testvideo,128200,128450,128325,-0.05243584886193275
testvideo,128240,128490,128365,-0.05020321905612946
testvideo,128280,128530,128405,-0.04397958889603616
testvideo,128320,128570,128445,-0.02362877982003349
testvideo,128360,128610,128485,-0.016847018684659678
testvideo,128400,128650,128525,-0.02461931109428405
testvideo,128440,128690,128565,-0.0290616787970066
testvideo,128480,128730,128605,-0.028453618288040154
testvideo,128520,128770,128645,-0.03692431109292165
testvideo,128560,128810,128685,-0.04629133854593547
testvideo,128600,128850,128725,-0.06095966696739196
testvideo,128640,128890,128765,-0.06857731565833092
testvideo,128680,128930,128805,-0.07402601465582848
testvideo,128720,128970,128845,-0.07918923667498998
testvideo,128760,129010,128885,-0.08032843044825963
testvideo,128800,129050,128925,-0.07984442796025958
testvideo,128840,129090,128965,-0.07560748234391212
testvideo,128880,129130,129005,-0.07260458543896675
testvideo,128920,129170,129045,-0.06580296158790588
testvideo,128960,129210,129085,-0.06555512121745519
testvideo,129000,129250,129125,-0.06584886142185757
testvideo,129040,129290,129165,-0.06369287148118022
testvideo,129080,129330,129205,-0.058784749358892455
testvideo,129120,129370,129245,-0.05124039309365412
testvideo,129160,129410,129285,-0.04203288895743237
testvideo,129200,129450,129325,-0.032755675060408475
testvideo,129240,129490,129365,-0.02032847888767719
testvideo,129280,129530,129405,-0.011014800518751137
testvideo,129320,129570,129445,-0.005248939618468271
testvideo,129360,129610,129485,-0.0006104303257805842
testvideo,129400,129650,129525,-0.0026167290551321848
testvideo,129440,129690,129565,-0.007715819403529164
testvideo,129480,129730,129605,-0.010108418762683865
testvideo,129520,129770,129645,-0.013796977698802962
testvideo,129560,129810,129685,-0.020115160516330183
testvideo,129600,129850,129725,-0.023679997239794054
testvideo,129640,129890,129765,-0.03738543577492236
testvideo,129680,129930,129805,-0.04603972099721429
testvideo,129720,129970,129845,-0.055563446134328835
testvideo,129760,130010,129885,-0.07022378700120106
testvideo,129800,130050,129925,-0.07955726342541829
testvideo,129840,130090,129965,-0.08740484288760594
testvideo,129880,130130,130005,-0.08997564390301707
testvideo,129920,130170,130045,-0.08988308720290664
testvideo,129960,130210,130085,-0.0864381939172745
testvideo,130000,130250,130125,-0.08367959516389033
testvideo,130040,130290,130165,-0.08145610136645184
testvideo,130080,130330,130205,-0.07933139987289907
testvideo,130120,130370,130245,-0.07791380211710933
testvideo,130160,130410,130285,-0.07600838797433038
testvideo,130200,130450,130325,-0.07543914871556419
testvideo,130240,130490,130365,-0.07456279013838087
testvideo,130280,130530,130405,-0.07342629134654999
testvideo,130320,130570,130445,-0.0719175674021244
testvideo,130360,130610,130485,-0.07058131694793701
testvideo,130400,130650,130525,-0.06905376059668403
testvideo,130440,130690,130565,-0.06844885860170634
testvideo,130480,130730,130605,-0.06927657499909398
testvideo,130520,130770,130645,-0.06948237121105191
testvideo,130560,130810,130685,-0.06983953714370725
testvideo,130600,130850,130725,-0.07207150544439042
testvideo,130640,130890,130765,-0.07308964644159588
testvideo,130680,130930,130805,-0.0745270773768425
testvideo,130720,130970,130845,-0.07477325573563576
testvideo,130760,131010,130885,-0.07560753263533118
testvideo,130800,131050,130925,-0.07692780026367736
testvideo,130840,131090,130965,-0.07777706640107294
testvideo,130880,131130,131005,-0.07854136824607852
testvideo,130920,131170,131045,-0.07878431305289271
testvideo,130960,131210,131085,-0.07894283160567286
testvideo,131000,131250,131125,-0.07877947177205767
testvideo,131040,131290,131165,-0.07867999374866486
testvideo,131080,131330,131205,-0.07646207298551289
testvideo,131120,131370,131245,-0.06991577148437503
testvideo,131160,131410,131285,-0.06489836052060129
testvideo,131200,131450,131325,-0.05755689527307241
testvideo,131240,131490,131365,-0.05279003722327099
testvideo,131280,131530,131405,-0.0480610706976482
testvideo,131320,131570,131445,-0.0486174374818802
testvideo,131360,131610,131485,-0.04840512387454511
testvideo,131400,131650,131525,-0.049811271950602545
testvideo,131440,131690,131565,-0.05440373292991093
testvideo,131480,131730,131605,-0.05762862307684763
testvideo,131520,131770,131645,-0.05894051119685176
testvideo,131560,131810,131685,-0.0593682210892439
testvideo,131600,131850,131725,-0.058273699134588255
testvideo,131640,131890,131765,-0.05838023977620262
testvideo,131680,131930,131805,-0.05869063735008241
testvideo,131720,131970,131845,-0.05659158740724836
testvideo,131760,132010,131885,-0.0557274241000414
testvideo,131800,132050,131925,-0.05464107729494573
testvideo,131840,132090,131965,-0.05418638672147482
testvideo,131880,132130,132005,-0.054406357663018386
testvideo,131920,132170,132045,-0.053964636155537225
testvideo,131960,132210,132085,-0.05391051806509496
testvideo,132000,132250,132125,-0.05384659580886364
testvideo,132040,132290,132165,-0.05285435702119555
testvideo,132080,132330,132205,-0.05085375266415731
testvideo,132120,132370,132245,-0.048563976372991265
testvideo,132160,132410,132285,-0.04602077044546601
testvideo,132200,132450,132325,-0.045273955911397906
testvideo,132240,132490,132365,-0.04517980558531622
testvideo,132280,132530,132405,-0.04770606117589131
testvideo,132320,132570,132445,-0.051518699952534254
testvideo,132360,132610,132485,-0.05816035345196724
testvideo,132400,132650,132525,-0.062332522124052055
testvideo,132440,132690,132565,-0.06662632711231711
testvideo,132480,132730,132605,-0.07299973283495224
testvideo,132520,132770,132645,-0.07524072059563229
testvideo,132560,132810,132685,-0.07775752432644367
testvideo,132600,132850,132725,-0.07816295884549618
testvideo,132640,132890,132765,-0.08027729950845242
testvideo,132680,132930,132805,-0.08225698981966291
testvideo,132720,132970,132845,-0.08331398240157536
testvideo,132760,133010,132885,-0.08394942751952583
testvideo,132800,133050,132925,-0.08498784340918067
testvideo,132840,133090,132965,-0.08555528707802298
testvideo,132880,133130,133005,-0.08557132950850899
testvideo,132920,133170,133045,-0.08387109424386709
testvideo,132960,133210,133085,-0.08284839774881092
testvideo,133000,133250,133125,-0.08048442751169205
testvideo,133040,133290,133165,-0.07975037395954135
testvideo,133080,133330,133205,-0.07894536001341686
testvideo,133120,133370,133245,-0.0804495087691716
testvideo,133160,133410,133285,-0.08233260469777247
testvideo,133200,133450,133325,-0.08229750208556653
testvideo,133240,133490,133365,-0.08191736042499545
testvideo,133280,133530,133405,-0.08375393279961177
testvideo,133320,133570,133445,-0.08225924202374049
testvideo,133360,133610,133485,-0.07870992166655402
testvideo,133400,133650,133525,-0.075160451233387
testvideo,133440,133690,133565,-0.07107804715633392
testvideo,133480,133730,133605,-0.06775328330695629
testvideo,133520,133770,133645,-0.06351678073406221
testvideo,133560,133810,133685,-0.060477737869535184
testvideo,133600,133850,133725,-0.061976257711648955
testvideo,133640,133890,133765,-0.06138314679265022
testvideo,133680,133930,133805,-0.0613652803003788
testvideo,133720,133970,133845,-0.06561260138239179
testvideo,133760,134010,133885,-0.06646945646830967
testvideo,133800,134050,133925,-0.06610502728394098
testvideo,133840,134090,133965,-0.06271565519273281
testvideo,133880,134130,134005,-0.06195848248898984
testvideo,133920,134170,134045,-0.06019975457872663
testvideo,133960,134210,134085,-0.059464403561183383
testvideo,134000,134250,134125,-0.06107011224542347
testvideo,134040,134290,134165,-0.06632445566356185
testvideo,134080,134330,134205,-0.06941346824169162
testvideo,134120,134370,134245,-0.07458868197032387
testvideo,134160,134410,134285,-0.07751501458031794
testvideo,134200,134450,134325,-0.08006538024970467
testvideo,134240,134490,134365,-0.08014771901071074
testvideo,134280,134530,134405,-0.07947173342108729
testvideo,134320,134570,134445,-0.07907803170382977
testvideo,134360,134610,134485,-0.07703678948538648
testvideo,134400,134650,134525,-0.0760978162288666
testvideo,134440,134690,134565,-0.0734744165092707
testvideo,134480,134730,134605,-0.07264162041246894
testvideo,134520,134770,134645,-0.07176220417022708
testvideo,134560,134810,134685,-0.0718939942973001
testvideo,134600,134850,134725,-0.07222417635577069
testvideo,134640,134890,134765,-0.06679786369204524
testvideo,134680,134930,134805,-0.06299225613474847
testvideo,134720,134970,134845,-0.06233298406004906
testvideo,134760,135010,134885,-0.05999872514179776
testvideo,134800,135050,134925,-0.05802251185689654
testvideo,134840,135090,134965,-0.05648608931473322
testvideo,134880,135130,135005,-0.05909051559865473
testvideo,134920,135170,135045,-0.06158172339200971
testvideo,134960,135210,135085,-0.0658396759203502
testvideo,135000,135250,135125,-0.06683434758867535
testvideo,135040,135290,135165,-0.06811981116022381
testvideo,135080,135330,135205,-0.07163651660084724
testvideo,135120,135370,135245,-0.07672921009361744
testvideo,135160,135410,135285,-0.08232891559600833
testvideo,135200,135450,135325,-0.08764554985931941
testvideo,135240,135490,135365,-0.09632048010826111
testvideo,135280,135530,135405,-0.10515772178769113
testvideo,135320,135570,135445,-0.11039135418832302
testvideo,135360,135610,135485,-0.11489498987793922
testvideo,135400,135650,135525,-0.11525578158242362
testvideo,135440,135690,135565,-0.11269717557089669
testvideo,135480,135730,135605,-0.10029980540275574
testvideo,135520,135770,135645,-0.09445555880665779
testvideo,135560,135810,135685,-0.08995557017624378
testvideo,135600,135850,135725,-0.08018383596624647
testvideo,135640,135890,135765,-0.07820948319775718
testvideo,135680,135930,135805,-0.07592772692441942
testvideo,135720,135970,135845,-0.07438582926988604
testvideo,135760,136010,135885,-0.07126343436539176
testvideo,135800,136050,135925,-0.0649311648947852
testvideo,135840,136090,135965,-0.05843656403677804
testvideo,135880,136130,136005,-0.05393188978944506
testvideo,135920,136170,136045,-0.05028363503515721
testvideo,135960,136210,136085,-0.04711903631687164
testvideo,136000,136250,136125,-0.04370948885168348
testvideo,136040,136290,136165,-0.0410553514957428
testvideo,136080,136330,136205,-0.04240232706069948
testvideo,136120,136370,136245,-0.04148747585713866
testvideo,136160,136410,136285,-0.03977872990071776
testvideo,136200,136450,136325,-0.03696678153106146
testvideo,136240,136490,136365,-0.03886054456233982
testvideo,136280,136530,136405,-0.043734246066638435
testvideo,136320,136570,136445,-0.04837825521826745
testvideo,136360,136610,136485,-0.05046624690294266
testvideo,136400,136650,136525,-0.053688131272792816
testvideo,136440,136690,136565,-0.05995364700044904
testvideo,136480,136730,136605,-0.06106817296573092
testvideo,136520,136770,136645,-0.05882191285490988
testvideo,136560,136810,136685,-0.05402087420225142
testvideo,136600,136850,136725,-0.04999188333749771
testvideo,136640,136890,136765,-0.044020084398133416
testvideo,136680,136930,136805,-0.041158288717269904
testvideo,136720,136970,136845,-0.04026091471314434
testvideo,136760,137010,136885,-0.04114659130573278
testvideo,136800,137050,136925,-0.04130013659596447
testvideo,136840,137090,136965,-0.047137285981859525
testvideo,136880,137130,137005,-0.049105376005172785
testvideo,136920,137170,137045,-0.0494158267974854
testvideo,136960,137210,137085,-0.049276301637291936
testvideo,137000,137250,137125,-0.05008517205715181
testvideo,137040,137290,137165,-0.052046746015548706
testvideo,137080,137330,137205,-0.05638850799628666
testvideo,137120,137370,137245,-0.061288116233689446
testvideo,137160,137410,137285,-0.06844667717814445
testvideo,137200,137450,137325,-0.07358250021934508
testvideo,137240,137490,137365,-0.08094901697976249
testvideo,137280,137530,137405,-0.08137271659714836
testvideo,137320,137570,137445,-0.07924940969262803
testvideo,137360,137610,137485,-0.07555223442614077
testvideo,137400,137650,137525,-0.07454767450690267
testvideo,137440,137690,137565,-0.0746769644320011
testvideo,137480,137730,137605,-0.07459946189607891
testvideo,137520,137770,137645,-0.07886666059494019
testvideo,137560,137810,137685,-0.08934151753783226
testvideo,137600,137850,137725,-0.09582964703440666
testvideo,137640,137890,137765,-0.10181574709713459
testvideo,137680,137930,137805,-0.10795585598264422
testvideo,137720,137970,137845,-0.10969715884753636
testvideo,137760,138010,137885,-0.10875106709344047
testvideo,137800,138050,137925,-0.11122342199087143
testvideo,137840,138090,137965,-0.1085008755326271
testvideo,137880,138130,138005,-0.10451904790742057
testvideo,137920,138170,138045,-0.10036032114710126
testvideo,137960,138210,138085,-0.09622746918882642
testvideo,138000,138250,138125,-0.09186739288270473
testvideo,138040,138290,138165,-0.08704987540841103
testvideo,138080,138330,138205,-0.07583501509257726
testvideo,138120,138370,138245,-0.07173847939286915
testvideo,138160,138410,138285,-0.06880361906119757
testvideo,138200,138450,138325,-0.06371348164975645
testvideo,138240,138490,138365,-0.059312719851732254
testvideo,138280,138530,138405,-0.05227078710283552
testvideo,138320,138570,138445,-0.04828492232731409
testvideo,138360,138610,138485,-0.04526834402765546
testvideo,138400,138650,138525,-0.04329841956496237
testvideo,138440,138690,138565,-0.04222028702497481
testvideo,138480,138730,138605,-0.03893506154417991
testvideo,138520,138770,138645,-0.03519876088414873
testvideo,138560,138810,138685,-0.03509250708988734
testvideo,138600,138850,138725,-0.034944059327244745
testvideo,138640,138890,138765,-0.03570764884352684
testvideo,138680,138930,138805,-0.03955339081585408
testvideo,138720,138970,138845,-0.04541386451039996
testvideo,138760,139010,138885,-0.050773467336382196
testvideo,138800,139050,138925,-0.05491414240428381
testvideo,138840,139090,138965,-0.05800359696149827
testvideo,138880,139130,139005,-0.05829815566539766
testvideo,138920,139170,139045,-0.05738410353660584
testvideo,138960,139210,139085,-0.05373535837445941
testvideo,139000,139250,139125,-0.050274116652352485
testvideo,139040,139290,139165,-0.045343244448304204
testvideo,139080,139330,139205,-0.04296145215630533
testvideo,139120,139370,139245,-0.04121792316436769
testvideo,139160,139410,139285,-0.041054853371211474
testvideo,139200,139450,139325,-0.04312611051968167
testvideo,139240,139490,139365,-0.04921746253967285
testvideo,139280,139530,139405,-0.053585320711135864
testvideo,139320,139570,139445,-0.06006173363753727
testvideo,139360,139610,139485,-0.06179375520774296
testvideo,139400,139650,139525,-0.06278899950640542
testvideo,139440,139690,139565,-0.06338775716722012
testvideo,139480,139730,139605,-0.06407769955694675
testvideo,139520,139770,139645,-0.0638326834887266
testvideo,139560,139810,139685,-0.06268977267401558
testvideo,139600,139850,139725,-0.0650801020009177
testvideo,139640,139890,139765,-0.07037780620157717
testvideo,139680,139930,139805,-0.07370335794985294
testvideo,139720,139970,139845,-0.07610942423343658
testvideo,139760,140010,139885,-0.0795698059456689
testvideo,139800,140050,139925,-0.08114864357880183
testvideo,139840,140090,139965,-0.08186576408999306
testvideo,139880,140130,140005,-0.08299767039716247
testvideo,139920,140170,140045,-0.08402711153030398
testvideo,139960,140210,140085,-0.08704481593200142
testvideo,140000,140250,140125,-0.09280673520905634
testvideo,140040,140290,140165,-0.09921724881444662
testvideo,140080,140330,140205,-0.10554173961281779
testvideo,140120,140370,140245,-0.1085232496261597
testvideo,140160,140410,140285,-0.11408974017415728
testvideo,140200,140450,140325,-0.11243001903806414
testvideo,140240,140490,140365,-0.10961910656520302
testvideo,140280,140530,140405,-0.10869498178362846
testvideo,140320,140570,140445,-0.10842651128768921
testvideo,140360,140610,140485,-0.1065620481967926
testvideo,140400,140650,140525,-0.1025797426700592
testvideo,140440,140690,140565,-0.09689713163035256
testvideo,140480,140730,140605,-0.08490417711436749
testvideo,140520,140770,140645,-0.07729585468769073
testvideo,140560,140810,140685,-0.06758370622992517
testvideo,140600,140850,140725,-0.05384396655218947
testvideo,140640,140890,140765,-0.050050211804253744
testvideo,140680,140930,140805,-0.05224583670496943
testvideo,140720,140970,140845,-0.053547464311122915
testvideo,140760,141010,140885,-0.05629377439618112
testvideo,140800,141050,140925,-0.06236601940223151
testvideo,140840,141090,140965,-0.06618815021855491
testvideo,140880,141130,141005,-0.06949007724012649
testvideo,140920,141170,141045,-0.07279508933424952
testvideo,140960,141210,141085,-0.0741738956421614
testvideo,141000,141250,141125,-0.07523091988904139
testvideo,141040,141290,141165,-0.07302458158561165
testvideo,141080,141330,141205,-0.06820554179804669
testvideo,141120,141370,141245,-0.05986606515944006
testvideo,141160,141410,141285,-0.0545133724808693
testvideo,141200,141450,141325,-0.04389428240912302
testvideo,141240,141490,141365,-0.03685488871165683
testvideo,141280,141530,141405,-0.02986507330621992
testvideo,141320,141570,141445,-0.029183883219957345
testvideo,141360,141610,141485,-0.033573970198631266
testvideo,141400,141650,141525,-0.03924221172928809
testvideo,141440,141690,141565,-0.04839636172567095
testvideo,141480,141730,141605,-0.05781114527157376
testvideo,141520,141770,141645,-0.06769593805074693
testvideo,141560,141810,141685,-0.07257666811347009
testvideo,141600,141850,141725,-0.07540659233927727
testvideo,141640,141890,141765,-0.07251748442649841
testvideo,141680,141930,141805,-0.06953835487365721
testvideo,141720,141970,141845,-0.06479368731379509
testvideo,141760,142010,141885,-0.061861783266067505
testvideo,141800,142050,141925,-0.06069815531373023
testvideo,141840,142090,141965,-0.059279203414916985
testvideo,141880,142130,142005,-0.05760334644998823
testvideo,141920,142170,142045,-0.057230025529861464
testvideo,141960,142210,142085,-0.05960780754685403
testvideo,142000,142250,142125,-0.06144930422306062
testvideo,142040,142290,142165,-0.06531680056027005
testvideo,142080,142330,142205,-0.06872247798102245
testvideo,142120,142370,142245,-0.0731236551489149
testvideo,142160,142410,142285,-0.07925387099385262
testvideo,142200,142450,142325,-0.08209830895066261
testvideo,142240,142490,142365,-0.08571468080793108
testvideo,142280,142530,142405,-0.08736352835382731
testvideo,142320,142570,142445,-0.08893997328621997
testvideo,142360,142610,142485,-0.09064646624028683
testvideo,142400,142650,142525,-0.0910292211920023
testvideo,142440,142690,142565,-0.09006940945982933
testvideo,142480,142730,142605,-0.08973224248204915
testvideo,142520,142770,142645,-0.08851658872195656
testvideo,142560,142810,142685,-0.08711252361536029
testvideo,142600,142850,142725,-0.08647888712584975
testvideo,142640,142890,142765,-0.0860800687223673
testvideo,142680,142930,142805,-0.08676368423870633
testvideo,142720,142970,142845,-0.08862858584948949
testvideo,142760,143010,142885,-0.09165898710489273
testvideo,142800,143050,142925,-0.09405099973082542
testvideo,142840,143090,142965,-0.09562658518552782
testvideo,142880,143130,143005,-0.09760914104325431
testvideo,142920,143170,143045,-0.0969008164746421
testvideo,142960,143210,143085,-0.09388027872358053
testvideo,143000,143250,143125,-0.0855968035757542
testvideo,143040,143290,143165,-0.07840995118021968
testvideo,143080,143330,143205,-0.06531247922352384
testvideo,143120,143370,143245,-0.053295701742172255
testvideo,143160,143410,143285,-0.0415621612753187
testvideo,143200,143450,143325,-0.0282786674797535
testvideo,143240,143490,143365,-0.021369107067585
testvideo,143280,143530,143405,-0.012552167688097289
testvideo,143320,143570,143445,-0.011801715408052717
testvideo,143360,143610,143485,-0.016764074563980103
testvideo,143400,143650,143525,-0.028698593378067003
testvideo,143440,143690,143565,-0.034821059554815285
testvideo,143480,143730,143605,-0.04225646704435348
testvideo,143520,143770,143645,-0.0546222584588187
testvideo,143560,143810,143685,-0.06081379311425346
testvideo,143600,143850,143725,-0.06568142026662827
testvideo,143640,143890,143765,-0.06820847466588022
testvideo,143680,143930,143805,-0.07039519399404529
testvideo,143720,143970,143845,-0.07484585898263117
testvideo,143760,144010,143885,-0.07650557160377502
testvideo,143800,144050,143925,-0.0772792212665081
testvideo,143840,144090,143965,-0.07640281319618225
testvideo,143880,144130,144005,-0.07308125495910645
testvideo,143920,144170,144045,-0.06784062513283322
testvideo,143960,144210,144085,-0.0618203069482531
testvideo,144000,144250,144125,-0.05494179683072228
testvideo,144040,144290,144165,-0.048530152067542104
testvideo,144080,144330,144205,-0.04599662311375144
testvideo,144120,144370,144245,-0.04502265155315401
testvideo,144160,144410,144285,-0.047823682427406325
testvideo,144200,144450,144325,-0.052921124867030565
testvideo,144240,144490,144365,-0.05754429101943971
testvideo,144280,144530,144405,-0.060394769534468665
testvideo,144320,144570,144445,-0.06507141462394171
testvideo,144360,144610,144485,-0.0664261260202953
testvideo,144400,144650,144525,-0.06976200001580377
testvideo,144440,144690,144565,-0.07426268048584461
testvideo,144480,144730,144605,-0.07774989306926727
testvideo,144520,144770,144645,-0.08175643347203732
testvideo,144560,144810,144685,-0.08779777799333845
testvideo,144600,144850,144725,-0.09099618026188441
testvideo,144640,144890,144765,-0.09066204167902472
testvideo,144680,144930,144805,-0.08937999419867994
testvideo,144720,144970,144845,-0.08866755478084089
testvideo,144760,145010,144885,-0.08658435302121299
testvideo,144800,145050,144925,-0.0847625838858741
testvideo,144840,145090,144965,-0.08355710549013959
testvideo,144880,145130,145005,-0.0837647430598736
testvideo,144920,145170,145045,-0.08458767458796503
testvideo,144960,145210,145085,-0.0867421520607812
testvideo,145000,145250,145125,-0.08823830953666142
testvideo,145040,145290,145165,-0.08895299902984075
testvideo,145080,145330,145205,-0.0890624430030584
testvideo,145120,145370,145245,-0.09001401998102664
testvideo,145160,145410,145285,-0.09027399974209918
testvideo,145200,145450,145325,-0.09047582958425791
testvideo,145240,145490,145365,-0.0906098868165697
testvideo,145280,145530,145405,-0.09055450558662412
testvideo,145320,145570,145445,-0.09056677296757695
testvideo,145360,145610,145485,-0.0816955608980996
testvideo,145400,145650,145525,-0.07075820224625723
testvideo,145440,145690,145565,-0.05791484883853367
testvideo,145480,145730,145605,-0.04049699008464813
testvideo,145520,145770,145645,-0.03218369185924531
testvideo,145560,145810,145685,-0.024064484983682632
testvideo,145600,145850,145725,-0.014269326414380763
testvideo,145640,145890,145765,-0.017195616449628564
testvideo,145680,145930,145805,-0.026010621339082725
testvideo,145720,145970,145845,-0.03357135877013208
testvideo,145760,146010,145885,-0.040459044277668006
testvideo,145800,146050,145925,-0.050509295293263035
testvideo,145840,146090,145965,-0.05632460117340088
testvideo,145880,146130,146005,-0.05987602898052761
testvideo,145920,146170,146045,-0.06318700686097145
testvideo,145960,146210,146085,-0.06175174191594124
testvideo,146000,146250,146125,-0.057628052575247626
testvideo,146040,146290,146165,-0.05259304387228831
testvideo,146080,146330,146205,-0.04856193491390775
testvideo,146120,146370,146245,-0.045988406985998154
testvideo,146160,146410,146285,-0.044157311320304864
testvideo,146200,146450,146325,-0.04442796536854334
testvideo,146240,146490,146365,-0.047310739755630486
testvideo,146280,146530,146405,-0.05029935070446557
testvideo,146320,146570,146445,-0.05437518283724782
testvideo,146360,146610,146485,-0.056167103350162485
testvideo,146400,146650,146525,-0.05798070771353585
testvideo,146440,146690,146565,-0.05902585387229918
testvideo,146480,146730,146605,-0.0593021512031555
testvideo,146520,146770,146645,-0.05613817647099492
testvideo,146560,146810,146685,-0.05403515696525572
testvideo,146600,146850,146725,-0.05229289457201956
testvideo,146640,146890,146765,-0.05044641877923691
testvideo,146680,146930,146805,-0.05176846683025359
testvideo,146720,146970,146845,-0.05780220963060855
testvideo,146760,147010,146885,-0.06249178573489189
testvideo,146800,147050,146925,-0.06723367981612682
testvideo,146840,147090,146965,-0.07733609633786338
testvideo,146880,147130,147005,-0.08329549857548303
testvideo,146920,147170,147045,-0.08654949920518058
testvideo,146960,147210,147085,-0.08875786885619165
testvideo,147000,147250,147125,-0.08930868841707709
testvideo,147040,147290,147165,-0.09025922417640689
testvideo,147080,147330,147205,-0.08980901752199448
testvideo,147120,147370,147245,-0.08933189724172867
testvideo,147160,147410,147285,-0.08977997675538063
testvideo,147200,147450,147325,-0.09055520594120026
testvideo,147240,147490,147365,-0.09326382619994027
testvideo,147280,147530,147405,-0.09513507357665471
testvideo,147320,147570,147445,-0.09643115316118513
testvideo,147360,147610,147485,-0.09576328657567504
testvideo,147400,147650,147525,-0.09490338712930683
testvideo,147440,147690,147565,-0.09113928888525284
testvideo,147480,147730,147605,-0.08820804740701406
testvideo,147520,147770,147645,-0.08573493148599352
testvideo,147560,147810,147685,-0.07945063337683678
testvideo,147600,147850,147725,-0.07507956214249134
testvideo,147640,147890,147765,-0.06808582320809363
testvideo,147680,147930,147805,-0.05812971081052507
testvideo,147720,147970,147845,-0.045715932335172384
testvideo,147760,148010,147885,-0.02909566834568978
testvideo,147800,148050,147925,-0.022586856037378304
testvideo,147840,148090,147965,-0.016671590507030487
testvideo,147880,148130,148005,-0.010092292513166139
testvideo,147920,148170,148045,-0.011572765452521163
testvideo,147960,148210,148085,-0.019307902881077327
testvideo,148000,148250,148125,-0.03316531330347058
testvideo,148040,148290,148165,-0.040873210877180065
testvideo,148080,148330,148205,-0.05055611899920869
testvideo,148120,148370,148245,-0.05510311467306953
testvideo,148160,148410,148285,-0.05982263811997004
testvideo,148200,148450,148325,-0.06248075515031814
testvideo,148240,148490,148365,-0.06339946202933788
testvideo,148280,148530,148405,-0.06373997245516096
testvideo,148320,148570,148445,-0.06502774783543179
testvideo,148360,148610,148485,-0.06662484151976451
testvideo,148400,148650,148525,-0.06922340020537378
testvideo,148440,148690,148565,-0.06982270628213885
testvideo,148480,148730,148605,-0.07063382863998414
testvideo,148520,148770,148645,-0.06795742894921986
testvideo,148560,148810,148685,-0.06436250678130559
testvideo,148600,148850,148725,-0.06112789362668991
testvideo,148640,148890,148765,-0.059611495584249496
testvideo,148680,148930,148805,-0.05784822814166546
testvideo,148720,148970,148845,-0.05540428204195841
testvideo,148760,149010,148885,-0.05895262743745533
testvideo,148800,149050,148925,-0.06322169117629531
testvideo,148840,149090,148965,-0.06514083221554758
testvideo,148880,149130,149005,-0.06625387817621232
testvideo,148920,149170,149045,-0.06812589083399091
testvideo,148960,149210,149085,-0.06914845321859632
testvideo,149000,149250,149125,-0.06847882696560449
testvideo,149040,149290,149165,-0.0695410333573818
testvideo,149080,149330,149205,-0.07059207558631896
testvideo,149120,149370,149245,-0.07240181309836248
testvideo,149160,149410,149285,-0.07225086859294345
testvideo,149200,149450,149325,-0.07235826551914214
testvideo,149240,149490,149365,-0.07499705255031586
testvideo,149280,149530,149405,-0.07560823112726212
testvideo,149320,149570,149445,-0.0749971227986472
testvideo,149360,149610,149485,-0.07549710358892169
testvideo,149400,149650,149525,-0.07639470270701818
testvideo,149440,149690,149565,-0.07480904646217824
testvideo,149480,149730,149605,-0.07307079620659351
testvideo,149520,149770,149645,-0.07170107960700989
testvideo,149560,149810,149685,-0.07046048556055338
testvideo,149600,149850,149725,-0.06883338093757628
testvideo,149640,149890,149765,-0.06559523195028302
testvideo,149680,149930,149805,-0.06439214572310448
testvideo,149720,149970,149845,-0.06256847828626633
testvideo,149760,150010,149885,-0.06040451782090324
testvideo,149800,150050,149925,-0.059286930731364686
testvideo,149840,150090,149965,-0.06116687506437303
testvideo,149880,150130,150005,-0.0636377073824406
testvideo,149920,150170,150045,-0.06637404486536982
testvideo,149960,150210,150085,-0.07136154600552151
testvideo,150000,150250,150125,-0.07562416366168433
testvideo,150040,150290,150165,-0.0792254081794194
testvideo,150080,150330,150205,-0.08007441833615304
testvideo,150120,150370,150245,-0.08008949644863608
testvideo,150160,150410,150285,-0.07971323175089702
testvideo,150200,150450,150325,-0.0786614205156054
testvideo,150240,150490,150365,-0.07639923904623304
testvideo,150280,150530,150405,-0.07428240962326527
testvideo,150320,150570,150445,-0.07260122336447239
testvideo,150360,150610,150485,-0.06871731366430012
testvideo,150400,150650,150525,-0.06350166882787434
testvideo,150440,150690,150565,-0.05887706152030402
testvideo,150480,150730,150605,-0.05055911466479304
testvideo,150520,150770,150645,-0.04580032639205459
testvideo,150560,150810,150685,-0.045511666685342816
testvideo,150600,150850,150725,-0.04752406903675626
testvideo,150640,150890,150765,-0.05380232845033921
testvideo,150680,150930,150805,-0.048378508538007736
testvideo,150720,150970,150845,-0.04375073499977589
testvideo,150760,151010,150885,-0.038266342133283615
testvideo,150800,151050,150925,-0.028036500726427344
testvideo,150840,151090,150965,-0.0156153632061822
testvideo,150880,151130,151005,-0.004627116024494161
testvideo,150920,151170,151045,-0.004630269482731812
testvideo,150960,151210,151085,-0.013033879920840263
testvideo,151000,151250,151125,-0.028495926942144128
testvideo,151040,151290,151165,-0.039639698607581
testvideo,151080,151330,151205,-0.051490517599242065
testvideo,151120,151370,151245,-0.06479767523705958
testvideo,151160,151410,151285,-0.07277183607220647
testvideo,151200,151450,151325,-0.0768668459994452
testvideo,151240,151490,151365,-0.07646087450640539
testvideo,151280,151530,151405,-0.07594502397945946
testvideo,151320,151570,151445,-0.07147704437375069
testvideo,151360,151610,151485,-0.06740064173936844
testvideo,151400,151650,151525,-0.06106322578021458
testvideo,151440,151690,151565,-0.05576047727039883
testvideo,151480,151730,151605,-0.05029378192765372
testvideo,151520,151770,151645,-0.04496406763792037
testvideo,151560,151810,151685,-0.04218962416052818
testvideo,151600,151850,151725,-0.04151663184165954
testvideo,151640,151890,151765,-0.04174083471298218
testvideo,151680,151930,151805,-0.043858894280024936
testvideo,151720,151970,151845,-0.04864735528826713
testvideo,151760,152010,151885,-0.05207157507538795
testvideo,151800,152050,151925,-0.05547610670328139
testvideo,151840,152090,151965,-0.06078291365078515
testvideo,151880,152130,152005,-0.06389067002705162
testvideo,151920,152170,152045,-0.06700418250901355
testvideo,151960,152210,152085,-0.07114048302173612
testvideo,152000,152250,152125,-0.07222177833318708
testvideo,152040,152290,152165,-0.07217007023947579
testvideo,152080,152330,152205,-0.07097046715872628
testvideo,152120,152370,152245,-0.06884286659104484
testvideo,152160,152410,152285,-0.065318513661623
testvideo,152200,152450,152325,-0.06373166665434839
testvideo,152240,152490,152365,-0.06198169929640634
testvideo,152280,152530,152405,-0.06502200450216021
testvideo,152320,152570,152445,-0.06723726647240773
testvideo,152360,152610,152485,-0.0747231915593147
testvideo,152400,152650,152525,-0.07976573705673215
testvideo,152440,152690,152565,-0.08636435866355893
testvideo,152480,152730,152605,-0.08876015458788188
testvideo,152520,152770,152645,-0.08870439018521988
testvideo,152560,152810,152685,-0.08595712855458257
testvideo,152600,152850,152725,-0.08375497162342069
testvideo,152640,152890,152765,-0.08010848611593244
testvideo,152680,152930,152805,-0.07455682328769138
testvideo,152720,152970,152845,-0.07129508682659692
testvideo,152760,153010,152885,-0.06447429582476613
testvideo,152800,153050,152925,-0.058434501290321336
testvideo,152840,153090,152965,-0.05398962274193762
testvideo,152880,153130,153005,-0.04700244750295367
testvideo,152920,153170,153045,-0.04215234518051146
testvideo,152960,153210,153085,-0.039903006383350904
testvideo,153000,153250,153125,-0.04371023923158645
testvideo,153040,153290,153165,-0.04398055374622345
testvideo,153080,153330,153205,-0.0404321551322937
testvideo,153120,153370,153245,-0.032855374472481866
testvideo,153160,153410,153285,-0.026294161166463582
testvideo,153200,153450,153325,-0.02225803770124912
testvideo,153240,153490,153365,-0.02055920101702213
testvideo,153280,153530,153405,-0.017241480095045895
testvideo,153320,153570,153445,-0.027154213615826196
testvideo,153360,153610,153485,-0.03744002963815417
testvideo,153400,153650,153525,-0.04139237478375435
testvideo,153440,153690,153565,-0.044148601591587074
testvideo,153480,153730,153605,-0.04297762683459692
testvideo,153520,153770,153645,-0.04056443912642344
testvideo,153560,153810,153685,-0.038425492388861525
testvideo,153600,153850,153725,-0.03952139988541603
testvideo,153640,153890,153765,-0.04275348037481308
testvideo,153680,153930,153805,-0.04561419785022736
testvideo,153720,153970,153845,-0.05114502566201347
testvideo,153760,154010,153885,-0.055233776569366455
testvideo,153800,154050,153925,-0.058045167475938804
testvideo,153840,154090,153965,-0.05653775483369829
testvideo,153880,154130,154005,-0.05533955991268159
testvideo,153920,154170,154045,-0.05241207991327559
testvideo,153960,154210,154085,-0.047780935253415806
testvideo,154000,154250,154125,-0.04337818707738605
testvideo,154040,154290,154165,-0.039688784629106535
testvideo,154080,154330,154205,-0.038770269602537155
testvideo,154120,154370,154245,-0.04243643156119755
testvideo,154160,154410,154285,-0.04887614079884119
testvideo,154200,154450,154325,-0.05532434795583997
testvideo,154240,154490,154365,-0.06249145045876503
testvideo,154280,154530,154405,-0.06726635433733463
testvideo,154320,154570,154445,-0.07594537096364158
testvideo,154360,154610,154485,-0.07902617539678301
testvideo,154400,154650,154525,-0.08085136541298457
testvideo,154440,154690,154565,-0.08468602597713469
testvideo,154480,154730,154605,-0.08666044659912585
testvideo,154520,154770,154645,-0.08849483542144299
testvideo,154560,154810,154685,-0.09027074916022162
testvideo,154600,154850,154725,-0.09005799038069588
testvideo,154640,154890,154765,-0.09132211282849312
testvideo,154680,154930,154805,-0.091762974858284
testvideo,154720,154970,154845,-0.09301189333200455
testvideo,154760,155010,154885,-0.09583112597465515
testvideo,154800,155050,154925,-0.0982394026858466
testvideo,154840,155090,154965,-0.09773507714271545
testvideo,154880,155130,155005,-0.09625595062971115
testvideo,154920,155170,155045,-0.093764565885067
testvideo,154960,155210,155085,-0.08914448533739362
testvideo,155000,155250,155125,-0.08449813723564148
testvideo,155040,155290,155165,-0.07969169318675995
testvideo,155080,155330,155205,-0.07571893185377122
testvideo,155120,155370,155245,-0.07210161164402962
testvideo,155160,155410,155285,-0.06838087524686541
testvideo,155200,155450,155325,-0.06742748618125916
testvideo,155240,155490,155365,-0.06670076080730983
testvideo,155280,155530,155405,-0.0655796229839325
testvideo,155320,155570,155445,-0.06426035612821579
testvideo,155360,155610,155485,-0.06399603826659066
testvideo,155400,155650,155525,-0.0645071864128113
testvideo,155440,155690,155565,-0.06557335172380721
testvideo,155480,155730,155605,-0.06858356297016145
testvideo,155520,155770,155645,-0.06678139045834541
testvideo,155560,155810,155685,-0.05970441550016404
testvideo,155600,155850,155725,-0.04373662599495477
testvideo,155640,155890,155765,-0.02849191427230834
testvideo,155680,155930,155805,-0.004500232636928551
testvideo,155720,155970,155845,0.007351391017436988
testvideo,155760,156010,155885,0.019517596811056134
testvideo,155800,156050,155925,0.031444404806409545
testvideo,155840,156090,155965,0.019524951066289604
testvideo,155880,156130,156005,-0.008117232471704483
testvideo,155920,156170,156045,-0.025722673162817945
testvideo,155960,156210,156085,-0.041470073163509355
testvideo,156000,156250,156125,-0.06572155441556657
testvideo,156040,156290,156165,-0.08015349933079309
testvideo,156080,156330,156205,-0.08772510715893335
testvideo,156120,156370,156245,-0.09083168953657147
testvideo,156160,156410,156285,-0.0929678790271282
testvideo,156200,156450,156325,-0.09294429847172328
testvideo,156240,156490,156365,-0.08831841817923954
testvideo,156280,156530,156405,-0.08100842790944232
testvideo,156320,156570,156445,-0.06479081511497495
testvideo,156360,156610,156485,-0.056527515873312936
testvideo,156400,156650,156525,-0.03820157051086425
testvideo,156440,156690,156565,-0.02928156086376737
testvideo,156480,156730,156605,-0.02623846914087025
testvideo,156520,156770,156645,-0.03020519576966765
testvideo,156560,156810,156685,-0.03610049001872541
testvideo,156600,156850,156725,-0.04269420728087428
testvideo,156640,156890,156765,-0.05374677692140854
testvideo,156680,156930,156805,-0.06011214000838144
testvideo,156720,156970,156845,-0.0672454833984375
testvideo,156760,157010,156885,-0.0723402202129364
testvideo,156800,157050,156925,-0.074665367603302
testvideo,156840,157090,156965,-0.0775336069720132
testvideo,156880,157130,157005,-0.0796932407787868
testvideo,156920,157170,157045,-0.07943150401115417
testvideo,156960,157210,157085,-0.07918008789420128
testvideo,157000,157250,157125,-0.07798334211111069
testvideo,157040,157290,157165,-0.0753674805164337
testvideo,157080,157330,157205,-0.07301078949655802
testvideo,157120,157370,157245,-0.07029391612325395
testvideo,157160,157410,157285,-0.06955638527870177
testvideo,157200,157450,157325,-0.06907066330313683
testvideo,157240,157490,157365,-0.06794562084334237
testvideo,157280,157530,157405,-0.06855301771845136
testvideo,157320,157570,157445,-0.0682218543120793
testvideo,157360,157610,157485,-0.06662547215819359
testvideo,157400,157650,157525,-0.06552096828818321
testvideo,157440,157690,157565,-0.06546061805316379
testvideo,157480,157730,157605,-0.06572527119091577
testvideo,157520,157770,157645,-0.06689093794141496
testvideo,157560,157810,157685,-0.06894199922680853
testvideo,157600,157850,157725,-0.07001578062772748
testvideo,157640,157890,157765,-0.07100266590714453
testvideo,157680,157930,157805,-0.07234506947653632
testvideo,157720,157970,157845,-0.07196536234446933
testvideo,157760,158010,157885,-0.06855128705501554
testvideo,157800,158050,157925,-0.06567972525954244
testvideo,157840,158090,157965,-0.06359521672129628
testvideo,157880,158130,158005,-0.05953156096594673
testvideo,157920,158170,158045,-0.055504558341843716
testvideo,157960,158210,158085,-0.05213955683367592
testvideo,158000,158250,158125,-0.04692079499363899
testvideo,158040,158290,158165,-0.04428935050964357
testvideo,158080,158330,158205,-0.03994019968169076
testvideo,158120,158370,158245,-0.038044757076672146
testvideo,158160,158410,158285,-0.036421575716563646
testvideo,158200,158450,158325,-0.032828059047460584
testvideo,158240,158490,158365,-0.03288101404905321
testvideo,158280,158530,158405,-0.03396005077021465
testvideo,158320,158570,158445,-0.036348451461110834
testvideo,158360,158610,158485,-0.0375071593693325
testvideo,158400,158650,158525,-0.028067059814930007
testvideo,158440,158690,158565,-0.022144421935081534
testvideo,158480,158730,158605,-0.015849986246654024
testvideo,158520,158770,158645,-0.012845976012093736
testvideo,158560,158810,158685,-0.010993480682373094
testvideo,158600,158850,158725,0.0003091320395469284
testvideo,158640,158890,158765,0.0066374950110912045
testvideo,158680,158930,158805,0.009929798543453192
testvideo,158720,158970,158845,0.014410044465746175
testvideo,158760,159010,158885,0.023157106978552673
testvideo,158800,159050,158925,0.02356493473052978
testvideo,158840,159090,158965,0.011144846677780158
testvideo,158880,159130,159005,-0.0033272057771682635
testvideo,158920,159170,159045,-0.025830021926334913
testvideo,158960,159210,159085,-0.044268063136509474
testvideo,159000,159250,159125,-0.06237787434032984
testvideo,159040,159290,159165,-0.07657041773200034
testvideo,159080,159330,159205,-0.08199385926127434
testvideo,159120,159370,159245,-0.07245175753320966
testvideo,159160,159410,159285,-0.0707635794367109
testvideo,159200,159450,159325,-0.06891117351395742
testvideo,159240,159490,159365,-0.05735250003635882
testvideo,159280,159530,159405,-0.03984764590859413
testvideo,159320,159570,159445,-0.01424612743513924
testvideo,159360,159610,159485,-0.0010693562882287083
testvideo,159400,159650,159525,0.01544319731848581
testvideo,159440,159690,159565,0.029044106602668762
testvideo,159480,159730,159605,0.03797795623540878
testvideo,159520,159770,159645,0.032241876636232646
testvideo,159560,159810,159685,0.017900109291076667
testvideo,159600,159850,159725,0.00232715904712677
testvideo,159640,159890,159765,-0.02180839702486993
testvideo,159680,159930,159805,-0.03284343704581261
testvideo,159720,159970,159845,-0.043536096811294556
testvideo,159760,160010,159885,-0.058643609285354614
testvideo,159800,160050,159925,-0.06758144923618863
testvideo,159840,160090,159965,-0.07672322541475296
testvideo,159880,160130,160005,-0.08033639565110207
testvideo,159920,160170,160045,-0.08478900790214539
testvideo,159960,160210,160085,-0.09432978715215411
testvideo,160000,160250,160125,-0.09733533433505467
testvideo,160040,160290,160165,-0.09709199837275914
testvideo,160080,160330,160205,-0.09458227455615997
testvideo,160120,160370,160245,-0.09325739368796349
testvideo,160160,160410,160285,-0.09048481924193245
testvideo,160200,160450,160325,-0.08751885380063738
testvideo,160240,160490,160365,-0.08346347723688395
testvideo,160280,160530,160405,-0.08107227087020874
testvideo,160320,160570,160445,-0.07912679389119148
testvideo,160360,160610,160485,-0.07643755844661168
testvideo,160400,160650,160525,-0.07439256991658892
testvideo,160440,160690,160565,-0.07292975698198591
testvideo,160480,160730,160605,-0.07277075201272964
testvideo,160520,160770,160645,-0.0724984183907509
testvideo,160560,160810,160685,-0.07317612426621574
testvideo,160600,160850,160725,-0.07470456404345378
testvideo,160640,160890,160765,-0.07553259602614815
testvideo,160680,160930,160805,-0.07486249879002574
testvideo,160720,160970,160845,-0.0742260087281466
testvideo,160760,161010,160885,-0.07342978753149514
testvideo,160800,161050,160925,-0.07181393035820556
testvideo,160840,161090,160965,-0.07040375045367653
testvideo,160880,161130,161005,-0.06985536962747577
testvideo,160920,161170,161045,-0.06931997276842597
testvideo,160960,161210,161085,-0.06905777193605903
testvideo,161000,161250,161125,-0.06773966550827028
testvideo,161040,161290,161165,-0.06629274572644916
testvideo,161080,161330,161205,-0.06400581981454577
testvideo,161120,161370,161245,-0.0599926505237818
testvideo,161160,161410,161285,-0.05695778317749502
testvideo,161200,161450,161325,-0.05234362823622569
testvideo,161240,161490,161365,-0.05086138844490052
testvideo,161280,161530,161405,-0.04994491168430874
testvideo,161320,161570,161445,-0.04929654859006405
testvideo,161360,161610,161485,-0.04755334369838238
testvideo,161400,161650,161525,-0.04554996533053262
testvideo,161440,161690,161565,-0.04459725533212934
testvideo,161480,161730,161605,-0.04428632983139582
testvideo,161520,161770,161645,-0.04606196470558643
testvideo,161560,161810,161685,-0.04115172661840917
testvideo,161600,161850,161725,-0.03377006575465204
testvideo,161640,161890,161765,-0.029122220618384247
testvideo,161680,161930,161805,-0.027756363153457666
testvideo,161720,161970,161845,-0.033799218013882665
testvideo,161760,162010,161885,-0.03489816933870318
testvideo,161800,162050,161925,-0.03537915833294393
testvideo,161840,162090,161965,-0.04642975756100247
testvideo,161880,162130,162005,-0.04980343580245972
testvideo,161920,162170,162045,-0.04397584870457649
testvideo,161960,162210,162085,-0.038737330585718155
testvideo,162000,162250,162125,-0.036954980343580246
testvideo,162040,162290,162165,-0.033669420651027133
testvideo,162080,162330,162205,-0.036722034215927124
testvideo,162120,162370,162245,-0.0436970272234508
testvideo,162160,162410,162285,-0.05858420766890048
testvideo,162200,162450,162325,-0.06233393587172031
testvideo,162240,162490,162365,-0.06626659844602856
testvideo,162280,162530,162405,-0.06355710966246468
testvideo,162320,162570,162445,-0.05984958580562046
testvideo,162360,162610,162485,-0.056241102516651154
testvideo,162400,162650,162525,-0.054670106619596495
testvideo,162440,162690,162565,-0.05415223538875581
testvideo,162480,162730,162605,-0.0629116041319711
testvideo,162520,162770,162645,-0.06988727194922313
testvideo,162560,162810,162685,-0.07929482311010361
testvideo,162600,162850,162725,-0.0844885166734457
testvideo,162640,162890,162765,-0.08765442296862602
testvideo,162680,162930,162805,-0.0896347356694085
testvideo,162720,162970,162845,-0.08627099650246754
testvideo,162760,163010,162885,-0.08107105270028112
testvideo,162800,163050,162925,-0.07784696109592913
testvideo,162840,163090,162965,-0.07517175190150736
testvideo,162880,163130,163005,-0.07000413962772914
testvideo,162920,163170,163045,-0.06801864504814148
testvideo,162960,163210,163085,-0.06780721247196198
testvideo,163000,163250,163125,-0.06695628724992274
testvideo,163040,163290,163165,-0.06608075834810732
testvideo,163080,163330,163205,-0.06444377132824487
testvideo,163120,163370,163245,-0.0632712457861219
testvideo,163160,163410,163285,-0.06150953258786881
testvideo,163200,163450,163325,-0.0570119097828865
testvideo,163240,163490,163365,-0.054574433714151376
testvideo,163280,163530,163405,-0.05042429906981332
testvideo,163320,163570,163445,-0.04928539054734366
testvideo,163360,163610,163485,-0.04916865910802569
testvideo,163400,163650,163525,-0.04921158030629158
testvideo,163440,163690,163565,-0.049616068601608276
testvideo,163480,163730,163605,-0.05088828716959272
testvideo,163520,163770,163645,-0.052525179726736905
testvideo,163560,163810,163685,-0.052719503641128554
testvideo,163600,163850,163725,-0.05363799259066583
testvideo,163640,163890,163765,-0.0550435781478882
testvideo,163680,163930,163805,-0.05605956539511682
testvideo,163720,163970,163845,-0.05142207656587873
testvideo,163760,164010,163885,-0.04555032082966395
testvideo,163800,164050,163925,-0.028121117502450936
testvideo,163840,164090,163965,-0.01642368361353874
testvideo,163880,164130,164005,-0.0038664676249027252
testvideo,163920,164170,164045,0.01869585258620125
testvideo,163960,164210,164085,0.02513922963823591
testvideo,164000,164250,164125,0.029045961797237393
testvideo,164040,164290,164165,0.02740308269858361
testvideo,164080,164330,164205,0.021247435361146937
testvideo,164120,164370,164245,0.005888674940381743
testvideo,164160,164410,164285,-0.008307474000113335
testvideo,164200,164450,164325,-0.02341608490262712
testvideo,164240,164490,164365,-0.043553188443183885
testvideo,164280,164530,164405,-0.057757221162319176
testvideo,164320,164570,164445,-0.0761701592377254
testvideo,164360,164610,164485,-0.08170462719031743
testvideo,164400,164650,164525,-0.08515488037041255
testvideo,164440,164690,164565,-0.08539922162890437
testvideo,164480,164730,164605,-0.08508770540356639
testvideo,164520,164770,164645,-0.08400776556559975
testvideo,164560,164810,164685,-0.08222879043647224
testvideo,164600,164850,164725,-0.0808138336454119
testvideo,164640,164890,164765,-0.07861553691327573
testvideo,164680,164930,164805,-0.07752463594079018
testvideo,164720,164970,164845,-0.07824186980724335
testvideo,164760,165010,164885,-0.07885537190096718
testvideo,164800,165050,164925,-0.07926029392651149
testvideo,164840,165090,164965,-0.07967086136341096
testvideo,164880,165130,165005,-0.08022025227546693
testvideo,164920,165170,165045,-0.0817888230085373
testvideo,164960,165210,165085,-0.08283521447862897
testvideo,165000,165250,165125,-0.08327895402908327
testvideo,165040,165290,165165,-0.08384317372526442
testvideo,165080,165330,165205,-0.08514433540403843
testvideo,165120,165370,165245,-0.08611493185162544
testvideo,165160,165410,165285,-0.08762369198458538
testvideo,165200,165450,165325,-0.08840678419385639
testvideo,165240,165490,165365,-0.08943899401596615
testvideo,165280,165530,165405,-0.09171258844435218
testvideo,165320,165570,165445,-0.09258958883583548
testvideo,165360,165610,165485,-0.09414182390485494
testvideo,165400,165650,165525,-0.09481070509978706
testvideo,165440,165690,165565,-0.09494837905679432
testvideo,165480,165730,165605,-0.09302978776395321
testvideo,165520,165770,165645,-0.09127273224294186
testvideo,165560,165810,165685,-0.08793176710605621
testvideo,165600,165850,165725,-0.08561547952038902
testvideo,165640,165890,165765,-0.08339905525956837
testvideo,165680,165930,165805,-0.08070123754441738
testvideo,165720,165970,165845,-0.0791562106460333
testvideo,165760,166010,165885,-0.07862613536417486
testvideo,165800,166050,165925,-0.07875287532806396
testvideo,165840,166090,165965,-0.07998151864324297
testvideo,165880,166130,166005,-0.08237778581678869
testvideo,165920,166170,166045,-0.08370979689061642
testvideo,165960,166210,166085,-0.0851631872355938
testvideo,166000,166250,166125,-0.08701859201703753
testvideo,166040,166290,166165,-0.08672907522746495
testvideo,166080,166330,166205,-0.08469562019620623
testvideo,166120,166370,166245,-0.08100887760519981
testvideo,166160,166410,166285,-0.07977049052715303
testvideo,166200,166450,166325,-0.07730416314942498
testvideo,166240,166490,166365,-0.07541097487722126
testvideo,166280,166530,166405,-0.07415099229131428
testvideo,166320,166570,166445,-0.07301254197955134
testvideo,166360,166610,166485,-0.0728103891015053
testvideo,166400,166650,166525,-0.0702405231339591
testvideo,166440,166690,166565,-0.06806039810180665
testvideo,166480,166730,166605,-0.06704454336847579
testvideo,166520,166770,166645,-0.06672282144427301
testvideo,166560,166810,166685,-0.06681478768587115
testvideo,166600,166850,166725,-0.06815982290676663
testvideo,166640,166890,166765,-0.06878722991262164
testvideo,166680,166930,166805,-0.06916585990360805
testvideo,166720,166970,166845,-0.06889167055487633
testvideo,166760,167010,166885,-0.0686146542429924
testvideo,166800,167050,166925,-0.06756400689482689
testvideo,166840,167090,166965,-0.0650166528565543
testvideo,166880,167130,167005,-0.06478403721536907
testvideo,166920,167170,167045,-0.06547594070434569
testvideo,166960,167210,167085,-0.06582006812095641
testvideo,167000,167250,167125,-0.0666866526007652
testvideo,167040,167290,167165,-0.06844201683998105
testvideo,167080,167330,167205,-0.07046664612633839
testvideo,167120,167370,167245,-0.07251773561750138
testvideo,167160,167410,167285,-0.07570894807577132
testvideo,167200,167450,167325,-0.07511880248785016
testvideo,167240,167490,167365,-0.07699075766972131
testvideo,167280,167530,167405,-0.0776787953717368
testvideo,167320,167570,167445,-0.0774315808500562
testvideo,167360,167610,167485,-0.07726381346583366
testvideo,167400,167650,167525,-0.07663414999842642
testvideo,167440,167690,167565,-0.07861910547528948
testvideo,167480,167730,167605,-0.07878705007689339
testvideo,167520,167770,167645,-0.07996167029653277
testvideo,167560,167810,167685,-0.08248084969818592
testvideo,167600,167850,167725,-0.08291061781346798
testvideo,167640,167890,167765,-0.08442042342254094
testvideo,167680,167930,167805,-0.0850231966802052
testvideo,167720,167970,167845,-0.08573312418801445
testvideo,167760,168010,167885,-0.08525122888386248
testvideo,167800,168050,167925,-0.08478245884180066
testvideo,167840,168090,167965,-0.08466105908155439
testvideo,167880,168130,168005,-0.08558194339275359
testvideo,167920,168170,168045,-0.08676079554217199
testvideo,167960,168210,168085,-0.09074936993420124
testvideo,168000,168250,168125,-0.0949302278459072
testvideo,168040,168290,168165,-0.09951204434037209
testvideo,168080,168330,168205,-0.10576811858585902
testvideo,168120,168370,168245,-0.11131721947874341
testvideo,168160,168410,168285,-0.11753509512969426
testvideo,168200,168450,168325,-0.12215258739888667
testvideo,168240,168490,168365,-0.1253335140645504
testvideo,168280,168530,168405,-0.12624192237854
testvideo,168320,168570,168445,-0.12470032913344246
testvideo,168360,168610,168485,-0.12098286833081927
testvideo,168400,168650,168525,-0.11659443750977516
testvideo,168440,168690,168565,-0.11154627799987793
testvideo,168480,168730,168605,-0.10154261759349278
testvideo,168520,168770,168645,-0.09468773858887809
testvideo,168560,168810,168685,-0.08220280494008746
testvideo,168600,168850,168725,-0.06049758940935134
testvideo,168640,168890,168765,-0.04802421480417251
testvideo,168680,168930,168805,-0.037692647427320466
testvideo,168720,168970,168845,-0.022752174309321804
testvideo,168760,169010,168885,-0.016915002039500644
testvideo,168800,169050,168925,-0.01970583200454712
testvideo,168840,169090,168965,-0.02506325393915177
testvideo,168880,169130,169005,-0.02817481011152268
testvideo,168920,169170,169045,-0.03248154265539989
testvideo,168960,169210,169085,-0.03651235359055658
testvideo,169000,169250,169125,-0.043914601206779494
testvideo,169040,169290,169165,-0.04758045449852945
testvideo,169080,169330,169205,-0.05027734488248827
testvideo,169120,169370,169245,-0.054913095065525615
testvideo,169160,169410,169285,-0.05844645840781076
testvideo,169200,169450,169325,-0.061745060341698785
testvideo,169240,169490,169365,-0.06474114209413528
testvideo,169280,169530,169405,-0.06625784933567047
testvideo,169320,169570,169445,-0.0710210416998182
testvideo,169360,169610,169485,-0.07305968872138432
testvideo,169400,169650,169525,-0.07301202842167447
testvideo,169440,169690,169565,-0.07138324156403543
testvideo,169480,169730,169605,-0.07014796137809755
testvideo,169520,169770,169645,-0.0677008479833603
testvideo,169560,169810,169685,-0.0655913246529443
testvideo,169600,169850,169725,-0.06373276455061776
testvideo,169640,169890,169765,-0.06419099122285843
testvideo,169680,169930,169805,-0.06525421515107153
testvideo,169720,169970,169845,-0.06639464758336544
testvideo,169760,170010,169885,-0.06861657117094312
testvideo,169800,170050,169925,-0.07041073909827639
testvideo,169840,170090,169965,-0.0734842214733362
testvideo,169880,170130,170005,-0.07558434456586835
testvideo,169920,170170,170045,-0.07944433018565178
testvideo,169960,170210,170085,-0.08324521780014038
testvideo,170000,170250,170125,-0.08615940383502416
testvideo,170040,170290,170165,-0.09040800109505656
testvideo,170080,170330,170205,-0.09319095499813558
testvideo,170120,170370,170245,-0.09576947987079623
testvideo,170160,170410,170285,-0.09783720544406349
testvideo,170200,170450,170325,-0.0987374974148614
testvideo,170240,170490,170365,-0.09959397145680023
testvideo,170280,170530,170405,-0.10042921081185342
testvideo,170320,170570,170445,-0.10113390348851681
testvideo,170360,170610,170485,-0.10162246865885598
testvideo,170400,170650,170525,-0.10190326826913018
testvideo,170440,170690,170565,-0.1021377784865243
testvideo,170480,170730,170605,-0.10605029202997682
testvideo,170520,170770,170645,-0.10973250679671763
testvideo,170560,170810,170685,-0.11577553834233965
testvideo,170600,170850,170725,-0.11937505858285087
testvideo,170640,170890,170765,-0.12344412931374141
testvideo,170680,170930,170805,-0.12617807276546955
testvideo,170720,170970,170845,-0.12626351602375507
testvideo,170760,171010,170885,-0.12628782913088799
testvideo,170800,171050,170925,-0.11983358860015869
testvideo,170840,171090,170965,-0.11368682554789948
testvideo,170880,171130,171005,-0.10855509713292122
testvideo,170920,171170,171045,-0.10546780377626418
testvideo,170960,171210,171085,-0.10078698769211769
testvideo,171000,171250,171125,-0.0920736278806414
testvideo,171040,171290,171165,-0.08709975651332313
testvideo,171080,171330,171205,-0.06697586178779602
testvideo,171120,171370,171245,-0.05401315540075303
testvideo,171160,171410,171285,-0.04196379333734514
testvideo,171200,171450,171325,-0.02307857785906112
testvideo,171240,171490,171365,-0.014677188226154889
testvideo,171280,171530,171405,-0.01056797589574543
testvideo,171320,171570,171445,-0.01538106426596643
testvideo,171360,171610,171485,-0.021059207618236556
testvideo,171400,171650,171525,-0.029285537345068804
testvideo,171440,171690,171565,-0.03362486192158291
testvideo,171480,171730,171605,-0.037357023784092495
testvideo,171520,171770,171645,-0.04037033393979072
testvideo,171560,171810,171685,-0.0421786606311798
testvideo,171600,171850,171725,-0.046335586479731954
testvideo,171640,171890,171765,-0.05086880070822578
testvideo,171680,171930,171805,-0.05581079210553848
testvideo,171720,171970,171845,-0.06494183465838431
testvideo,171760,172010,171885,-0.0703717730939388
testvideo,171800,172050,171925,-0.0764353349804878
testvideo,171840,172090,171965,-0.08600002952984401
testvideo,171880,172130,172005,-0.08951626930918012
testvideo,171920,172170,172045,-0.09248237311840057
testvideo,171960,172210,172085,-0.09333724901080133
testvideo,172000,172250,172125,-0.09304839931428435
testvideo,172040,172290,172165,-0.09190049554620473
testvideo,172080,172330,172205,-0.08951657797609061
testvideo,172120,172370,172245,-0.08685467072895599
testvideo,172160,172410,172285,-0.08172754384577277
testvideo,172200,172450,172325,-0.07953694090247156
testvideo,172240,172490,172365,-0.07670168578624724
testvideo,172280,172530,172405,-0.07482180425098962
testvideo,172320,172570,172445,-0.07503870981080188
testvideo,172360,172610,172485,-0.07777936011552809
testvideo,172400,172650,172525,-0.08012555353343485
testvideo,172440,172690,172565,-0.08318697341850825
testvideo,172480,172730,172605,-0.08503809784139907
testvideo,172520,172770,172645,-0.08766568558556695
testvideo,172560,172810,172685,-0.08954763039946559
testvideo,172600,172850,172725,-0.09013247489929199
testvideo,172640,172890,172765,-0.09139708110264369
testvideo,172680,172930,172805,-0.09166739881038667
testvideo,172720,172970,172845,-0.09270536260945457
testvideo,172760,173010,172885,-0.0963271874934435
testvideo,172800,173050,172925,-0.0983614604920149
testvideo,172840,173090,172965,-0.10161066986620426
testvideo,172880,173130,173005,-0.10676347783633641
testvideo,172920,173170,173045,-0.11034191931997027
testvideo,172960,173210,173085,-0.1146005913615227
testvideo,173000,173250,173125,-0.1169499345123768
testvideo,173040,173290,173165,-0.11790277808904649
testvideo,173080,173330,173205,-0.11843760950224744
testvideo,173120,173370,173245,-0.1155217928545816
testvideo,173160,173410,173285,-0.10963550635746547
testvideo,173200,173450,173325,-0.10130618140101433
testvideo,173240,173490,173365,-0.0998612567782402
testvideo,173280,173530,173405,-0.09529168690953936
testvideo,173320,173570,173445,-0.090155086347035
testvideo,173360,173610,173485,-0.08207995550973075
testvideo,173400,173650,173525,-0.07777605578303337
testvideo,173440,173690,173565,-0.07305605709552766
testvideo,173480,173730,173605,-0.05764751349176681
testvideo,173520,173770,173645,-0.04634880168097361
testvideo,173560,173810,173685,-0.0394137501716614
testvideo,173600,173850,173725,-0.03860828652977944
testvideo,173640,173890,173765,-0.03650859743356707
testvideo,173680,173930,173805,-0.036780135972159275
testvideo,173720,173970,173845,-0.0402961415903909
testvideo,173760,174010,173885,-0.04275600825037275
testvideo,173800,174050,173925,-0.04408695548772813
testvideo,173840,174090,173965,-0.04543979838490487
testvideo,173880,174130,174005,-0.04532968997955323
testvideo,173920,174170,174045,-0.04400831035205296
testvideo,173960,174210,174085,-0.04643546257700239
testvideo,174000,174250,174125,-0.053894225507974625
testvideo,174040,174290,174165,-0.0583740547299385
testvideo,174080,174330,174205,-0.0633006952702999
testvideo,174120,174370,174245,-0.0714963333947318
testvideo,174160,174410,174285,-0.07537389227322168
testvideo,174200,174450,174325,-0.07719713023730686
testvideo,174240,174490,174365,-0.07653212919831276
testvideo,174280,174530,174405,-0.07543893903493881
testvideo,174320,174570,174445,-0.07369214722088405
testvideo,174360,174610,174485,-0.07186994808060783
testvideo,174400,174650,174525,-0.06995915940829688
testvideo,174440,174690,174565,-0.06960486620664597
testvideo,174480,174730,174605,-0.06888934597373009
testvideo,174520,174770,174645,-0.06961726716586522
testvideo,174560,174810,174685,-0.07083007267543247
testvideo,174600,174850,174725,-0.0728769940989358
testvideo,174640,174890,174765,-0.07722100988030434
testvideo,174680,174930,174805,-0.07969404384493828
testvideo,174720,174970,174845,-0.0823243297636509
testvideo,174760,175010,174885,-0.08667410697255816
testvideo,174800,175050,174925,-0.0888769371168954
testvideo,174840,175090,174965,-0.08856967464089395
testvideo,174880,175130,175005,-0.08873646706342697
testvideo,174920,175170,175045,-0.08828396350145341
testvideo,174960,175210,175085,-0.08740328890936715
testvideo,175000,175250,175125,-0.08665307079042707
testvideo,175040,175290,175165,-0.08832162991166115
testvideo,175080,175330,175205,-0.08956153318285942
testvideo,175120,175370,175245,-0.09134873747825621
testvideo,175160,175410,175285,-0.0935077539512089
testvideo,175200,175450,175325,-0.09533518978527612
testvideo,175240,175490,175365,-0.09715720798288072
testvideo,175280,175530,175405,-0.09751739539206028
testvideo,175320,175570,175445,-0.09709540195763111
testvideo,175360,175610,175485,-0.09654644983155387
testvideo,175400,175650,175525,-0.09617828045572556
testvideo,175440,175690,175565,-0.09500343671866829
testvideo,175480,175730,175605,-0.09081342816352844
testvideo,175520,175770,175645,-0.0881890244781971
testvideo,175560,175810,175685,-0.08348604610988071
testvideo,175600,175850,175725,-0.07810245880058832
testvideo,175640,175890,175765,-0.07188801893166132
testvideo,175680,175930,175805,-0.06252440065145493
testvideo,175720,175970,175845,-0.05846891924738884
testvideo,175760,176010,175885,-0.05406941473484041
testvideo,175800,176050,175925,-0.04706993273326331
testvideo,175840,176090,175965,-0.04497625998088294
testvideo,175880,176130,176005,-0.04412940517067912
testvideo,175920,176170,176045,-0.04459261149168017
testvideo,175960,176210,176085,-0.044132195413112654
testvideo,176000,176250,176125,-0.04308629887444633
testvideo,176040,176290,176165,-0.04374164342880248
testvideo,176080,176330,176205,-0.04994480311870574
testvideo,176120,176370,176245,-0.05543499439954756
testvideo,176160,176410,176285,-0.06031248718500135
testvideo,176200,176450,176325,-0.06899110334260121
testvideo,176240,176490,176365,-0.07191522206578936
testvideo,176280,176530,176405,-0.07451934473855155
testvideo,176320,176570,176445,-0.07219498232007025
testvideo,176360,176610,176485,-0.06887636333703995
testvideo,176400,176650,176525,-0.05863576701709202
testvideo,176440,176690,176565,-0.053643273455756056
testvideo,176480,176730,176605,-0.053207031318119595
testvideo,176520,176770,176645,-0.05259790830314161
testvideo,176560,176810,176685,-0.05339301563799384
testvideo,176600,176850,176725,-0.056319517748696486
testvideo,176640,176890,176765,-0.06466173912797657
testvideo,176680,176930,176805,-0.0720759438616889
testvideo,176720,176970,176845,-0.0816127508878708
testvideo,176760,177010,176885,-0.08769425004720688
testvideo,176800,177050,176925,-0.09220286831259727
testvideo,176840,177090,176965,-0.0980445806469236
testvideo,176880,177130,177005,-0.09592255098479134
testvideo,176920,177170,177045,-0.08966542780399323
testvideo,176960,177210,177085,-0.08599294535815714
testvideo,177000,177250,177125,-0.08257339894771576
testvideo,177040,177290,177165,-0.07526045611926488
testvideo,177080,177330,177205,-0.07262560725212097
testvideo,177120,177370,177245,-0.07101446390151979
testvideo,177160,177410,177285,-0.0697310082614422
testvideo,177200,177450,177325,-0.06917565874755385
testvideo,177240,177490,177365,-0.06748728028365547
testvideo,177280,177530,177405,-0.06766879558563235
testvideo,177320,177570,177445,-0.06779799929686958
testvideo,177360,177610,177485,-0.06872456520795825
testvideo,177400,177650,177525,-0.06965151429176332
testvideo,177440,177690,177565,-0.07151399552822113
testvideo,177480,177730,177605,-0.07365185022354126
testvideo,177520,177770,177645,-0.07677946771894183
testvideo,177560,177810,177685,-0.08139511570334435
testvideo,177600,177850,177725,-0.08339487761259082
testvideo,177640,177890,177765,-0.0858005178826196
testvideo,177680,177930,177805,-0.08654930123261044
testvideo,177720,177970,177845,-0.08693272726876397
testvideo,177760,178010,177885,-0.08709944598376752
testvideo,177800,178050,177925,-0.08682614192366603
testvideo,177840,178090,177965,-0.08677978441119197
testvideo,177880,178130,178005,-0.08837484036173142
testvideo,177920,178170,178045,-0.08874043396541054
testvideo,177960,178210,178085,-0.08664050884544852
testvideo,178000,178250,178125,-0.08418926782906058
testvideo,178040,178290,178165,-0.08168930560350418
testvideo,178080,178330,178205,-0.07805404492786952
testvideo,178120,178370,178245,-0.07345377973147797
testvideo,178160,178410,178285,-0.0689143027578081
testvideo,178200,178450,178325,-0.06166733801364895
testvideo,178240,178490,178365,-0.058986574411392184
testvideo,178280,178530,178405,-0.054418193442480875
testvideo,178320,178570,178445,-0.04972167100225172
testvideo,178360,178610,178485,-0.04563363960811067
testvideo,178400,178650,178525,-0.04253333806991575
testvideo,178440,178690,178565,-0.04086155071854591
testvideo,178480,178730,178605,-0.038171853337969096
testvideo,178520,178770,178645,-0.037449155535016744
testvideo,178560,178810,178685,-0.03654669863837107
testvideo,178600,178850,178725,-0.04253688082098961
testvideo,178640,178890,178765,-0.046842534095048904
testvideo,178680,178930,178805,-0.05316972732543944
testvideo,178720,178970,178845,-0.056936153343745625
testvideo,178760,179010,178885,-0.06018583689417156
testvideo,178800,179050,178925,-0.07298490777611732
testvideo,178840,179090,178965,-0.07724051177501678
testvideo,178880,179130,179005,-0.07775646448135377
testvideo,178920,179170,179045,-0.07463027323995321
testvideo,178960,179210,179085,-0.07142715794699535
testvideo,179000,179250,179125,-0.06407691538333896
testvideo,179040,179290,179165,-0.05750221014022829
testvideo,179080,179330,179205,-0.050052879378199605
testvideo,179120,179370,179245,-0.04247594731194634
testvideo,179160,179410,179285,-0.04359514372689385
testvideo,179200,179450,179325,-0.04764406808785033
testvideo,179240,179490,179365,-0.05840737745165828
testvideo,179280,179530,179405,-0.06592707149684433
testvideo,179320,179570,179445,-0.07684577575751717
testvideo,179360,179610,179485,-0.08308911962168561
testvideo,179400,179650,179525,-0.08764097520283294
testvideo,179440,179690,179565,-0.08872245065867904
testvideo,179480,179730,179605,-0.08835615403950217
testvideo,179520,179770,179645,-0.08384392091206141
testvideo,179560,179810,179685,-0.08111385149615154
testvideo,179600,179850,179725,-0.07801154255867006
testvideo,179640,179890,179765,-0.07256833277642727
testvideo,179680,179930,179805,-0.06995762139558792
testvideo,179720,179970,179845,-0.06836556749684469
testvideo,179760,180010,179885,-0.0674917868205479
testvideo,179800,180050,179925,-0.06724619865417479
testvideo,179840,180090,179965,-0.06722588464617729
testvideo,179880,180130,180005,-0.06879440695047379
testvideo,179920,180170,180045,-0.07073465734720231
testvideo,179960,180210,180085,-0.0728285610675812
testvideo,180000,180250,180125,-0.07510975428989959
testvideo,180040,180290,180165,-0.07883799448609355
testvideo,180080,180330,180205,-0.08198864758014682
testvideo,180120,180370,180245,-0.08452135324478152
testvideo,180160,180410,180285,-0.08600277134350369
testvideo,180200,180450,180325,-0.08532809359686715
testvideo,180240,180490,180365,-0.08446298326764788
testvideo,180280,180530,180405,-0.08404671400785446
testvideo,180320,180570,180445,-0.08331440389156342
testvideo,180360,180610,180485,-0.08101873738425118
testvideo,180400,180650,180525,-0.08194396325520106
testvideo,180440,180690,180565,-0.08284379754747663
testvideo,180480,180730,180605,-0.0837697796523571
testvideo,180520,180770,180645,-0.08411919325590134
testvideo,180560,180810,180685,-0.08513602188655309
testvideo,180600,180850,180725,-0.08579984733036584
testvideo,180640,180890,180765,-0.08736209358487808
testvideo,180680,180930,180805,-0.08806465938687322
testvideo,180720,180970,180845,-0.08791334927082059
testvideo,180760,181010,180885,-0.08633800489561896
testvideo,180800,181050,180925,-0.08234383378710065
testvideo,180840,181090,180965,-0.07396511094910754
testvideo,180880,181130,181005,-0.06367512047290799
testvideo,180920,181170,181045,-0.05524835363030431
testvideo,180960,181210,181085,-0.046585399657487855
testvideo,181000,181250,181125,-0.032058745622634874
testvideo,181040,181290,181165,-0.024966201611927568
testvideo,181080,181330,181205,-0.024656619876623154
testvideo,181120,181370,181245,-0.023988254368305206
testvideo,181160,181410,181285,-0.02438540756702423
testvideo,181200,181450,181325,-0.029028585978916704
testvideo,181240,181490,181365,-0.035820083958762024
testvideo,181280,181530,181405,-0.042622366121837056
testvideo,181320,181570,181445,-0.052419818937778466
testvideo,181360,181610,181485,-0.05946000292897224
testvideo,181400,181650,181525,-0.06790926201002938
testvideo,181440,181690,181565,-0.06749623588153293
testvideo,181480,181730,181605,-0.06750357576778956
testvideo,181520,181770,181645,-0.06407605484127998
testvideo,181560,181810,181685,-0.06216375529766082
testvideo,181600,181850,181725,-0.05338859132358005
testvideo,181640,181890,181765,-0.04674823795046125
testvideo,181680,181930,181805,-0.04715241278920855
testvideo,181720,181970,181845,-0.04951785877346992
testvideo,181760,182010,181885,-0.053028527647256844
testvideo,181800,182050,181925,-0.0566602684557438
testvideo,181840,182090,181965,-0.06390438761029925
testvideo,181880,182130,182005,-0.07250461833817619
testvideo,181920,182170,182045,-0.08211285434663297
testvideo,181960,182210,182085,-0.08742312155663969
testvideo,182000,182250,182125,-0.09048824943602088
testvideo,182040,182290,182165,-0.0937512325389045
testvideo,182080,182330,182205,-0.09433372531618393
testvideo,182120,182370,182245,-0.09222538024187091
testvideo,182160,182410,182285,-0.09082881174981597
testvideo,182200,182450,182325,-0.08979344181716445
testvideo,182240,182490,182365,-0.08812138651098526
testvideo,182280,182530,182405,-0.08793695271015169
testvideo,182320,182570,182445,-0.08798281635556904
testvideo,182360,182610,182485,-0.08779019489884379
testvideo,182400,182650,182525,-0.0860352758318186
testvideo,182440,182690,182565,-0.07770515978336334
testvideo,182480,182730,182605,-0.07026148906775882
testvideo,182520,182770,182645,-0.05822720059326718
testvideo,182560,182810,182685,-0.03806459903717041
testvideo,182600,182850,182725,-0.027918253093957904
testvideo,182640,182890,182765,-0.009912416338920585
testvideo,182680,182930,182805,-0.007143329296793245
testvideo,182720,182970,182845,-0.00984602740832737
testvideo,182760,183010,182885,-0.027662711217999465
testvideo,182800,183050,182925,-0.039667997509241104
testvideo,182840,183090,182965,-0.0522787105292082
testvideo,182880,183130,183005,-0.07195051227297103
testvideo,182920,183170,183045,-0.0839761027268001
testvideo,182960,183210,183085,-0.08997966535389423
testvideo,183000,183250,183125,-0.09102115966379642
testvideo,183040,183290,183165,-0.0921698547899723
testvideo,183080,183330,183205,-0.09147234686783381
testvideo,183120,183370,183245,-0.08916972364698138
testvideo,183160,183410,183285,-0.08467767760157585
testvideo,183200,183450,183325,-0.08186149038374425
testvideo,183240,183490,183365,-0.07939000055193904
testvideo,183280,183530,183405,-0.07612288849694392
testvideo,183320,183570,183445,-0.07406306692532134
testvideo,183360,183610,183485,-0.07322421244212562
testvideo,183400,183650,183525,-0.07372634485363963
testvideo,183440,183690,183565,-0.0733357183635235
testvideo,183480,183730,183605,-0.07324058243206569
testvideo,183520,183770,183645,-0.07319458041872297
testvideo,183560,183810,183685,-0.07330706289836339
testvideo,183600,183850,183725,-0.07262345775961876
testvideo,183640,183890,183765,-0.07028934359550476
testvideo,183680,183930,183805,-0.06847298996789115
testvideo,183720,183970,183845,-0.06796321272850038
testvideo,183760,184010,183885,-0.067420095205307
testvideo,183800,184050,183925,-0.06835092976689339
testvideo,183840,184090,183965,-0.06842525862157345
testvideo,183880,184130,184005,-0.0687792468816042
testvideo,183920,184170,184045,-0.07191846413271767
testvideo,183960,184210,184085,-0.07322815486363002
testvideo,184000,184250,184125,-0.0742313079535961
testvideo,184040,184290,184165,-0.07402304746210572
testvideo,184080,184330,184205,-0.07281490415334702
testvideo,184120,184370,184245,-0.07035367616585322
testvideo,184160,184410,184285,-0.06774423590728215
testvideo,184200,184450,184325,-0.06492561101913452
testvideo,184240,184490,184365,-0.0631822720170021
testvideo,184280,184530,184405,-0.061536092311143875
testvideo,184320,184570,184445,-0.05952535356794084
testvideo,184360,184610,184485,-0.059872048241751526
testvideo,184400,184650,184525,-0.06066492625645228
testvideo,184440,184690,184565,-0.06914676539599895
testvideo,184480,184730,184605,-0.07336194999516013
testvideo,184520,184770,184645,-0.0787798357861383
testvideo,184560,184810,184685,-0.07444901764392857
testvideo,184600,184850,184725,-0.07048077881336218
testvideo,184640,184890,184765,-0.06491176597774033
testvideo,184680,184930,184805,-0.06042879447340969
testvideo,184720,184970,184845,-0.04954760840960913
testvideo,184760,185010,184885,-0.04632957918303354
testvideo,184800,185050,184925,-0.0512893625668117
testvideo,184840,185090,184965,-0.056030258536338785
testvideo,184880,185130,185005,-0.05592168867588041
testvideo,184920,185170,185045,-0.05582453683018682
testvideo,184960,185210,185085,-0.05346050432750155
testvideo,185000,185250,185125,-0.05024162360600061
testvideo,185040,185290,185165,-0.04942271113395688
testvideo,185080,185330,185205,-0.04733877256512639
testvideo,185120,185370,185245,-0.04552945867180822
testvideo,185160,185410,185285,-0.04976200631686617
testvideo,185200,185450,185325,-0.058020970651081596
testvideo,185240,185490,185365,-0.06686054808752874
testvideo,185280,185530,185405,-0.0780546776950359
testvideo,185320,185570,185445,-0.08042334392666815
testvideo,185360,185610,185485,-0.08841353229113988
testvideo,185400,185650,185525,-0.09083850043160575
testvideo,185440,185690,185565,-0.08249268787247795
testvideo,185480,185730,185605,-0.06914476305246353
testvideo,185520,185770,185645,-0.057461343705654144
testvideo,185560,185810,185685,-0.042910490717206685
testvideo,185600,185850,185725,-0.037385610597474236
testvideo,185640,185890,185765,-0.030882697020258233
testvideo,185680,185930,185805,-0.04416391812264919
testvideo,185720,185970,185845,-0.05489064194262028
testvideo,185760,186010,185885,-0.07201717793941498
testvideo,185800,186050,185925,-0.08198748954704829
testvideo,185840,186090,185965,-0.09080239704677037
testvideo,185880,186130,186005,-0.07061636261641978
testvideo,185920,186170,186045,-0.057307865470647805
testvideo,185960,186210,186085,-0.038968771696090705
testvideo,186000,186250,186125,-0.009540134242602773
testvideo,186040,186290,186165,0.002622265900884352
testvideo,186080,186330,186205,0.007791787385940534
testvideo,186120,186370,186245,0.007977917790412885
testvideo,186160,186410,186285,-0.004642933607101451
testvideo,186200,186450,186325,-0.02513061038085393
testvideo,186240,186490,186365,-0.03829191412244526
testvideo,186280,186530,186405,-0.05175853414194927
testvideo,186320,186570,186445,-0.06690133549273017
testvideo,186360,186610,186485,-0.0738880392163992
testvideo,186400,186650,186525,-0.08513974504811425
testvideo,186440,186690,186565,-0.08685535831110817
testvideo,186480,186730,186605,-0.08458187963281359
testvideo,186520,186770,186645,-0.07760274410247803
testvideo,186560,186810,186685,-0.07223068736493587
testvideo,186600,186850,186725,-0.0614867870296751
testvideo,186640,186890,186765,-0.053544502173151313
testvideo,186680,186930,186805,-0.047007171171052145
testvideo,186720,186970,186845,-0.037597460672259365
testvideo,186760,187010,186885,-0.03182174265384678
testvideo,186800,187050,186925,-0.02568797128541131
testvideo,186840,187090,186965,-0.0318132383482797
testvideo,186880,187130,187005,-0.03968039793627605
testvideo,186920,187170,187045,-0.04855338856577875
testvideo,186960,187210,187085,-0.05631142295897009
testvideo,187000,187250,187125,-0.06413079984486106
testvideo,187040,187290,187165,-0.07468018148626607
testvideo,187080,187330,187205,-0.07592803026948661
testvideo,187120,187370,187245,-0.07743052020668988
testvideo,187160,187410,187285,-0.07890571467578415
testvideo,187200,187450,187325,-0.0809031799435616
testvideo,187240,187490,187365,-0.0812920906714031
testvideo,187280,187530,187405,-0.08297555574348998
testvideo,187320,187570,187445,-0.0856491029262543
testvideo,187360,187610,187485,-0.08379911445081235
testvideo,187400,187650,187525,-0.08070980757474899
testvideo,187440,187690,187565,-0.07910613289901189
testvideo,187480,187730,187605,-0.07773399140153613
testvideo,187520,187770,187645,-0.0770560907466071
testvideo,187560,187810,187685,-0.07647446170449256
testvideo,187600,187850,187725,-0.07175813056528568
testvideo,187640,187890,187765,-0.0729022175073624
testvideo,187680,187930,187805,-0.06658283940383368
testvideo,187720,187970,187845,-0.061726912856102004
testvideo,187760,188010,187885,-0.05715845152735711
testvideo,187800,188050,187925,-0.05659185722470285
testvideo,187840,188090,187965,-0.05646058491298132
testvideo,187880,188130,188005,-0.06066401515688215
testvideo,187920,188170,188045,-0.0674514089311872
testvideo,187960,188210,188085,-0.06954815983772278
testvideo,188000,188250,188125,-0.06975954584777355
testvideo,188040,188290,188165,-0.06664076261222364
testvideo,188080,188330,188205,-0.058461674622127
testvideo,188120,188370,188245,-0.052006757685116374
testvideo,188160,188410,188285,-0.04614941962063315
testvideo,188200,188450,188325,-0.04245091788470747
testvideo,188240,188490,188365,-0.04029456153512004
testvideo,188280,188530,188405,-0.04080706621919361
testvideo,188320,188570,188445,-0.044464413608823514
testvideo,188360,188610,188485,-0.045758749757494235
testvideo,188400,188650,188525,-0.04291754588484764
testvideo,188440,188690,188565,-0.041220102459192276
testvideo,188480,188730,188605,-0.03969205277306693
testvideo,188520,188770,188645,-0.039387868983404996
testvideo,188560,188810,188685,-0.029660497392926904
testvideo,188600,188850,188725,-0.010358877480030067
testvideo,188640,188890,188765,-0.0007329788058996305
testvideo,188680,188930,188805,0.010492663298334395
testvideo,188720,188970,188845,0.021819289241518294
testvideo,188760,189010,188885,0.036813173975263326
testvideo,188800,189050,188925,0.03768054395914078
testvideo,188840,189090,188965,0.029184261336922635
testvideo,188880,189130,189005,0.02047398872673511
testvideo,188920,189170,189045,0.0074567326477595775
testvideo,188960,189210,189085,-0.006680935621261592
testvideo,189000,189250,189125,-0.032521151006221764
testvideo,189040,189290,189165,-0.05077488720417023
testvideo,189080,189330,189205,-0.06223391741514206
testvideo,189120,189370,189245,-0.0772889086178371
testvideo,189160,189410,189285,-0.08209871820041113
testvideo,189200,189450,189325,-0.07925739511847496
testvideo,189240,189490,189365,-0.07868837192654611
testvideo,189280,189530,189405,-0.07404862716794015
testvideo,189320,189570,189445,-0.060500000204358785
testvideo,189360,189610,189485,-0.05038124748638698
testvideo,189400,189650,189525,-0.04353650127138411
testvideo,189440,189690,189565,-0.04367466270923616
testvideo,189480,189730,189605,-0.04964635521173479
testvideo,189520,189770,189645,-0.057390281132289354
testvideo,189560,189810,189685,-0.06866654327937537
testvideo,189600,189850,189725,-0.07379617009844101
testvideo,189640,189890,189765,-0.0703354924917221
testvideo,189680,189930,189805,-0.06148734129965305
testvideo,189720,189970,189845,-0.03516736413751328
testvideo,189760,190010,189885,-0.006048609103475286
testvideo,189800,190050,189925,0.01254603479589736
testvideo,189840,190090,189965,0.021532068029046076
testvideo,189880,190130,190005,0.02717033587396147
testvideo,189920,190170,190045,0.02218747884035112
testvideo,189960,190210,190085,0.0009570568799972574
testvideo,190000,190250,190125,-0.021164364048412855
testvideo,190040,190290,190165,-0.04034403711557388
testvideo,190080,190330,190205,-0.051782894879579544
testvideo,190120,190370,190245,-0.06338826939463615
testvideo,190160,190410,190285,-0.07519453551088062
testvideo,190200,190450,190325,-0.07998584210872652
testvideo,190240,190490,190365,-0.08659955486655237
testvideo,190280,190530,190405,-0.0911846347153187
testvideo,190320,190570,190445,-0.09513381309807303
testvideo,190360,190610,190485,-0.09774364318166463
testvideo,190400,190650,190525,-0.09838663467339111
testvideo,190440,190690,190565,-0.09968719312122894
testvideo,190480,190730,190605,-0.09914037398993972
testvideo,190520,190770,190645,-0.0974848382174969
testvideo,190560,190810,190685,-0.09439355986458918
testvideo,190600,190850,190725,-0.09378537109919957
testvideo,190640,190890,190765,-0.0923087043421609
testvideo,190680,190930,190805,-0.09030613675713542
testvideo,190720,190970,190845,-0.08922841586172581
testvideo,190760,191010,190885,-0.0880035821880613
testvideo,190800,191050,190925,-0.08801330200263432
testvideo,190840,191090,190965,-0.08840196899005345
testvideo,190880,191130,191005,-0.08993060328066349
testvideo,190920,191170,191045,-0.09094885364174843
testvideo,190960,191210,191085,-0.0907635949552059
testvideo,191000,191250,191125,-0.0898811433996473
testvideo,191040,191290,191165,-0.08865702577999661
testvideo,191080,191330,191205,-0.0869641061872244
testvideo,191120,191370,191245,-0.08640094101428986
testvideo,191160,191410,191285,-0.08517399430274965
testvideo,191200,191450,191325,-0.08385774493217471
testvideo,191240,191490,191365,-0.08345647369112288
testvideo,191280,191530,191405,-0.0829509496688843
testvideo,191320,191570,191445,-0.08167103305459025
testvideo,191360,191610,191485,-0.08092825487256051
testvideo,191400,191650,191525,-0.07973458298615048
testvideo,191440,191690,191565,-0.07922213205269409
testvideo,191480,191730,191605,-0.0798397426094328
testvideo,191520,191770,191645,-0.07711446657776834
testvideo,191560,191810,191685,-0.07672638818621637
testvideo,191600,191850,191725,-0.07604372714247025
testvideo,191640,191890,191765,-0.07230699488094876
testvideo,191680,191930,191805,-0.06879141501017981
testvideo,191720,191970,191845,-0.06857954896986487
testvideo,191760,192010,191885,-0.06930143199861052
testvideo,191800,192050,191925,-0.06920623140675684
testvideo,191840,192090,191965,-0.07003842932837354
testvideo,191880,192130,192005,-0.07370544544288093
testvideo,191920,192170,192045,-0.07429403811693194
testvideo,191960,192210,192085,-0.06940516456961635
testvideo,192000,192250,192125,-0.06303316913545133
testvideo,192040,192290,192165,-0.051868766546249404
testvideo,192080,192330,192205,-0.03960505340780531
testvideo,192120,192370,192245,-0.021576991304755214
testvideo,192160,192410,192285,-0.012403922155499465
testvideo,192200,192450,192325,-0.006418786942958828
testvideo,192240,192490,192365,-0.0022603124380111694
testvideo,192280,192530,192405,-0.006933084556034637
testvideo,192320,192570,192445,-0.016089086021695842
testvideo,192360,192610,192485,-0.03648646362125876
testvideo,192400,192650,192525,-0.04814622364938262
testvideo,192440,192690,192565,-0.0655575799090522
testvideo,192480,192730,192605,-0.07556317959512986
testvideo,192520,192770,192645,-0.08332597570759911
testvideo,192560,192810,192685,-0.0893286895006895
testvideo,192600,192850,192725,-0.09068815037608147
testvideo,192640,192890,192765,-0.09140616229602269
testvideo,192680,192930,192805,-0.08989874379975456
testvideo,192720,192970,192845,-0.08727448327200753
testvideo,192760,193010,192885,-0.08389867097139357
testvideo,192800,193050,192925,-0.08146414905786513
testvideo,192840,193090,192965,-0.07728512798036848
testvideo,192880,193130,193005,-0.07572784168379647
testvideo,192920,193170,193045,-0.07509396331650871
testvideo,192960,193210,193085,-0.07456937432289124
testvideo,193000,193250,193125,-0.0742051787674427
testvideo,193040,193290,193165,-0.07388546317815782
testvideo,193080,193330,193205,-0.07288607954978943
testvideo,193120,193370,193245,-0.07278989042554583
testvideo,193160,193410,193285,-0.07296819984912872
testvideo,193200,193450,193325,-0.07280832529067993
testvideo,193240,193490,193365,-0.07273952290415764
testvideo,193280,193530,193405,-0.07221960595675876
testvideo,193320,193570,193445,-0.07243409327098302
testvideo,193360,193610,193485,-0.07227824415479388
testvideo,193400,193650,193525,-0.07408791407942772
testvideo,193440,193690,193565,-0.07586371898651123
testvideo,193480,193730,193605,-0.0788440832069942
testvideo,193520,193770,193645,-0.08181631990841458
testvideo,193560,193810,193685,-0.08501442415373665
testvideo,193600,193850,193725,-0.08813483268022537
testvideo,193640,193890,193765,-0.0889543741941452
testvideo,193680,193930,193805,-0.08870013271059309
testvideo,193720,193970,193845,-0.0867165241922651
testvideo,193760,194010,193885,-0.08334483419145856
testvideo,193800,194050,193925,-0.0790143683552742
testvideo,193840,194090,193965,-0.07647015899419785
testvideo,193880,194130,194005,-0.07109884704862321
testvideo,193920,194170,194045,-0.0670291313103267
testvideo,193960,194210,194085,-0.06397985560553414
testvideo,194000,194250,194125,-0.06351161748170851
testvideo,194040,194290,194165,-0.06357855722308159
testvideo,194080,194330,194205,-0.06346974521875381
testvideo,194120,194370,194245,-0.06005058969770157
testvideo,194160,194410,194285,-0.05788645574024743
testvideo,194200,194450,194325,-0.058141458779573434
testvideo,194240,194490,194365,-0.061043765395879745
testvideo,194280,194530,194405,-0.06231244653463364
testvideo,194320,194570,194445,-0.06055493439946856
testvideo,194360,194610,194485,-0.0639526801449912
testvideo,194400,194650,194525,-0.06593618222645353
testvideo,194440,194690,194565,-0.06203702464699747
testvideo,194480,194730,194605,-0.05899658799171449
testvideo,194520,194770,194645,-0.04993891290255957
testvideo,194560,194810,194685,-0.04605787140982493
testvideo,194600,194850,194725,-0.04263468086719515
testvideo,194640,194890,194765,-0.03988792374730112
testvideo,194680,194930,194805,-0.038596883416175856
testvideo,194720,194970,194845,-0.039498439856937954
testvideo,194760,195010,194885,-0.04202750750950405
testvideo,194800,195050,194925,-0.04320727501596721
testvideo,194840,195090,194965,-0.04326296411454675
testvideo,194880,195130,195005,-0.044300131499767276
testvideo,194920,195170,195045,-0.046607434749603244
testvideo,194960,195210,195085,-0.04609484331948416
testvideo,195000,195250,195125,-0.04438451358250208
testvideo,195040,195290,195165,-0.02650283277034759
testvideo,195080,195330,195205,-0.021096695214509957
testvideo,195120,195370,195245,-0.016655061393976208
testvideo,195160,195410,195285,-0.011474617889949246
testvideo,195200,195450,195325,-0.01822095045021601
testvideo,195240,195490,195365,-0.02301163040101528
testvideo,195280,195530,195405,-0.03413941152393818
testvideo,195320,195570,195445,-0.04501961357891561
testvideo,195360,195610,195485,-0.060998654791287014
testvideo,195400,195650,195525,-0.06528790082250324
testvideo,195440,195690,195565,-0.07025551795959474
testvideo,195480,195730,195605,-0.07857859507203102
testvideo,195520,195770,195645,-0.08185917511582375
testvideo,195560,195810,195685,-0.0834454894065857
testvideo,195600,195850,195725,-0.08172126752989632
testvideo,195640,195890,195765,-0.08000090505395617
testvideo,195680,195930,195805,-0.06926003471016882
testvideo,195720,195970,195845,-0.06254645437002182
testvideo,195760,196010,195885,-0.053821567978177734
testvideo,195800,196050,195925,-0.044636270829609456
testvideo,195840,196090,195965,-0.041109689644404805
testvideo,195880,196130,196005,-0.03663771599531172
testvideo,195920,196170,196045,-0.03757744655013082
testvideo,195960,196210,196085,-0.04254018142819403
testvideo,196000,196250,196125,-0.041292876005172716
testvideo,196040,196290,196165,-0.052996916430337083
testvideo,196080,196330,196205,-0.05882829055190088
testvideo,196120,196370,196245,-0.06064754351973534
testvideo,196160,196410,196285,-0.06021277233958244
testvideo,196200,196450,196325,-0.04917870674814497
testvideo,196240,196490,196365,-0.04778365152222772
testvideo,196280,196530,196405,-0.03907569125294687
testvideo,196320,196570,196445,-0.03733568266034127
testvideo,196360,196610,196485,-0.040875013917684555
testvideo,196400,196650,196525,-0.05368799396923612
testvideo,196440,196690,196565,-0.07028479661260334
testvideo,196480,196730,196605,-0.08354509302548
testvideo,196520,196770,196645,-0.09074067324399951
testvideo,196560,196810,196685,-0.0807133708149195
testvideo,196600,196850,196725,-0.06542599201202395
testvideo,196640,196890,196765,-0.051652018512998325
testvideo,196680,196930,196805,-0.03946560195514136
testvideo,196720,196970,196845,-0.04221924208104613
testvideo,196760,197010,196885,-0.044320633634924916
testvideo,196800,197050,196925,-0.06718953166689193
testvideo,196840,197090,196965,-0.0898883470467159
testvideo,196880,197130,197005,-0.09983919560909274
testvideo,196920,197170,197045,-0.10060231573879722
testvideo,196960,197210,197085,-0.10375915281474593
testvideo,197000,197250,197125,-0.08208916522562505
testvideo,197040,197290,197165,-0.053674823471478054
testvideo,197080,197330,197205,-0.03516194862978799
testvideo,197120,197370,197245,-0.022934615612030026
testvideo,197160,197410,197285,-0.018533039838075624
testvideo,197200,197450,197325,-0.0128217190504074
testvideo,197240,197490,197365,-0.013298173035894117
testvideo,197280,197530,197405,-0.02442486158439092
testvideo,197320,197570,197445,-0.033221129328012466
testvideo,197360,197610,197485,-0.03727275878190995
testvideo,197400,197650,197525,-0.03707199171185494
testvideo,197440,197690,197565,-0.0373496881553105
testvideo,197480,197730,197605,-0.04763992769377573
testvideo,197520,197770,197645,-0.053225751434053704
testvideo,197560,197810,197685,-0.07112448662519458
testvideo,197600,197850,197725,-0.07068039476871492
testvideo,197640,197890,197765,-0.08106897132737298
testvideo,197680,197930,197805,-0.08062560643468586
testvideo,197720,197970,197845,-0.06985447236469815
testvideo,197760,198010,197885,-0.05073044449090958
testvideo,197800,198050,197925,-0.0405714213848114
testvideo,197840,198090,197965,-0.02634572982788086
testvideo,197880,198130,198005,-0.026218350444521216
testvideo,197920,198170,198045,-0.035037166305950704
testvideo,197960,198210,198085,-0.022084530442953113
testvideo,198000,198250,198125,-0.013314701616764065
testvideo,198040,198290,198165,-0.004529947414994236
testvideo,198080,198330,198205,0.010837158986500327
testvideo,198120,198370,198245,0.023486471601894925
testvideo,198160,198410,198285,0.02691015042364597
testvideo,198200,198450,198325,0.02142293378710746
testvideo,198240,198490,198365,0.0031701438128948073
testvideo,198280,198530,198405,-0.031879940203257996
testvideo,198320,198570,198445,-0.0542831612484796
testvideo,198360,198610,198485,-0.07151757606438235
testvideo,198400,198650,198525,-0.08443576097488407
testvideo,198440,198690,198565,-0.09020660631358628
testvideo,198480,198730,198605,-0.09533298228468216
testvideo,198520,198770,198645,-0.09263665548392708
testvideo,198560,198810,198685,-0.09053873802934374
testvideo,198600,198850,198725,-0.08826012164354324
testvideo,198640,198890,198765,-0.0856373980641365
testvideo,198680,198930,198805,-0.08220531472137996
testvideo,198720,198970,198845,-0.08055857462542397
testvideo,198760,199010,198885,-0.07931201372827802
testvideo,198800,199050,198925,-0.07354924082756042
testvideo,198840,199090,198965,-0.07304467633366585
testvideo,198880,199130,199005,-0.07989395942006793
testvideo,198920,199170,199045,-0.08403014710971286
testvideo,198960,199210,199085,-0.09033275714942383
testvideo,199000,199250,199125,-0.07062034867703915
testvideo,199040,199290,199165,-0.07542946003377438
testvideo,199080,199330,199205,-0.07075482420623302
testvideo,199120,199370,199245,-0.05236877713884626
testvideo,199160,199410,199285,-0.04327967337199623
testvideo,199200,199450,199325,-0.03230708278715614
testvideo,199240,199490,199365,-0.047702945768833174
testvideo,199280,199530,199405,-0.04769685305655005
testvideo,199320,199570,199445,-0.044272965618542284
testvideo,199360,199610,199485,-0.04858556815556119
testvideo,199400,199650,199525,-0.050377773387091505
testvideo,199440,199690,199565,-0.04921645298600198
testvideo,199480,199730,199605,-0.04823801666498185
testvideo,199520,199770,199645,-0.04134106636047364
testvideo,199560,199810,199685,-0.03933047396796091
testvideo,199600,199850,199725,-0.03837240593773981
testvideo,199640,199890,199765,-0.038874667137861266
testvideo,199680,199930,199805,-0.038446493446826956
testvideo,199720,199970,199845,-0.03990993329456877
testvideo,199760,200010,199885,-0.03888539331299919
testvideo,199800,200050,199925,-0.036610637392316556
testvideo,199840,200090,199965,-0.03345280885696412
testvideo,199880,200130,200005,-0.030877262353897095
testvideo,199920,200170,200045,-0.028384498187473833
testvideo,199960,200210,200085,-0.02763465898377554
testvideo,200000,200250,200125,-0.02170227255140032
testvideo,200040,200290,200165,-0.006875576451420777
testvideo,200080,200330,200205,0.0009372215718031103
testvideo,200120,200370,200245,0.010023761540651346
testvideo,200160,200410,200285,0.02751531771251135
testvideo,200200,200450,200325,0.03316222769873484
testvideo,200240,200490,200365,0.019202023744583144
testvideo,200280,200530,200405,0.007528509944677367
testvideo,200320,200570,200445,-0.006865704432129846
testvideo,200360,200610,200485,-0.029789686203002926
testvideo,200400,200650,200525,-0.04530210154397147
testvideo,200440,200690,200565,-0.0544750690460205
testvideo,200480,200730,200605,-0.05696456879377365
testvideo,200520,200770,200645,-0.05783166736364363
testvideo,200560,200810,200685,-0.05339905619621277
testvideo,200600,200850,200725,-0.05139357703072685
testvideo,200640,200890,200765,-0.049194936241422384
testvideo,200680,200930,200805,-0.047155577689409256
testvideo,200720,200970,200845,-0.04915683716535568
testvideo,200760,201010,200885,-0.0568093146596636
testvideo,200800,201050,200925,-0.06337370617049079
testvideo,200840,201090,200965,-0.06596225074359345
testvideo,200880,201130,201005,-0.06841350346803664
testvideo,200920,201170,201045,-0.07346759364008901
testvideo,200960,201210,201085,-0.07800256354468209
testvideo,201000,201250,201125,-0.07232258575303215
testvideo,201040,201290,201165,-0.06801365954535349
testvideo,201080,201330,201205,-0.0717660039663315
testvideo,201120,201370,201245,-0.074357807636261
testvideo,201160,201410,201285,-0.07799315080046655
testvideo,201200,201450,201325,-0.07804369500705176
testvideo,201240,201490,201365,-0.07925467406000411
testvideo,201280,201530,201405,-0.07869638130068779
testvideo,201320,201570,201445,-0.07978904619812965
testvideo,201360,201610,201485,-0.07437742874026299
testvideo,201400,201650,201525,-0.0686997558389391
testvideo,201440,201690,201565,-0.06801364677292959
testvideo,201480,201730,201605,-0.0682690611907414
testvideo,201520,201770,201645,-0.06874757260084152
testvideo,201560,201810,201685,-0.06922227516770363
testvideo,201600,201850,201725,-0.07036553536142623
testvideo,201640,201890,201765,-0.07311881865773882
testvideo,201680,201930,201805,-0.07441109418869019
testvideo,201720,201970,201845,-0.07909338548779488
testvideo,201760,202010,201885,-0.08225121721625328
testvideo,201800,202050,201925,-0.08602105719702584
testvideo,201840,202090,201965,-0.08792678798948016
testvideo,201880,202130,202005,-0.08765450971467155
testvideo,201920,202170,202045,-0.08467529341578484
testvideo,201960,202210,202085,-0.0820150077342987
testvideo,202000,202250,202125,-0.07775558903813362
testvideo,202040,202290,202165,-0.07113778591156004
testvideo,202080,202330,202205,-0.06513872316905431
testvideo,202120,202370,202245,-0.058636790141463266
testvideo,202160,202410,202285,-0.052453322336077676
testvideo,202200,202450,202325,-0.047445083037018776
testvideo,202240,202490,202365,-0.03992915792124612
testvideo,202280,202530,202405,-0.034917041659355164
testvideo,202320,202570,202445,-0.031007675454020483
testvideo,202360,202610,202485,-0.028770372271537774
testvideo,202400,202650,202525,-0.028526082634925835
testvideo,202440,202690,202565,-0.031406926257269714
testvideo,202480,202730,202605,-0.03013975705419267
testvideo,202520,202770,202645,-0.027843560491289415
testvideo,202560,202810,202685,-0.02543855831027031
testvideo,202600,202850,202725,-0.02471462637186051
testvideo,202640,202890,202765,-0.01157280164105552
testvideo,202680,202930,202805,0.0024476221629551437
testvideo,202720,202970,202845,0.011548114674431929
testvideo,202760,203010,202885,0.013352509588003152
testvideo,202800,203050,202925,0.01344641670584678
testvideo,202840,203090,202965,0.021386123129299706
testvideo,202880,203130,203005,0.007082615579877589
testvideo,202920,203170,203045,-0.00650994905403681
testvideo,202960,203210,203085,-0.00976432301104068
testvideo,203000,203250,203125,-0.0032915044575929538
testvideo,203040,203290,203165,0.00947944633662702
testvideo,203080,203330,203205,0.026627561875752048
testvideo,203120,203370,203245,0.04859869607857296
testvideo,203160,203410,203285,0.06941676139831542
testvideo,203200,203450,203325,0.08181948959827423
testvideo,203240,203490,203365,0.07584997080266477
testvideo,203280,203530,203405,0.06096510163375309
testvideo,203320,203570,203445,0.04243309370109015
testvideo,203360,203610,203485,0.007360335439443606
testvideo,203400,203650,203525,-0.0175949167460203
testvideo,203440,203690,203565,-0.040634548291563974
testvideo,203480,203730,203605,-0.07051644580704826
testvideo,203520,203770,203645,-0.08422261476516724
testvideo,203560,203810,203685,-0.09359963025365557
testvideo,203600,203850,203725,-0.09936541691422465
testvideo,203640,203890,203765,-0.09927630424499513
testvideo,203680,203930,203805,-0.09308060152190072
testvideo,203720,203970,203845,-0.08595055767468045
testvideo,203760,204010,203885,-0.07699812948703769
testvideo,203800,204050,203925,-0.06695803441107276
testvideo,203840,204090,203965,-0.05817504785954954
testvideo,203880,204130,204005,-0.04329393804073337
testvideo,203920,204170,204045,-0.036459780165127374
testvideo,203960,204210,204085,-0.03302649727889472
testvideo,204000,204250,204125,-0.040330622345209136
testvideo,204040,204290,204165,-0.04190548509359361
testvideo,204080,204330,204205,-0.05139067396521569
testvideo,204120,204370,204245,-0.06552565949303764
testvideo,204160,204410,204285,-0.07409923842975072
testvideo,204200,204450,204325,-0.07752229273319246
testvideo,204240,204490,204365,-0.07576685771346092
testvideo,204280,204530,204405,-0.07323082908988
testvideo,204320,204570,204445,-0.06419834068843298
testvideo,204360,204610,204485,-0.05831966229847501
testvideo,204400,204650,204525,-0.05503017082810404
testvideo,204440,204690,204565,-0.05315677821636201
testvideo,204480,204730,204605,-0.05333725735545159
testvideo,204520,204770,204645,-0.05678006580897741
testvideo,204560,204810,204685,-0.060769332306725654
testvideo,204600,204850,204725,-0.06308883854321072
testvideo,204640,204890,204765,-0.06413889303803447
testvideo,204680,204930,204805,-0.06462138146162036
testvideo,204720,204970,204845,-0.06562478627477376
testvideo,204760,205010,204885,-0.06517126304762708
testvideo,204800,205050,204925,-0.06480717658996585
testvideo,204840,205090,204965,-0.06568445637822154
testvideo,204880,205130,205005,-0.0665382705628872
testvideo,204920,205170,205045,-0.0685941789831434
testvideo,204960,205210,205085,-0.07054900271551949
testvideo,205000,205250,205125,-0.07200044819286891
testvideo,205040,205290,205165,-0.07091466523706914
testvideo,205080,205330,205205,-0.06988617219030858
testvideo,205120,205370,205245,-0.06839616037905216
testvideo,205160,205410,205285,-0.06513622616018569
testvideo,205200,205450,205325,-0.06143083104065488
testvideo,205240,205490,205365,-0.057726519182324396
testvideo,205280,205530,205405,-0.05745160207152366
testvideo,205320,205570,205445,-0.05865231156349181
testvideo,205360,205610,205485,-0.061802395752498074
testvideo,205400,205650,205525,-0.06513770137514388
testvideo,205440,205690,205565,-0.06848649893488204
testvideo,205480,205730,205605,-0.0716019254177809
testvideo,205520,205770,205645,-0.07333595491945746
testvideo,205560,205810,205685,-0.07278449620519369
testvideo,205600,205850,205725,-0.07041571821485251
testvideo,205640,205890,205765,-0.07187087833881381
testvideo,205680,205930,205805,-0.07348585501313212
testvideo,205720,205970,205845,-0.06649502553045752
testvideo,205760,206010,205885,-0.043319374322891256
testvideo,205800,206050,205925,-0.023580600108419163
