video_id,start_ms,end_ms,center_ms,movement
testvideo,0,250,125,0.04281344336603713
testvideo,40,290,165,0.0683892932298569
testvideo,80,330,205,0.0941269485459012
testvideo,120,370,245,0.12403759722268766
testvideo,160,410,285,0.14244843088051223
testvideo,200,450,325,0.1533004077763797
testvideo,240,490,365,0.1519508934344692
testvideo,280,530,405,0.1438592925706961
testvideo,320,570,445,0.12782145040701534
testvideo,360,610,485,0.11273778717422876
testvideo,400,650,525,0.09101078847768138
testvideo,440,690,565,0.06666299475651491
testvideo,480,730,605,0.049062449464768516
testvideo,520,770,645,0.032518471065935535
testvideo,560,810,685,0.02063232610788923
testvideo,600,850,725,0.015104817993168167
testvideo,640,890,765,0.02201845923449264
testvideo,680,930,805,0.045550704189454484
testvideo,720,970,845,0.08609093846821854
testvideo,760,1010,885,0.16536263191741415
testvideo,800,1050,925,0.20172719114268145
testvideo,840,1090,965,0.2644315123467737
testvideo,880,1130,1005,0.281400562088363
testvideo,920,1170,1045,0.27171386624165833
testvideo,960,1210,1085,0.25026026260608636
testvideo,1000,1250,1125,0.22362957256083218
testvideo,1040,1290,1165,0.20100516545945804
testvideo,1080,1330,1205,0.1608710338250873
testvideo,1120,1370,1245,0.13646986007967626
testvideo,1160,1410,1285,0.0907727885729606
testvideo,1200,1450,1325,0.06378298088457608
testvideo,1240,1490,1365,0.051808920421695895
testvideo,1280,1530,1405,0.03193664594130086
testvideo,1320,1570,1445,0.02780327171872096
testvideo,1360,1610,1485,0.05546836683890342
testvideo,1400,1650,1525,0.07632158650715737
testvideo,1440,1690,1565,0.09948867631579787
testvideo,1480,1730,1605,0.1304405823370903
testvideo,1520,1770,1645,0.14596236978201518
testvideo,1560,1810,1685,0.16401756618316335
testvideo,1600,1850,1725,0.15893240955248863
testvideo,1640,1890,1765,0.15864660476519907
testvideo,1680,1930,1805,0.13996248723356752
testvideo,1720,1970,1845,0.13304447277000175
testvideo,1760,2010,1885,0.11830433045236559
testvideo,1800,2050,1925,0.09070431265501312
testvideo,1840,2090,1965,0.06746366617176996
testvideo,1880,2130,2005,0.0390491919134436
testvideo,1920,2170,2045,0.030766502842371566
testvideo,1960,2210,2085,0.019526740431359876
testvideo,2000,2250,2125,0.036617886427794295
testvideo,2040,2290,2165,0.04475287675528926
testvideo,2080,2330,2205,0.06378391912666222
testvideo,2120,2370,2245,0.09764105155673718
testvideo,2160,2410,2285,0.12900201424650867
testvideo,2200,2450,2325,0.14280241119218196
testvideo,2240,2490,2365,0.15962479647782182
testvideo,2280,2530,2405,0.1718238375306689
testvideo,2320,2570,2445,0.1701408366689295
testvideo,2360,2610,2485,0.16170503495592803
testvideo,2400,2650,2525,0.13107628449971057
testvideo,2440,2690,2565,0.10987710949235885
testvideo,2480,2730,2605,0.08478127493166798
testvideo,2520,2770,2645,0.04926959949578722
testvideo,2560,2810,2685,0.02768863943291673
testvideo,2600,2850,2725,0.014625202660424332
testvideo,2640,2890,2765,0.01658613365281031
testvideo,2680,2930,2805,0.030712304571648148
testvideo,2720,2970,2845,0.04812327708309445
testvideo,2760,3010,2885,0.07513308787901062
testvideo,2800,3050,2925,0.11001820766785832
testvideo,2840,3090,2965,0.12862678897765784
testvideo,2880,3130,3005,0.13251336509367428
testvideo,2920,3170,3045,0.14496133841485023
testvideo,2960,3210,3085,0.12380840484829714
testvideo,3000,3250,3125,0.1041560545810911
testvideo,3040,3290,3165,0.09482778404255263
testvideo,3080,3330,3205,0.07359905407523097
testvideo,3120,3370,3245,0.06480776650663851
testvideo,3160,3410,3285,0.046602928060478534
testvideo,3200,3450,3325,0.03512930813380663
testvideo,3240,3490,3365,0.036722791203826974
testvideo,3280,3530,3405,0.05006738164781023
testvideo,3320,3570,3445,0.06047196772688412
testvideo,3360,3610,3485,0.06577164653441851
testvideo,3400,3650,3525,0.06516605678377951
testvideo,3440,3690,3565,0.07080462204236192
testvideo,3480,3730,3605,0.12804828046261538
testvideo,3520,3770,3645,0.13172452327650566
testvideo,3560,3810,3685,0.17562123685141243
testvideo,3600,3850,3725,0.23629711197136452
testvideo,3640,3890,3765,0.29566817708865273
testvideo,3680,3930,3805,0.3111145761050234
testvideo,3720,3970,3845,0.26264034545034015
testvideo,3760,4010,3885,0.2443234464700469
testvideo,3800,4050,3925,0.19094561134817978
testvideo,3840,4090,3965,0.13251399026127486
testvideo,3880,4130,4005,0.09314244366138325
testvideo,3920,4170,4045,0.06362499654405647
testvideo,3960,4210,4085,0.10758398613038694
testvideo,4000,4250,4125,0.1561403052002683
testvideo,4040,4290,4165,0.2029908017996284
testvideo,4080,4330,4205,0.232165085507153
testvideo,4120,4370,4245,0.2455660061555918
testvideo,4160,4410,4285,0.23528449591248707
testvideo,4200,4450,4325,0.16578704425904128
testvideo,4240,4490,4365,0.11783098552722872
testvideo,4280,4530,4405,0.06370748601921432
testvideo,4320,4570,4445,0.04268518215937167
testvideo,4360,4610,4485,0.025246991146245974
testvideo,4400,4650,4525,0.019560310662162475
testvideo,4440,4690,4565,0.01607724903685005
testvideo,4480,4730,4605,0.021546758687899476
testvideo,4520,4770,4645,0.05298975819340842
testvideo,4560,4810,4685,0.07333999116948682
testvideo,4600,4850,4725,0.11100903417275483
testvideo,4640,4890,4765,0.14019854809872842
testvideo,4680,4930,4805,0.1443516688213753
testvideo,4720,4970,4845,0.1393899008540115
testvideo,4760,5010,4885,0.12345347607349898
testvideo,4800,5050,4925,0.1021619212133237
testvideo,4840,5090,4965,0.07369149896192721
testvideo,4880,5130,5005,0.0678091211175862
testvideo,4920,5170,5045,0.059572360040577275
testvideo,4960,5210,5085,0.06264779631705619
testvideo,5000,5250,5125,0.09115423301212484
testvideo,5040,5290,5165,0.12021262066898397
testvideo,5080,5330,5205,0.15434691962537903
testvideo,5120,5370,5245,0.18643757140892997
testvideo,5160,5410,5285,0.2037516748434233
testvideo,5200,5450,5325,0.1987964105381698
testvideo,5240,5490,5365,0.18014921887735583
testvideo,5280,5530,5405,0.1514230781443147
testvideo,5320,5570,5445,0.11339227165634032
testvideo,5360,5610,5485,0.08690128008996247
testvideo,5400,5650,5525,0.06537221779063791
testvideo,5440,5690,5565,0.03391557409404752
testvideo,5480,5730,5605,0.033382995303688136
testvideo,5520,5770,5645,0.03831587527648375
testvideo,5560,5810,5685,0.062024351461519224
testvideo,5600,5850,5725,0.06852563099946953
testvideo,5640,5890,5765,0.09117444779021085
testvideo,5680,5930,5805,0.1273517313073059
testvideo,5720,5970,5845,0.16636457268158086
testvideo,5760,6010,5885,0.25008974650652577
testvideo,5800,6050,5925,0.2964510261355731
testvideo,5840,6090,5965,0.3687144448189694
testvideo,5880,6130,6005,0.3725276255572929
testvideo,5920,6170,6045,0.3874685280670301
testvideo,5960,6210,6085,0.3971364527309685
testvideo,6000,6250,6125,0.35852384269113624
testvideo,6040,6290,6165,0.29091174310971774
testvideo,6080,6330,6205,0.2439696861580751
testvideo,6120,6370,6245,0.18008395453136225
testvideo,6160,6410,6285,0.11247069728761216
testvideo,6200,6450,6325,0.048975742989541486
testvideo,6240,6490,6365,0.029655071335218473
testvideo,6280,6530,6405,0.03281044677552632
testvideo,6320,6570,6445,0.07210769271941479
testvideo,6360,6610,6485,0.1362667939100863
testvideo,6400,6650,6525,0.1607700757411455
testvideo,6440,6690,6565,0.18178803736541255
testvideo,6480,6730,6605,0.21642617967862435
testvideo,6520,6770,6645,0.18129945562936386
testvideo,6560,6810,6685,0.13507089483916104
testvideo,6600,6850,6725,0.08229510385782778
testvideo,6640,6890,6765,0.059697163829406354
testvideo,6680,6930,6805,0.025461981069369297
testvideo,6720,6970,6845,0.019514730014014495
testvideo,6760,7010,6885,0.01766985897170713
testvideo,6800,7050,6925,0.034106582605217206
testvideo,6840,7090,6965,0.05466011571033703
testvideo,6880,7130,7005,0.0915966436763037
testvideo,6920,7170,7045,0.11177258811151908
testvideo,6960,7210,7085,0.12201905778780474
testvideo,7000,7250,7125,0.10340689358911913
testvideo,7040,7290,7165,0.09408954048334124
testvideo,7080,7330,7205,0.07702266339154817
testvideo,7120,7370,7245,0.03391101481436897
testvideo,7160,7410,7285,0.022292161653936136
testvideo,7200,7450,7325,0.0319439788048548
testvideo,7240,7490,7365,0.0441140555424644
testvideo,7280,7530,7405,0.05643860782137998
testvideo,7320,7570,7445,0.09298840163807738
testvideo,7360,7610,7485,0.11389748478250054
testvideo,7400,7650,7525,0.17070223891788378
testvideo,7440,7690,7565,0.2118244400171266
testvideo,7480,7730,7605,0.22544982558456866
testvideo,7520,7770,7645,0.26306076330849626
testvideo,7560,7810,7685,0.26131583924374374
testvideo,7600,7850,7725,0.2294238196143451
testvideo,7640,7890,7765,0.1998200340417833
testvideo,7680,7930,7805,0.14799094452779596
testvideo,7720,7970,7845,0.08756773639410086
testvideo,7760,8010,7885,0.07493610675175393
testvideo,7800,8050,7925,0.05815279724197134
testvideo,7840,8090,7965,0.038704530593106745
testvideo,7880,8130,8005,0.028311860994481054
testvideo,7920,8170,8045,0.030221713528763707
testvideo,7960,8210,8085,0.043842740193256846
testvideo,8000,8250,8125,0.10664305211008444
testvideo,8040,8290,8165,0.2431037206557616
testvideo,8080,8330,8205,0.29134251891535623
testvideo,8120,8370,8245,0.31809192894708177
testvideo,8160,8410,8285,0.39591578988734044
testvideo,8200,8450,8325,0.35619794986894826
testvideo,8240,8490,8365,0.3191063101315846
testvideo,8280,8530,8405,0.2379787403995844
testvideo,8320,8570,8445,0.20188326531129858
testvideo,8360,8610,8485,0.15057386847809048
testvideo,8400,8650,8525,0.12197666486145764
testvideo,8440,8690,8565,0.06672392381106798
testvideo,8480,8730,8605,0.05372310940442134
testvideo,8520,8770,8645,0.09302704637992762
testvideo,8560,8810,8685,0.2406032977970527
testvideo,8600,8850,8725,0.24005707501593795
testvideo,8640,8890,8765,0.23318461440098845
testvideo,8680,8930,8805,0.24695216201769715
testvideo,8720,8970,8845,0.22921540749562613
testvideo,8760,9010,8885,0.09244936520759132
testvideo,8800,9050,8925,0.11133083257777739
testvideo,8840,9090,8965,0.1969689811425285
testvideo,8880,9130,9005,0.2187808250031363
testvideo,8920,9170,9045,0.18089329874330382
testvideo,8960,9210,9085,0.18135544335482093
testvideo,9000,9250,9125,0.19072961458085747
testvideo,9040,9290,9165,0.1241517816272976
testvideo,9080,9330,9205,0.106146203222128
testvideo,9120,9370,9245,0.10076336961351362
testvideo,9160,9410,9285,0.12604640780545434
testvideo,9200,9450,9325,0.15712851130739833
testvideo,9240,9490,9365,0.16604166228051975
testvideo,9280,9530,9405,0.1554542093719078
testvideo,9320,9570,9445,0.15438006810504762
testvideo,9360,9610,9485,0.1432316539221104
testvideo,9400,9650,9525,0.11028669789244916
testvideo,9440,9690,9565,0.08665962280231088
testvideo,9480,9730,9605,0.06698209704732623
testvideo,9520,9770,9645,0.05661545812476354
testvideo,9560,9810,9685,0.042442882874332455
testvideo,9600,9850,9725,0.03329712224191509
testvideo,9640,9890,9765,0.026110180093602473
testvideo,9680,9930,9805,0.03911211329787634
testvideo,9720,9970,9845,0.11886745588494661
testvideo,9760,10010,9885,0.1622712465453877
testvideo,9800,10050,9925,0.2617561000486935
testvideo,9840,10090,9965,0.3208947409938296
testvideo,9880,10130,10005,0.3594244219042151
testvideo,9920,10170,10045,0.37455820588263294
testvideo,9960,10210,10085,0.36871008039756975
testvideo,10000,10250,10125,0.32740714998641346
testvideo,10040,10290,10165,0.30486175956851397
testvideo,10080,10330,10205,0.26251911677947504
testvideo,10120,10370,10245,0.16861362720206657
testvideo,10160,10410,10285,0.12842037979140342
testvideo,10200,10450,10325,0.08684124458694567
testvideo,10240,10490,10365,0.03534152997060864
testvideo,10280,10530,10405,0.02288512762836797
testvideo,10320,10570,10445,0.02804423230893749
testvideo,10360,10610,10485,0.028654798560011054
testvideo,10400,10650,10525,0.02816504234318255
testvideo,10440,10690,10565,0.029496599212953816
testvideo,10480,10730,10605,0.02372073664993866
testvideo,10520,10770,10645,0.022420921751680617
testvideo,10560,10810,10685,0.03621082333008944
testvideo,10600,10850,10725,0.04962906260066292
testvideo,10640,10890,10765,0.0680864978107842
testvideo,10680,10930,10805,0.06763220434408838
testvideo,10720,10970,10845,0.05678738092932307
testvideo,10760,11010,10885,0.05210771852076444
testvideo,10800,11050,10925,0.05386917788066987
testvideo,10840,11090,10965,0.04739921261612327
testvideo,10880,11130,11005,0.08353471535268196
testvideo,10920,11170,11045,0.10982488477910683
testvideo,10960,11210,11085,0.14116689652554187
testvideo,11000,11250,11125,0.15954833953662861
testvideo,11040,11290,11165,0.16419344905299135
testvideo,11080,11330,11205,0.1364768221061793
testvideo,11120,11370,11245,0.11545573076531729
testvideo,11160,11410,11285,0.07131356682713494
testvideo,11200,11450,11325,0.057216504083689
testvideo,11240,11490,11365,0.0322271933951211
testvideo,11280,11530,11405,0.025242704634745265
testvideo,11320,11570,11445,0.03657355763679896
testvideo,11360,11610,11485,0.07957364551949285
testvideo,11400,11650,11525,0.1141506390636698
testvideo,11440,11690,11565,0.1393043082990053
testvideo,11480,11730,11605,0.19230656134418758
testvideo,11520,11770,11645,0.20200864643655625
testvideo,11560,11810,11685,0.21341560908849136
testvideo,11600,11850,11725,0.21372317918276082
testvideo,11640,11890,11765,0.18601727001022633
testvideo,11680,11930,11805,0.15574827595324117
testvideo,11720,11970,11845,0.13394284201123421
testvideo,11760,12010,11885,0.10981612315418916
testvideo,11800,12050,11925,0.08043429199250336
testvideo,11840,12090,11965,0.04791173252316586
testvideo,11880,12130,12005,0.03800852525910184
testvideo,11920,12170,12045,0.03343447030262735
testvideo,11960,12210,12085,0.020005712458479222
testvideo,12000,12250,12125,0.011276516933187477
testvideo,12040,12290,12165,0.01105524388075721
testvideo,12080,12330,12205,0.009926899354933858
testvideo,12120,12370,12245,0.010586971619840834
testvideo,12160,12410,12285,0.013226231799740524
testvideo,12200,12450,12325,0.01662423247982645
testvideo,12240,12490,12365,0.02328109085578434
testvideo,12280,12530,12405,0.04533753761545683
testvideo,12320,12570,12445,0.08001402292393416
testvideo,12360,12610,12485,0.11416106692002202
testvideo,12400,12650,12525,0.16226485982833355
testvideo,12440,12690,12565,0.20626965945400563
testvideo,12480,12730,12605,0.2780991374031588
testvideo,12520,12770,12645,0.37483975631342
testvideo,12560,12810,12685,0.3954326358760815
testvideo,12600,12850,12725,0.4107000294041791
testvideo,12640,12890,12765,0.3721832673571022
testvideo,12680,12930,12805,0.3267340180735348
testvideo,12720,12970,12845,0.18381344922760576
testvideo,12760,13010,12885,0.12933187616572514
testvideo,12800,13050,12925,0.08503511502868326
testvideo,12840,13090,12965,0.046797291401553746
testvideo,12880,13130,13005,0.04221258965322903
testvideo,12920,13170,13045,0.07407324560560462
testvideo,12960,13210,13085,0.1263502306817398
testvideo,13000,13250,13125,0.19075088721114994
testvideo,13040,13290,13165,0.28775678774288516
testvideo,13080,13330,13205,0.2819368008665523
testvideo,13120,13370,13245,0.274888180200253
testvideo,13160,13410,13285,0.22840734703725854
testvideo,13200,13450,13325,0.2772494470780133
testvideo,13240,13490,13365,0.18334417691522972
testvideo,13280,13530,13405,0.1750710393406789
testvideo,13320,13570,13445,0.1789545627308515
testvideo,13360,13610,13485,0.1997467936809796
testvideo,13400,13650,13525,0.08103982983919594
testvideo,13440,13690,13565,0.044820981861138365
testvideo,13480,13730,13605,0.05559394023666261
testvideo,13520,13770,13645,0.05795882359222613
testvideo,13560,13810,13685,0.07974402017437283
testvideo,13600,13850,13725,0.1111252190044117
testvideo,13640,13890,13765,0.12457123423298615
testvideo,13680,13930,13805,0.13656843332468446
testvideo,13720,13970,13845,0.12562244688731009
testvideo,13760,14010,13885,0.11756386292925726
testvideo,13800,14050,13925,0.08801370976125504
testvideo,13840,14090,13965,0.06095167296241747
testvideo,13880,14130,14005,0.03672476108021475
testvideo,13920,14170,14045,0.029074486909656683
testvideo,13960,14210,14085,0.041381628110603974
testvideo,14000,14250,14125,0.07079677278076855
testvideo,14040,14290,14165,0.09600921878151425
testvideo,14080,14330,14205,0.10327440236717049
testvideo,14120,14370,14245,0.10127761110753628
testvideo,14160,14410,14285,0.09465949632770274
testvideo,14200,14450,14325,0.06670382347000019
testvideo,14240,14490,14365,0.054241402652134015
testvideo,14280,14530,14405,0.07438531725051455
testvideo,14320,14570,14445,0.13420506316542938
testvideo,14360,14610,14485,0.164627622441016
testvideo,14400,14650,14525,0.2566206249605283
testvideo,14440,14690,14565,0.31244497647894176
testvideo,14480,14730,14605,0.307470002981602
testvideo,14520,14770,14645,0.3084714002319033
testvideo,14560,14810,14685,0.2461360781809257
testvideo,14600,14850,14725,0.18733108629287643
testvideo,14640,14890,14765,0.12714491988346396
testvideo,14680,14930,14805,0.09929519067808046
testvideo,14720,14970,14845,0.07616106287797073
testvideo,14760,15010,14885,0.07212971524398484
testvideo,14800,15050,14925,0.08663542309918078
testvideo,14840,15090,14965,0.1007498492623599
testvideo,14880,15130,15005,0.12388536745202698
testvideo,14920,15170,15045,0.19794027727165184
testvideo,14960,15210,15085,0.2418811234857318
testvideo,15000,15250,15125,0.28195014374553157
testvideo,15040,15290,15165,0.2867677867944011
testvideo,15080,15330,15205,0.2610894191146122
testvideo,15120,15370,15245,0.1864418031148717
testvideo,15160,15410,15285,0.1378814521204287
testvideo,15200,15450,15325,0.09139484604522008
testvideo,15240,15490,15365,0.03953628631568413
testvideo,15280,15530,15405,0.03258986037451004
testvideo,15320,15570,15445,0.03368982845000408
testvideo,15360,15610,15485,0.0318392985092883
testvideo,15400,15650,15525,0.03025142304571741
testvideo,15440,15690,15565,0.04124530875337567
testvideo,15480,15730,15605,0.05932277980720552
testvideo,15520,15770,15645,0.07228391543313684
testvideo,15560,15810,15685,0.09088580633530893
testvideo,15600,15850,15725,0.09958698373484486
testvideo,15640,15890,15765,0.0994761516239161
testvideo,15680,15930,15805,0.07610726995144564
testvideo,15720,15970,15845,0.05838828386618967
testvideo,15760,16010,15885,0.0428832335718851
testvideo,15800,16050,15925,0.040378785232785784
testvideo,15840,16090,15965,0.03666214441552099
testvideo,15880,16130,16005,0.058816231474830706
testvideo,15920,16170,16045,0.08790853141012571
testvideo,15960,16210,16085,0.1248441300119156
testvideo,16000,16250,16125,0.13721263708313514
testvideo,16040,16290,16165,0.13092310002091007
testvideo,16080,16330,16205,0.11092888278807074
testvideo,16120,16370,16245,0.08475637421182679
testvideo,16160,16410,16285,0.07797528712203634
testvideo,16200,16450,16325,0.07453444391187512
testvideo,16240,16490,16365,0.08501306174069392
testvideo,16280,16530,16405,0.1572296741103895
testvideo,16320,16570,16445,0.2075462295274564
testvideo,16360,16610,16485,0.2616834992635237
testvideo,16400,16650,16525,0.26588843763083403
testvideo,16440,16690,16565,0.2665942460232645
testvideo,16480,16730,16605,0.23068104052261929
testvideo,16520,16770,16645,0.1775838993348077
testvideo,16560,16810,16685,0.11484648189094353
testvideo,16600,16850,16725,0.06689011523783531
testvideo,16640,16890,16765,0.07160048495432139
testvideo,16680,16930,16805,0.09234866491090592
testvideo,16720,16970,16845,0.12477860372255678
testvideo,16760,17010,16885,0.15193350641255507
testvideo,16800,17050,16925,0.20340653439849196
testvideo,16840,17090,16965,0.22831419212076512
testvideo,16880,17130,17005,0.23862337877522363
testvideo,16920,17170,17045,0.24172778110363438
testvideo,16960,17210,17085,0.23586074063163887
testvideo,17000,17250,17125,0.19232618039740745
testvideo,17040,17290,17165,0.14963619798459196
testvideo,17080,17330,17205,0.10160523877239958
testvideo,17120,17370,17245,0.06809658323114899
testvideo,17160,17410,17285,0.04352585901168246
testvideo,17200,17450,17325,0.02985727440107299
testvideo,17240,17490,17365,0.01452324396370075
testvideo,17280,17530,17405,0.013178642905207953
testvideo,17320,17570,17445,0.020324387488511314
testvideo,17360,17610,17485,0.042157751752538074
testvideo,17400,17650,17525,0.0739274622579534
testvideo,17440,17690,17565,0.08735126640227785
testvideo,17480,17730,17605,0.10614576375961852
testvideo,17520,17770,17645,0.14903658036139247
testvideo,17560,17810,17685,0.1563794581755205
testvideo,17600,17850,17725,0.14934126931171465
testvideo,17640,17890,17765,0.11911265086429386
testvideo,17680,17930,17805,0.12267898190326586
testvideo,17720,17970,17845,0.0933571598746284
testvideo,17760,18010,17885,0.08000514541445007
testvideo,17800,18050,17925,0.08053015895165788
testvideo,17840,18090,17965,0.08568703969680055
testvideo,17880,18130,18005,0.09254161229296695
testvideo,17920,18170,18045,0.10779687718794802
testvideo,17960,18210,18085,0.0964763380149777
testvideo,18000,18250,18125,0.08916744963690809
testvideo,18040,18290,18165,0.17976621053125927
testvideo,18080,18330,18205,0.1828478262381039
testvideo,18120,18370,18245,0.16676169897420823
testvideo,18160,18410,18285,0.20406615542776677
testvideo,18200,18450,18325,0.21703299065600565
testvideo,18240,18490,18365,0.1580675647001906
testvideo,18280,18530,18405,0.09937097809878226
testvideo,18320,18570,18445,0.07378110031218053
testvideo,18360,18610,18485,0.046472233339577416
testvideo,18400,18650,18525,0.035950572430397565
testvideo,18440,18690,18565,0.027259096427181613
testvideo,18480,18730,18605,0.023799047358256418
testvideo,18520,18770,18645,0.028249378948074878
testvideo,18560,18810,18685,0.04443568744853902
testvideo,18600,18850,18725,0.06339190505462067
testvideo,18640,18890,18765,0.09254121840356096
testvideo,18680,18930,18805,0.11631088825056868
testvideo,18720,18970,18845,0.11797718047647619
testvideo,18760,19010,18885,0.1162167290599088
testvideo,18800,19050,18925,0.09271829571125512
testvideo,18840,19090,18965,0.06589699725546536
testvideo,18880,19130,19005,0.09408489367010849
testvideo,18920,19170,19045,0.15257765229646353
testvideo,18960,19210,19085,0.2353694629613311
testvideo,19000,19250,19125,0.29986096596894213
testvideo,19040,19290,19165,0.3607728818790686
testvideo,19080,19330,19205,0.35976266761370707
testvideo,19120,19370,19245,0.3458887645348296
testvideo,19160,19410,19285,0.2571705314791813
testvideo,19200,19450,19325,0.192637705218468
testvideo,19240,19490,19365,0.13159256124763588
testvideo,19280,19530,19405,0.11025901936718441
testvideo,19320,19570,19445,0.08647845849898184
testvideo,19360,19610,19485,0.07078755405765523
testvideo,19400,19650,19525,0.08348279534387772
testvideo,19440,19690,19565,0.08206694528016058
testvideo,19480,19730,19605,0.07549439285912574
testvideo,19520,19770,19645,0.052029944497755456
testvideo,19560,19810,19685,0.04763477363066711
testvideo,19600,19850,19725,0.061179969938433804
testvideo,19640,19890,19765,0.07584403114178169
testvideo,19680,19930,19805,0.09702626416767472
testvideo,19720,19970,19845,0.12869553741048517
testvideo,19760,20010,19885,0.14285927577727237
testvideo,19800,20050,19925,0.1490739087927917
testvideo,19840,20090,19965,0.1585514618219703
testvideo,19880,20130,20005,0.1621849961368731
testvideo,19920,20170,20045,0.13784426110845882
testvideo,19960,20210,20085,0.1095604027295547
testvideo,20000,20250,20125,0.08712719303343071
testvideo,20040,20290,20165,0.06499287360552049
testvideo,20080,20330,20205,0.035953178002431634
testvideo,20120,20370,20245,0.045337073287963846
testvideo,20160,20410,20285,0.050095866222207845
testvideo,20200,20450,20325,0.06497969027973792
testvideo,20240,20490,20365,0.08869000451073496
testvideo,20280,20530,20405,0.0996954543457874
testvideo,20320,20570,20445,0.0807320782808529
testvideo,20360,20610,20485,0.08340584861704223
testvideo,20400,20650,20525,0.06932946114964289
testvideo,20440,20690,20565,0.04400905610828695
testvideo,20480,20730,20605,0.031130298458772982
testvideo,20520,20770,20645,0.019144971681131474
testvideo,20560,20810,20685,0.013567170297063131
testvideo,20600,20850,20725,0.008192991086873241
testvideo,20640,20890,20765,0.02263202836476701
testvideo,20680,20930,20805,0.052912541034162375
testvideo,20720,20970,20845,0.0959386045823487
testvideo,20760,21010,20885,0.16723336101766192
testvideo,20800,21050,20925,0.21279121333213466
testvideo,20840,21090,20965,0.2866313276885793
testvideo,20880,21130,21005,0.33680240360864583
testvideo,20920,21170,21045,0.3806689453612548
testvideo,20960,21210,21085,0.39204053911853537
testvideo,21000,21250,21125,0.42295470674347335
testvideo,21040,21290,21165,0.41703420476577424
testvideo,21080,21330,21205,0.3552222256767943
testvideo,21120,21370,21245,0.2733694420173557
testvideo,21160,21410,21285,0.18847387448024985
testvideo,21200,21450,21325,0.14195917119478532
testvideo,21240,21490,21365,0.09418995685933582
testvideo,21280,21530,21405,0.07826333423542187
testvideo,21320,21570,21445,0.12926846201128955
testvideo,21360,21610,21485,0.21657859674488722
testvideo,21400,21650,21525,0.3141163814198591
testvideo,21440,21690,21565,0.31064915041701885
testvideo,21480,21730,21605,0.371468464549148
testvideo,21520,21770,21645,0.32453085302951734
testvideo,21560,21810,21685,0.2755594375983771
testvideo,21600,21850,21725,0.23533666050839103
testvideo,21640,21890,21765,0.16840239437370716
testvideo,21680,21930,21805,0.1382424333194055
testvideo,21720,21970,21845,0.13197922781589477
testvideo,21760,22010,21885,0.11082997627697767
testvideo,21800,22050,21925,0.0838328592249359
testvideo,21840,22090,21965,0.08500334939471861
testvideo,21880,22130,22005,0.06922096569323281
testvideo,21920,22170,22045,0.08695517005876285
testvideo,21960,22210,22085,0.09242745485534803
testvideo,22000,22250,22125,0.11437196038551423
testvideo,22040,22290,22165,0.12513887971249804
testvideo,22080,22330,22205,0.12875071515786443
testvideo,22120,22370,22245,0.13352391162716007
testvideo,22160,22410,22285,0.12013600325632534
testvideo,22200,22450,22325,0.08335077125497561
testvideo,22240,22490,22365,0.06824666299287674
testvideo,22280,22530,22405,0.04426000498625911
testvideo,22320,22570,22445,0.028040047460952806
testvideo,22360,22610,22485,0.03653244123447625
testvideo,22400,22650,22525,0.05865718343107886
testvideo,22440,22690,22565,0.08008548974841322
testvideo,22480,22730,22605,0.11208326943250187
testvideo,22520,22770,22645,0.15673667975772745
testvideo,22560,22810,22685,0.16546065304531465
testvideo,22600,22850,22725,0.12965473210232523
testvideo,22640,22890,22765,0.10933049636388578
testvideo,22680,22930,22805,0.0898835585181973
testvideo,22720,22970,22845,0.030920778304918534
testvideo,22760,23010,22885,0.01369271097519397
testvideo,22800,23050,22925,0.036430304641033334
testvideo,22840,23090,22965,0.12939709810372008
testvideo,22880,23130,23005,0.19936217348166235
testvideo,22920,23170,23045,0.2930203255612672
testvideo,22960,23210,23085,0.36579581546928813
testvideo,23000,23250,23125,0.40022193619095897
testvideo,23040,23290,23165,0.3919882519462323
testvideo,23080,23330,23205,0.37137140288952475
testvideo,23120,23370,23245,0.29632677591489376
testvideo,23160,23410,23285,0.24770842706616816
testvideo,23200,23450,23325,0.213103687690546
testvideo,23240,23490,23365,0.14297245359574592
testvideo,23280,23530,23405,0.13289830563713004
testvideo,23320,23570,23445,0.09980134364772043
testvideo,23360,23610,23485,0.11138829783942701
testvideo,23400,23650,23525,0.13343620740642947
testvideo,23440,23690,23565,0.249231318543118
testvideo,23480,23730,23605,0.28985786730396484
testvideo,23520,23770,23645,0.29111270393206085
testvideo,23560,23810,23685,0.44902543107643345
testvideo,23600,23850,23725,0.422508090976715
testvideo,23640,23890,23765,0.35734527631202434
testvideo,23680,23930,23805,0.2257547797177067
testvideo,23720,23970,23845,0.18136209880310555
testvideo,23760,24010,23885,0.04265980337741924
testvideo,23800,24050,23925,0.03628972567370633
testvideo,23840,24090,23965,0.03417557681372983
testvideo,23880,24130,24005,0.04923932253832984
testvideo,23920,24170,24045,0.10971727467543406
testvideo,23960,24210,24085,0.13941171351381032
testvideo,24000,24250,24125,0.1675216953438167
testvideo,24040,24290,24165,0.19522942373297966
testvideo,24080,24330,24205,0.1489307367131811
testvideo,24120,24370,24245,0.14811887590943235
testvideo,24160,24410,24285,0.08872135879419657
testvideo,24200,24450,24325,0.05589694895101401
testvideo,24240,24490,24365,0.029875915962271262
testvideo,24280,24530,24405,0.03036048798023123
testvideo,24320,24570,24445,0.035909141218435456
testvideo,24360,24610,24485,0.041645314269651214
testvideo,24400,24650,24525,0.053201051015469326
testvideo,24440,24690,24565,0.08321553011261985
testvideo,24480,24730,24605,0.10215022092312294
testvideo,24520,24770,24645,0.09993140021717269
testvideo,24560,24810,24685,0.10026169981128617
testvideo,24600,24850,24725,0.10023085811066029
testvideo,24640,24890,24765,0.07713450915080589
testvideo,24680,24930,24805,0.06441745011514753
testvideo,24720,24970,24845,0.08777606241604184
testvideo,24760,25010,24885,0.10523041957834087
testvideo,24800,25050,24925,0.11206303893631912
testvideo,24840,25090,24965,0.10202469588365513
testvideo,24880,25130,25005,0.09153529856301944
testvideo,24920,25170,25045,0.05541096627995068
testvideo,24960,25210,25085,0.05281745853997096
testvideo,25000,25250,25125,0.06492158483726002
testvideo,25040,25290,25165,0.10958883209852806
testvideo,25080,25330,25205,0.16248026013084868
testvideo,25120,25370,25245,0.23446933761757785
testvideo,25160,25410,25285,0.28005938920423884
testvideo,25200,25450,25325,0.31864928237959067
testvideo,25240,25490,25365,0.291689753352589
testvideo,25280,25530,25405,0.2620316416282677
testvideo,25320,25570,25445,0.19647813821056845
testvideo,25360,25610,25485,0.1472019906895879
testvideo,25400,25650,25525,0.10763327793059382
testvideo,25440,25690,25565,0.06006831731271617
testvideo,25480,25730,25605,0.03855922081376345
testvideo,25520,25770,25645,0.028371534793199447
testvideo,25560,25810,25685,0.028580243139227073
testvideo,25600,25850,25725,0.0302166752188291
testvideo,25640,25890,25765,0.04241573418747611
testvideo,25680,25930,25805,0.066007329578282
testvideo,25720,25970,25845,0.1049783518479912
testvideo,25760,26010,25885,0.14948674430365524
testvideo,25800,26050,25925,0.16941167330669013
testvideo,25840,26090,25965,0.18334820769467972
testvideo,25880,26130,26005,0.15705594186441713
testvideo,25920,26170,26045,0.116124352674278
testvideo,25960,26210,26085,0.06501420039390603
testvideo,26000,26250,26125,0.04361951495303042
testvideo,26040,26290,26165,0.012811589236000788
testvideo,26080,26330,26205,0.03122545274211604
testvideo,26120,26370,26245,0.05409108540605582
testvideo,26160,26410,26285,0.1038030465375057
testvideo,26200,26450,26325,0.12350761030708184
testvideo,26240,26490,26365,0.15654501957427355
testvideo,26280,26530,26405,0.14291010995154285
testvideo,26320,26570,26445,0.12338828874151392
testvideo,26360,26610,26485,0.08048841353535927
testvideo,26400,26650,26525,0.04977268023307389
testvideo,26440,26690,26565,0.02875257903117769
testvideo,26480,26730,26605,0.013603748166854028
testvideo,26520,26770,26645,0.017758528371001687
testvideo,26560,26810,26685,0.0782313360120599
testvideo,26600,26850,26725,0.12231560825248614
testvideo,26640,26890,26765,0.16032496190496523
testvideo,26680,26930,26805,0.269910232835543
testvideo,26720,26970,26845,0.3568048570825934
testvideo,26760,27010,26885,0.427678043084386
testvideo,26800,27050,26925,0.4247756545769129
testvideo,26840,27090,26965,0.43617180064901734
testvideo,26880,27130,27005,0.4259297791258891
testvideo,26920,27170,27045,0.4084888185604063
testvideo,26960,27210,27085,0.34177236311634834
testvideo,27000,27250,27125,0.25070825009173403
testvideo,27040,27290,27165,0.20956517207828654
testvideo,27080,27330,27205,0.1425156386591556
testvideo,27120,27370,27245,0.1203842524665789
testvideo,27160,27410,27285,0.12324683068608482
testvideo,27200,27450,27325,0.17521705713653662
testvideo,27240,27490,27365,0.20777867253585378
testvideo,27280,27530,27405,0.24146784096246524
testvideo,27320,27570,27445,0.2971361718096664
testvideo,27360,27610,27485,0.33019828045230404
testvideo,27400,27650,27525,0.3425853510253357
testvideo,27440,27690,27565,0.36703265026973936
testvideo,27480,27730,27605,0.33714981515803116
testvideo,27520,27770,27645,0.2951577754294495
testvideo,27560,27810,27685,0.23333022644830828
testvideo,27600,27850,27725,0.12099465974102248
testvideo,27640,27890,27765,0.1207168012759424
testvideo,27680,27930,27805,0.061603105811192126
testvideo,27720,27970,27845,0.034483560019905
testvideo,27760,28010,27885,0.03605276105889568
testvideo,27800,28050,27925,0.059170758733170854
testvideo,27840,28090,27965,0.08615713970442551
testvideo,27880,28130,28005,0.11207464536939415
testvideo,27920,28170,28045,0.15857092352003563
testvideo,27960,28210,28085,0.1752732817801035
testvideo,28000,28250,28125,0.1888208534746777
testvideo,28040,28290,28165,0.18051063001313125
testvideo,28080,28330,28205,0.16759980326548535
testvideo,28120,28370,28245,0.1276841717746378
testvideo,28160,28410,28285,0.10504132861420927
testvideo,28200,28450,28325,0.06861737691281537
testvideo,28240,28490,28365,0.08213789576134967
testvideo,28280,28530,28405,0.1181438091308068
testvideo,28320,28570,28445,0.1766636168065561
testvideo,28360,28610,28485,0.2595915847988046
testvideo,28400,28650,28525,0.30746239016061144
testvideo,28440,28690,28565,0.351984028392289
testvideo,28480,28730,28605,0.35461051523310644
testvideo,28520,28770,28645,0.33401903515739295
testvideo,28560,28810,28685,0.26254903820800024
testvideo,28600,28850,28725,0.22990230496106767
testvideo,28640,28890,28765,0.15202934138436117
testvideo,28680,28930,28805,0.12436686869325989
testvideo,28720,28970,28845,0.08034648191927204
testvideo,28760,29010,28885,0.05520946379236388
testvideo,28800,29050,28925,0.04226040116989873
testvideo,28840,29090,28965,0.04306143865390058
testvideo,28880,29130,29005,0.05533599770102687
testvideo,28920,29170,29045,0.07578393389178274
testvideo,28960,29210,29085,0.13184139848386825
testvideo,29000,29250,29125,0.15931223465563596
testvideo,29040,29290,29165,0.19556865282287625
testvideo,29080,29330,29205,0.21574981539013477
testvideo,29120,29370,29245,0.22459675682547633
testvideo,29160,29410,29285,0.19710458124551855
testvideo,29200,29450,29325,0.18099510005351302
testvideo,29240,29490,29365,0.16242151645034206
testvideo,29280,29530,29405,0.12544598531063214
testvideo,29320,29570,29445,0.10179428905732947
testvideo,29360,29610,29485,0.07618078853181656
testvideo,29400,29650,29525,0.05833290734183443
testvideo,29440,29690,29565,0.03899057174300249
testvideo,29480,29730,29605,0.03267697590810029
testvideo,29520,29770,29645,0.04858826902918179
testvideo,29560,29810,29685,0.07293486567237688
testvideo,29600,29850,29725,0.11542341725064846
testvideo,29640,29890,29765,0.14184503110169952
testvideo,29680,29930,29805,0.19277591239795702
testvideo,29720,29970,29845,0.21643897406912943
testvideo,29760,30010,29885,0.21143139388949841
testvideo,29800,30050,29925,0.18821953615236275
testvideo,29840,30090,29965,0.17826887192085097
testvideo,29880,30130,30005,0.12800848423537423
testvideo,29920,30170,30045,0.08584994111725007
testvideo,29960,30210,30085,0.06740875339676064
testvideo,30000,30250,30125,0.04697380637525319
testvideo,30040,30290,30165,0.03156896708291859
testvideo,30080,30330,30205,0.026411593629719274
testvideo,30120,30370,30245,0.06171856072467387
testvideo,30160,30410,30285,0.10148492657959964
testvideo,30200,30450,30325,0.13957865393461302
testvideo,30240,30490,30365,0.15852890655224494
testvideo,30280,30530,30405,0.19195283951876652
testvideo,30320,30570,30445,0.2231403353096209
testvideo,30360,30610,30485,0.2049054940780449
testvideo,30400,30650,30525,0.18255022648174887
testvideo,30440,30690,30565,0.15279728767904008
testvideo,30480,30730,30605,0.13437022725473968
testvideo,30520,30770,30645,0.09443399829557841
testvideo,30560,30810,30685,0.0679231344315855
testvideo,30600,30850,30725,0.052767178555690665
testvideo,30640,30890,30765,0.04077999677938617
testvideo,30680,30930,30805,0.026082832493244848
testvideo,30720,30970,30845,0.017495762876740654
testvideo,30760,31010,30885,0.05202069396515346
testvideo,30800,31050,30925,0.08727341870847757
testvideo,30840,31090,30965,0.1278864310698346
testvideo,30880,31130,31005,0.14110417475294143
testvideo,30920,31170,31045,0.1681272426055023
testvideo,30960,31210,31085,0.15009783380689065
testvideo,31000,31250,31125,0.1324140313271153
testvideo,31040,31290,31165,0.08505175347997986
testvideo,31080,31330,31205,0.07102495432557471
testvideo,31120,31370,31245,0.04189033326609424
testvideo,31160,31410,31285,0.02532861199997507
testvideo,31200,31450,31325,0.01629294476280655
testvideo,31240,31490,31365,0.012284522559692812
testvideo,31280,31530,31405,0.03030776443062026
testvideo,31320,31570,31445,0.05308764232381885
testvideo,31360,31610,31485,0.09955058388529768
testvideo,31400,31650,31525,0.11961324103801123
testvideo,31440,31690,31565,0.1338538354419953
testvideo,31480,31730,31605,0.14403548138287853
testvideo,31520,31770,31645,0.145110443006794
testvideo,31560,31810,31685,0.11961378195926556
testvideo,31600,31850,31725,0.08620217265106893
testvideo,31640,31890,31765,0.06528826664647516
testvideo,31680,31930,31805,0.046236326924281146
testvideo,31720,31970,31845,0.024329343223073823
testvideo,31760,32010,31885,0.015781216980851862
testvideo,31800,32050,31925,0.04183896367747853
testvideo,31840,32090,31965,0.06808573093499852
testvideo,31880,32130,32005,0.10988895465882541
testvideo,31920,32170,32045,0.13432194986490917
testvideo,31960,32210,32085,0.1559539213638165
testvideo,32000,32250,32125,0.14760810371788752
testvideo,32040,32290,32165,0.1290575395368632
testvideo,32080,32330,32205,0.0971224741632807
testvideo,32120,32370,32245,0.07906692089855018
testvideo,32160,32410,32285,0.05360663389208292
testvideo,32200,32450,32325,0.03919249977273604
testvideo,32240,32490,32365,0.028110510616006095
testvideo,32280,32530,32405,0.023082728404905103
testvideo,32320,32570,32445,0.017305107959638192
testvideo,32360,32610,32485,0.03109523948872225
testvideo,32400,32650,32525,0.07574304339192017
testvideo,32440,32690,32565,0.10153000877469756
testvideo,32480,32730,32605,0.12779509457055752
testvideo,32520,32770,32645,0.1705145246504002
testvideo,32560,32810,32685,0.17917817756041585
testvideo,32600,32850,32725,0.1605859542641251
testvideo,32640,32890,32765,0.13672111622472455
testvideo,32680,32930,32805,0.11398341482661133
testvideo,32720,32970,32845,0.06954005275701412
testvideo,32760,33010,32885,0.047986318580327
testvideo,32800,33050,32925,0.02826185215587672
testvideo,32840,33090,32965,0.01711533760862944
testvideo,32880,33130,33005,0.017167287970340707
testvideo,32920,33170,33045,0.020500828529778827
testvideo,32960,33210,33085,0.028417089574402744
testvideo,33000,33250,33125,0.029622112319755714
testvideo,33040,33290,33165,0.030450133859551257
testvideo,33080,33330,33205,0.03019332144810964
testvideo,33120,33370,33245,0.02090950860503626
testvideo,33160,33410,33285,0.015814646595211954
testvideo,33200,33450,33325,0.021353529416013862
testvideo,33240,33490,33365,0.06645761049666828
testvideo,33280,33530,33405,0.09280607235941227
testvideo,33320,33570,33445,0.15643025420727535
testvideo,33360,33610,33485,0.17579428181607046
testvideo,33400,33650,33525,0.19875625418567067
testvideo,33440,33690,33565,0.18848954598077192
testvideo,33480,33730,33605,0.19373719268987433
testvideo,33520,33770,33645,0.16710922360451255
testvideo,33560,33810,33685,0.14080046908946312
testvideo,33600,33850,33725,0.17352254683970061
testvideo,33640,33890,33765,0.16578809690093227
testvideo,33680,33930,33805,0.1494007500794175
testvideo,33720,33970,33845,0.12461322412720512
testvideo,33760,34010,33885,0.1439977792381649
testvideo,33800,34050,33925,0.10345931803851398
testvideo,33840,34090,33965,0.07277929821962352
testvideo,33880,34130,34005,0.0835636994804312
testvideo,33920,34170,34045,0.0808124404237417
testvideo,33960,34210,34085,0.07530519058192274
testvideo,34000,34250,34125,0.054847571579582456
testvideo,34040,34290,34165,0.07624319029584779
testvideo,34080,34330,34205,0.14817148243797668
testvideo,34120,34370,34245,0.17418743814575216
testvideo,34160,34410,34285,0.2558884714972549
testvideo,34200,34450,34325,0.3142670124017149
testvideo,34240,34490,34365,0.35198108100345343
testvideo,34280,34530,34405,0.3205197757819293
testvideo,34320,34570,34445,0.25980866376490763
testvideo,34360,34610,34485,0.22208020095346342
testvideo,34400,34650,34525,0.14236328481807556
testvideo,34440,34690,34565,0.09899467606155062
testvideo,34480,34730,34605,0.0677066842338253
testvideo,34520,34770,34645,0.04581000987908325
testvideo,34560,34810,34685,0.046956601307757896
testvideo,34600,34850,34725,0.05083952936011988
testvideo,34640,34890,34765,0.06415959042173702
testvideo,34680,34930,34805,0.11214326532804823
testvideo,34720,34970,34845,0.13057142795077226
testvideo,34760,35010,34885,0.1510626192279943
testvideo,34800,35050,34925,0.17837502734289964
testvideo,34840,35090,34965,0.15576302593623811
testvideo,34880,35130,35005,0.14396197580085765
testvideo,34920,35170,35045,0.08923164091950894
testvideo,34960,35210,35085,0.07395862974171216
testvideo,35000,35250,35125,0.03709382861989629
testvideo,35040,35290,35165,0.05616255829737324
testvideo,35080,35330,35205,0.07456161900065576
testvideo,35120,35370,35245,0.15478678712701727
testvideo,35160,35410,35285,0.20408940555350785
testvideo,35200,35450,35325,0.2752834148638092
testvideo,35240,35490,35365,0.2913498537844454
testvideo,35280,35530,35405,0.30326996784343047
testvideo,35320,35570,35445,0.24380255899825923
testvideo,35360,35610,35485,0.21655944072762062
testvideo,35400,35650,35525,0.17132971549363196
testvideo,35440,35690,35565,0.1329831268878657
testvideo,35480,35730,35605,0.08622825781464255
testvideo,35520,35770,35645,0.06799882571162912
testvideo,35560,35810,35685,0.058995712020367096
testvideo,35600,35850,35725,0.04478173696772986
testvideo,35640,35890,35765,0.029179830788800126
testvideo,35680,35930,35805,0.04129045394515885
testvideo,35720,35970,35845,0.09113409779860078
testvideo,35760,36010,35885,0.11116567588876958
testvideo,35800,36050,35925,0.13291003094433906
testvideo,35840,36090,35965,0.17399019926221304
testvideo,35880,36130,36005,0.17933434083129152
testvideo,35920,36170,36045,0.13706196236006488
testvideo,35960,36210,36085,0.11766017744904492
testvideo,36000,36250,36125,0.09209353294635449
testvideo,36040,36290,36165,0.05607024205980644
testvideo,36080,36330,36205,0.0708799804333385
testvideo,36120,36370,36245,0.07726575363022371
testvideo,36160,36410,36285,0.10187533281074798
testvideo,36200,36450,36325,0.1136269479049912
testvideo,36240,36490,36365,0.13781595351025056
testvideo,36280,36530,36405,0.16908645024417054
testvideo,36320,36570,36445,0.17893638115172203
testvideo,36360,36610,36485,0.17427594912490776
testvideo,36400,36650,36525,0.1487560937088279
testvideo,36440,36690,36565,0.14265942833074383
testvideo,36480,36730,36605,0.09455881731438719
testvideo,36520,36770,36645,0.09958571846357007
testvideo,36560,36810,36685,0.22298478994110543
testvideo,36600,36850,36725,0.21700886510081352
testvideo,36640,36890,36765,0.21219057099038988
testvideo,36680,36930,36805,0.2995238709783026
testvideo,36720,36970,36845,0.33021788333465557
testvideo,36760,37010,36885,0.28543038973134444
testvideo,36800,37050,36925,0.17509835980864372
testvideo,36840,37090,36965,0.17773732392678523
testvideo,36880,37130,37005,0.15724843684448628
testvideo,36920,37170,37045,0.11523825690910555
testvideo,36960,37210,37085,0.09030459051519261
testvideo,37000,37250,37125,0.08653894369957092
testvideo,37040,37290,37165,0.08837391990711414
testvideo,37080,37330,37205,0.059791808167573124
testvideo,37120,37370,37245,0.05226844165501109
testvideo,37160,37410,37285,0.04205732730848347
testvideo,37200,37450,37325,0.07386385035792846
testvideo,37240,37490,37365,0.07314711342759059
testvideo,37280,37530,37405,0.0737344576619039
testvideo,37320,37570,37445,0.07357954344480655
testvideo,37360,37610,37485,0.08500398593528569
testvideo,37400,37650,37525,0.14348013555391578
testvideo,37440,37690,37565,0.16696488068901408
testvideo,37480,37730,37605,0.22085624645361632
testvideo,37520,37770,37645,0.3135088442511675
testvideo,37560,37810,37685,0.35120051426579096
testvideo,37600,37850,37725,0.32673673149519283
testvideo,37640,37890,37765,0.2826316617498279
testvideo,37680,37930,37805,0.2163457960660112
testvideo,37720,37970,37845,0.12615632335735497
testvideo,37760,38010,37885,0.07601120668665666
testvideo,37800,38050,37925,0.04434711035425365
testvideo,37840,38090,37965,0.019831478765589917
testvideo,37880,38130,38005,0.025311752005381237
testvideo,37920,38170,38045,0.04611727889160799
testvideo,37960,38210,38085,0.08362410891096043
testvideo,38000,38250,38125,0.1154823636648304
testvideo,38040,38290,38165,0.1463025670071347
testvideo,38080,38330,38205,0.1568658963722971
testvideo,38120,38370,38245,0.16104110360032406
testvideo,38160,38410,38285,0.12431995564020958
testvideo,38200,38450,38325,0.1007703143967724
testvideo,38240,38490,38365,0.07110450873649808
testvideo,38280,38530,38405,0.045868850726396015
testvideo,38320,38570,38445,0.02487032807915236
testvideo,38360,38610,38485,0.027552056629219085
testvideo,38400,38650,38525,0.09330061883369355
testvideo,38440,38690,38565,0.15760037027282495
testvideo,38480,38730,38605,0.20294356748570713
testvideo,38520,38770,38645,0.24426357379307045
testvideo,38560,38810,38685,0.32787714125077955
testvideo,38600,38850,38725,0.30303920233449694
testvideo,38640,38890,38765,0.29815131556110563
testvideo,38680,38930,38805,0.25496104900226124
testvideo,38720,38970,38845,0.21967185641561784
testvideo,38760,39010,38885,0.1798057934223766
testvideo,38800,39050,38925,0.13265737501748998
testvideo,38840,39090,38965,0.09196455972948277
testvideo,38880,39130,39005,0.061197098684578
testvideo,38920,39170,39045,0.0510556071129726
testvideo,38960,39210,39085,0.02901006232062267
testvideo,39000,39250,39125,0.04327282747824444
testvideo,39040,39290,39165,0.07695654063699563
testvideo,39080,39330,39205,0.11379523117767323
testvideo,39120,39370,39245,0.12726321914116395
testvideo,39160,39410,39285,0.16159074999447387
testvideo,39200,39450,39325,0.15888233725009956
testvideo,39240,39490,39365,0.13653608739221296
testvideo,39280,39530,39405,0.11723491263019524
testvideo,39320,39570,39445,0.09678213576940634
testvideo,39360,39610,39485,0.09046583598011552
testvideo,39400,39650,39525,0.07383529077434758
testvideo,39440,39690,39565,0.06586256773250612
testvideo,39480,39730,39605,0.06850705358178828
testvideo,39520,39770,39645,0.06331591810855595
testvideo,39560,39810,39685,0.0839946887426446
testvideo,39600,39850,39725,0.07833349865439639
testvideo,39640,39890,39765,0.10199149195164742
testvideo,39680,39930,39805,0.08851661465356543
testvideo,39720,39970,39845,0.09765995651043499
testvideo,39760,40010,39885,0.11509963063501917
testvideo,39800,40050,39925,0.14008896800197687
testvideo,39840,40090,39965,0.14654619950095008
testvideo,39880,40130,40005,0.17351653348358662
testvideo,39920,40170,40045,0.21651283771227012
testvideo,39960,40210,40085,0.23723059806870864
testvideo,40000,40250,40125,0.24712717716752883
testvideo,40040,40290,40165,0.24673299723324735
testvideo,40080,40330,40205,0.2458571473166583
testvideo,40120,40370,40245,0.23632836807487773
testvideo,40160,40410,40285,0.21245623259066754
testvideo,40200,40450,40325,0.1839269047550842
testvideo,40240,40490,40365,0.17293700404602733
testvideo,40280,40530,40405,0.17272968190092955
testvideo,40320,40570,40445,0.14995674868593684
testvideo,40360,40610,40485,0.11904976212997456
testvideo,40400,40650,40525,0.10182682085426452
testvideo,40440,40690,40565,0.07892037482048565
testvideo,40480,40730,40605,0.0638376441727641
testvideo,40520,40770,40645,0.06361209930750371
testvideo,40560,40810,40685,0.05124806395828297
testvideo,40600,40850,40725,0.046582070837313014
testvideo,40640,40890,40765,0.09954246508183277
testvideo,40680,40930,40805,0.14262866062585178
testvideo,40720,40970,40845,0.25953817152625913
testvideo,40760,41010,40885,0.29726101591078546
testvideo,40800,41050,40925,0.358022840923879
testvideo,40840,41090,40965,0.4123029232866881
testvideo,40880,41130,41005,0.3831194427544255
testvideo,40920,41170,41045,0.30856939308076664
testvideo,40960,41210,41085,0.22269770625685267
testvideo,41000,41250,41125,0.19463792725030532
testvideo,41040,41290,41165,0.10255599327052717
testvideo,41080,41330,41205,0.07555721746866799
testvideo,41120,41370,41245,0.05732896004659075
testvideo,41160,41410,41285,0.05238336919849906
testvideo,41200,41450,41325,0.04828355314384403
testvideo,41240,41490,41365,0.06444746553797122
testvideo,41280,41530,41405,0.10022277789746452
testvideo,41320,41570,41445,0.14656987703692603
testvideo,41360,41610,41485,0.19581317648852545
testvideo,41400,41650,41525,0.21689247906856104
testvideo,41440,41690,41565,0.22756290924731135
testvideo,41480,41730,41605,0.21042051455696456
testvideo,41520,41770,41645,0.18107527838972468
testvideo,41560,41810,41685,0.13033965563590905
testvideo,41600,41850,41725,0.09731981054314144
testvideo,41640,41890,41765,0.0731445514921173
testvideo,41680,41930,41805,0.04569908766817005
testvideo,41720,41970,41845,0.031052649477431287
testvideo,41760,42010,41885,0.0546889041387925
testvideo,41800,42050,41925,0.08790727608672062
testvideo,41840,42090,41965,0.1354141177390033
testvideo,41880,42130,42005,0.20473516601263417
testvideo,41920,42170,42045,0.2577483804521767
testvideo,41960,42210,42085,0.3059810080138354
testvideo,42000,42250,42125,0.31595731532499977
testvideo,42040,42290,42165,0.3070619990549865
testvideo,42080,42330,42205,0.2545836826934705
testvideo,42120,42370,42245,0.22654134012915947
testvideo,42160,42410,42285,0.17901716225275163
testvideo,42200,42450,42325,0.11762847987704243
testvideo,42240,42490,42365,0.08627694771477956
testvideo,42280,42530,42405,0.053669434310088644
testvideo,42320,42570,42445,0.033482001253350456
testvideo,42360,42610,42485,0.028778189818830097
testvideo,42400,42650,42525,0.028458937106031684
testvideo,42440,42690,42565,0.03720153846524848
testvideo,42480,42730,42605,0.055738619977116585
testvideo,42520,42770,42645,0.09295025887006819
testvideo,42560,42810,42685,0.11157904989287214
testvideo,42600,42850,42725,0.15150547979451634
testvideo,42640,42890,42765,0.1694566428490906
testvideo,42680,42930,42805,0.1730245728182616
testvideo,42720,42970,42845,0.16365344567481374
testvideo,42760,43010,42885,0.193722538284527
testvideo,42800,43050,42925,0.1740614984679854
testvideo,42840,43090,42965,0.16047230341051957
testvideo,42880,43130,43005,0.1434407657197869
testvideo,42920,43170,43045,0.13384982077860816
testvideo,42960,43210,43085,0.09053709847655877
testvideo,43000,43250,43125,0.085441429962749
testvideo,43040,43290,43165,0.10904290413345505
testvideo,43080,43330,43205,0.12656976079598486
testvideo,43120,43370,43245,0.16685755514946352
testvideo,43160,43410,43285,0.2014294707688081
testvideo,43200,43450,43325,0.23433478747332448
testvideo,43240,43490,43365,0.21669001448313438
testvideo,43280,43530,43405,0.20661241840835617
testvideo,43320,43570,43445,0.17660145212978395
testvideo,43360,43610,43485,0.1324110361036994
testvideo,43400,43650,43525,0.09244677973747555
testvideo,43440,43690,43565,0.05400187466155443
testvideo,43480,43730,43605,0.0355208231209151
testvideo,43520,43770,43645,0.024032119843579093
testvideo,43560,43810,43685,0.016667753917049662
testvideo,43600,43850,43725,0.014578310521660592
testvideo,43640,43890,43765,0.029526132699449537
testvideo,43680,43930,43805,0.05388815752460287
testvideo,43720,43970,43845,0.08103462783720314
testvideo,43760,44010,43885,0.1339353384976972
testvideo,43800,44050,43925,0.17665748476781076
testvideo,43840,44090,43965,0.19780822506949425
testvideo,43880,44130,44005,0.16517086564496516
testvideo,43920,44170,44045,0.14016744888991395
testvideo,43960,44210,44085,0.09255177832688816
testvideo,44000,44250,44125,0.04899914900687529
testvideo,44040,44290,44165,0.02987022196700732
testvideo,44080,44330,44205,0.01703179662220169
testvideo,44120,44370,44245,0.016634296727433974
testvideo,44160,44410,44285,0.020217044909570166
testvideo,44200,44450,44325,0.030490576294460937
testvideo,44240,44490,44365,0.03337256625259219
testvideo,44280,44530,44405,0.03310369573025522
testvideo,44320,44570,44445,0.03236151696687289
testvideo,44360,44610,44485,0.033096308443941166
testvideo,44400,44650,44525,0.034223009232662784
testvideo,44440,44690,44565,0.05503131342335397
testvideo,44480,44730,44605,0.12249526046260052
testvideo,44520,44770,44645,0.14463144601318753
testvideo,44560,44810,44685,0.18823174164935663
testvideo,44600,44850,44725,0.2506021793463759
testvideo,44640,44890,44765,0.2837147087843586
testvideo,44680,44930,44805,0.34824271900907183
testvideo,44720,44970,44845,0.34527955445218944
testvideo,44760,45010,44885,0.39314057488580734
testvideo,44800,45050,44925,0.39515997404439007
testvideo,44840,45090,44965,0.35403701001453863
testvideo,44880,45130,45005,0.3093777295749648
testvideo,44920,45170,45045,0.2226931736376813
testvideo,44960,45210,45085,0.18522180413310005
testvideo,45000,45250,45125,0.10806935261034784
testvideo,45040,45290,45165,0.10216601057229434
testvideo,45080,45330,45205,0.10945088650120205
testvideo,45120,45370,45245,0.18369196404638327
testvideo,45160,45410,45285,0.25249263609854333
testvideo,45200,45450,45325,0.3829150080332133
testvideo,45240,45490,45365,0.4496493303571145
testvideo,45280,45530,45405,0.4604570452375038
testvideo,45320,45570,45445,0.4643004102626849
testvideo,45360,45610,45485,0.417003896380766
testvideo,45400,45650,45525,0.30915495822055056
testvideo,45440,45690,45565,0.24295327795244234
testvideo,45480,45730,45605,0.1785527222545437
testvideo,45520,45770,45645,0.11824048659661741
testvideo,45560,45810,45685,0.0776470200872463
testvideo,45600,45850,45725,0.052243805391575325
testvideo,45640,45890,45765,0.043513591504430515
testvideo,45680,45930,45805,0.05927721328373201
testvideo,45720,45970,45845,0.1253873861883931
testvideo,45760,46010,45885,0.14089147726451098
testvideo,45800,46050,45925,0.15982450700967427
testvideo,45840,46090,45965,0.1979718490263397
testvideo,45880,46130,46005,0.18998337263836548
testvideo,45920,46170,46045,0.16889927709878513
testvideo,45960,46210,46085,0.1309849330293179
testvideo,46000,46250,46125,0.11669428312261627
testvideo,46040,46290,46165,0.07862869841180319
testvideo,46080,46330,46205,0.07244790312590679
testvideo,46120,46370,46245,0.05637981631167307
testvideo,46160,46410,46285,0.10809419960420473
testvideo,46200,46450,46325,0.14430472194007454
testvideo,46240,46490,46365,0.22195443893060599
testvideo,46280,46530,46405,0.27953524368450994
testvideo,46320,46570,46445,0.337936293886355
testvideo,46360,46610,46485,0.2978191372365583
testvideo,46400,46650,46525,0.2866238394051352
testvideo,46440,46690,46565,0.2317586699994574
testvideo,46480,46730,46605,0.1764278053941706
testvideo,46520,46770,46645,0.1281817922730949
testvideo,46560,46810,46685,0.08806638009097667
testvideo,46600,46850,46725,0.07069432514133836
testvideo,46640,46890,46765,0.042046171927422
testvideo,46680,46930,46805,0.02592458547169275
testvideo,46720,46970,46845,0.01547867857066531
testvideo,46760,47010,46885,0.03200938418642634
testvideo,46800,47050,46925,0.0443508907944107
testvideo,46840,47090,46965,0.05947874812604143
testvideo,46880,47130,47005,0.09739218569880276
testvideo,46920,47170,47045,0.12852845498341683
testvideo,46960,47210,47085,0.1440856833530502
testvideo,47000,47250,47125,0.12519422428434354
testvideo,47040,47290,47165,0.11070484685245163
testvideo,47080,47330,47205,0.08208033351599246
testvideo,47120,47370,47245,0.050995823382162464
testvideo,47160,47410,47285,0.03363661745293224
testvideo,47200,47450,47325,0.023463862560189636
testvideo,47240,47490,47365,0.02964600691017743
testvideo,47280,47530,47405,0.04153234919298741
testvideo,47320,47570,47445,0.044848461363964254
testvideo,47360,47610,47485,0.0538049009550034
testvideo,47400,47650,47525,0.05039499843949141
testvideo,47440,47690,47565,0.047657354293864584
testvideo,47480,47730,47605,0.03787843715651072
testvideo,47520,47770,47645,0.03848642955839185
testvideo,47560,47810,47685,0.06338700067500602
testvideo,47600,47850,47725,0.11615493098936111
testvideo,47640,47890,47765,0.15014884070047138
testvideo,47680,47930,47805,0.21221397930763194
testvideo,47720,47970,47845,0.2949702065643142
testvideo,47760,48010,47885,0.3963297513750668
testvideo,47800,48050,47925,0.4811658491907627
testvideo,47840,48090,47965,0.5318480142334296
testvideo,47880,48130,48005,0.5621138953443466
testvideo,47920,48170,48045,0.5391783885199851
testvideo,47960,48210,48085,0.4111257891916406
testvideo,48000,48250,48125,0.31336691627037017
testvideo,48040,48290,48165,0.2117799584036637
testvideo,48080,48330,48205,0.13219390480648865
testvideo,48120,48370,48245,0.06807705667252135
testvideo,48160,48410,48285,0.07166703712696032
testvideo,48200,48450,48325,0.10238796236163739
testvideo,48240,48490,48365,0.21475259868789318
testvideo,48280,48530,48405,0.25871300336298014
testvideo,48320,48570,48445,0.39964129376729635
testvideo,48360,48610,48485,0.49175757056938973
testvideo,48400,48650,48525,0.5588175207895136
testvideo,48440,48690,48565,0.5153407484650654
testvideo,48480,48730,48605,0.4932878770484113
testvideo,48520,48770,48645,0.4575900991874112
testvideo,48560,48810,48685,0.3444728441796718
testvideo,48600,48850,48725,0.26766402992191324
testvideo,48640,48890,48765,0.20780809351793744
testvideo,48680,48930,48805,0.16223643095346346
testvideo,48720,48970,48845,0.12270903653551112
testvideo,48760,49010,48885,0.08575890461569742
testvideo,48800,49050,48925,0.05779726991937473
testvideo,48840,49090,48965,0.048029133402985195
testvideo,48880,49130,49005,0.06095146967210247
testvideo,48920,49170,49045,0.10038981778948552
testvideo,48960,49210,49085,0.14505641811732736
testvideo,49000,49250,49125,0.17220214121926056
testvideo,49040,49290,49165,0.19139023182074535
testvideo,49080,49330,49205,0.19559017820063618
testvideo,49120,49370,49245,0.17344716607400293
testvideo,49160,49410,49285,0.11528958715369958
testvideo,49200,49450,49325,0.08591778253180204
testvideo,49240,49490,49365,0.06172462426508437
testvideo,49280,49530,49405,0.049058540420630334
testvideo,49320,49570,49445,0.033397350277416395
testvideo,49360,49610,49485,0.03183599501718841
testvideo,49400,49650,49525,0.05942857546999025
testvideo,49440,49690,49565,0.12419544988824797
testvideo,49480,49730,49605,0.22147040902381718
testvideo,49520,49770,49645,0.2790847174951744
testvideo,49560,49810,49685,0.34155094677385556
testvideo,49600,49850,49725,0.435120360902243
testvideo,49640,49890,49765,0.4249660404268322
testvideo,49680,49930,49805,0.3554965153085269
testvideo,49720,49970,49845,0.3042471291899488
testvideo,49760,50010,49885,0.25569106470208924
testvideo,49800,50050,49925,0.16840999974227666
testvideo,49840,50090,49965,0.11516750002055033
testvideo,49880,50130,50005,0.08307813569479437
testvideo,49920,50170,50045,0.06754375155510521
testvideo,49960,50210,50085,0.057366777912960965
testvideo,50000,50250,50125,0.03611014105641008
testvideo,50040,50290,50165,0.04864756680000377
testvideo,50080,50330,50205,0.07655163599244386
testvideo,50120,50370,50245,0.1375006007014465
testvideo,50160,50410,50285,0.1684931598470873
testvideo,50200,50450,50325,0.22355563993369876
testvideo,50240,50490,50365,0.22928668689031886
testvideo,50280,50530,50405,0.21428028904965993
testvideo,50320,50570,50445,0.17365063812701478
testvideo,50360,50610,50485,0.1353740443850781
testvideo,50400,50650,50525,0.07672100569825176
testvideo,50440,50690,50565,0.05573268955489793
testvideo,50480,50730,50605,0.035613258146729596
testvideo,50520,50770,50645,0.024625303319516786
testvideo,50560,50810,50685,0.013046783421382152
testvideo,50600,50850,50725,0.014656367915049952
testvideo,50640,50890,50765,0.01602386318901434
testvideo,50680,50930,50805,0.01895530552687666
testvideo,50720,50970,50845,0.028488934140356043
testvideo,50760,51010,50885,0.05686512997323335
testvideo,50800,51050,50925,0.09324422816552803
testvideo,50840,51090,50965,0.14346323299630984
testvideo,50880,51130,51005,0.18489411353804894
testvideo,50920,51170,51045,0.24229131875197826
testvideo,50960,51210,51085,0.2869404305283242
testvideo,51000,51250,51125,0.34065663962978343
testvideo,51040,51290,51165,0.3841479213552271
testvideo,51080,51330,51205,0.4078620195367844
testvideo,51120,51370,51245,0.4148692122743052
testvideo,51160,51410,51285,0.4041222579587941
testvideo,51200,51450,51325,0.37539976100669614
testvideo,51240,51490,51365,0.27406990507290124
testvideo,51280,51530,51405,0.21086103892132366
testvideo,51320,51570,51445,0.1479719063373646
testvideo,51360,51610,51485,0.08995648253752804
testvideo,51400,51650,51525,0.05992972006154567
testvideo,51440,51690,51565,0.04315327497702983
testvideo,51480,51730,51605,0.07851556198232369
testvideo,51520,51770,51645,0.14180025980931155
testvideo,51560,51810,51685,0.2759349688979412
testvideo,51600,51850,51725,0.35164829654093116
testvideo,51640,51890,51765,0.4033827303543344
testvideo,51680,51930,51805,0.4763825412183624
testvideo,51720,51970,51845,0.4649316950186706
testvideo,51760,52010,51885,0.38746245812928964
testvideo,51800,52050,51925,0.34124685370010727
testvideo,51840,52090,51965,0.28363137460930143
testvideo,51880,52130,52005,0.21101985870254344
testvideo,51920,52170,52045,0.17394295144766783
testvideo,51960,52210,52085,0.12866818354590848
testvideo,52000,52250,52125,0.09149890165766716
testvideo,52040,52290,52165,0.07271319821593972
testvideo,52080,52330,52205,0.04921345470282396
testvideo,52120,52370,52245,0.04814270875045027
testvideo,52160,52410,52285,0.08809104900110398
testvideo,52200,52450,52325,0.1413884840692237
testvideo,52240,52490,52365,0.14706605834043254
testvideo,52280,52530,52405,0.1860800799333028
testvideo,52320,52570,52445,0.197782316150073
testvideo,52360,52610,52485,0.16178759387043903
testvideo,52400,52650,52525,0.1279279009720254
testvideo,52440,52690,52565,0.1175716029218046
testvideo,52480,52730,52605,0.09425937561060277
testvideo,52520,52770,52645,0.07236551176640618
testvideo,52560,52810,52685,0.06695160301675436
testvideo,52600,52850,52725,0.0523916818770522
testvideo,52640,52890,52765,0.06344647678572346
testvideo,52680,52930,52805,0.07688228981697219
testvideo,52720,52970,52845,0.12851039455377125
testvideo,52760,53010,52885,0.1815281765750637
testvideo,52800,53050,52925,0.262632845946057
testvideo,52840,53090,52965,0.2783391485080143
testvideo,52880,53130,53005,0.29283687951636317
testvideo,52920,53170,53045,0.2887367831221614
testvideo,52960,53210,53085,0.2535006746265458
testvideo,53000,53250,53125,0.19151179038808697
testvideo,53040,53290,53165,0.12467876048128401
testvideo,53080,53330,53205,0.10588436138432279
testvideo,53120,53370,53245,0.04946224520847615
testvideo,53160,53410,53285,0.03352491887603856
testvideo,53200,53450,53325,0.028516348586869286
testvideo,53240,53490,53365,0.03442873005460149
testvideo,53280,53530,53405,0.060540282096943135
testvideo,53320,53570,53445,0.10988727711126045
testvideo,53360,53610,53485,0.1359440896101776
testvideo,53400,53650,53525,0.1835323821445325
testvideo,53440,53690,53565,0.24324985375191646
testvideo,53480,53730,53605,0.2520585218614762
testvideo,53520,53770,53645,0.23964108403084136
testvideo,53560,53810,53685,0.2371115510959129
testvideo,53600,53850,53725,0.19354430697449296
testvideo,53640,53890,53765,0.1308975622161306
testvideo,53680,53930,53805,0.09675752110648925
testvideo,53720,53970,53845,0.07321309007994779
testvideo,53760,54010,53885,0.03847998226241755
testvideo,53800,54050,53925,0.03440950261761145
testvideo,53840,54090,53965,0.017789726111841295
testvideo,53880,54130,54005,0.01800651481956364
testvideo,53920,54170,54045,0.0285550350892155
testvideo,53960,54210,54085,0.05241036856880551
testvideo,54000,54250,54125,0.12663846559836617
testvideo,54040,54290,54165,0.17723028704162527
testvideo,54080,54330,54205,0.2529791533185925
testvideo,54120,54370,54245,0.2973338746417557
testvideo,54160,54410,54285,0.36184841069304347
testvideo,54200,54450,54325,0.3404996240583517
testvideo,54240,54490,54365,0.3307208185898379
testvideo,54280,54530,54405,0.2639424033396439
testvideo,54320,54570,54445,0.2285783074574106
testvideo,54360,54610,54485,0.16060274134679667
testvideo,54400,54650,54525,0.10541621080811991
testvideo,54440,54690,54565,0.06812150463170354
testvideo,54480,54730,54605,0.040719639772673344
testvideo,54520,54770,54645,0.031577515982560415
testvideo,54560,54810,54685,0.022966914925748372
testvideo,54600,54850,54725,0.023346191453212286
testvideo,54640,54890,54765,0.021681054651421266
testvideo,54680,54930,54805,0.04096913439425039
testvideo,54720,54970,54845,0.06056859132680431
testvideo,54760,55010,54885,0.08726490988788982
testvideo,54800,55050,54925,0.138000419310458
testvideo,54840,55090,54965,0.16883615785488781
testvideo,54880,55130,55005,0.1541673272736501
testvideo,54920,55170,55045,0.14796394167867438
testvideo,54960,55210,55085,0.13817462010566967
testvideo,55000,55250,55125,0.09329434416454636
testvideo,55040,55290,55165,0.06765772083571332
testvideo,55080,55330,55205,0.06305075097100693
testvideo,55120,55370,55245,0.04615260500837668
testvideo,55160,55410,55285,0.03681604493777167
testvideo,55200,55450,55325,0.03685253847738457
testvideo,55240,55490,55365,0.06320945684317432
testvideo,55280,55530,55405,0.09752919490106221
testvideo,55320,55570,55445,0.13353048832343303
testvideo,55360,55610,55485,0.15616056779662785
testvideo,55400,55650,55525,0.18033201230217957
testvideo,55440,55690,55565,0.15903991891665445
testvideo,55480,55730,55605,0.12723699889951756
testvideo,55520,55770,55645,0.10556728289451055
testvideo,55560,55810,55685,0.09134471705013754
testvideo,55600,55850,55725,0.06866674436972219
testvideo,55640,55890,55765,0.05386193810036207
testvideo,55680,55930,55805,0.04850526582857768
testvideo,55720,55970,55845,0.02882705681254913
testvideo,55760,56010,55885,0.028703836990537992
testvideo,55800,56050,55925,0.031077614936836757
testvideo,55840,56090,55965,0.05402959437476996
testvideo,55880,56130,56005,0.08334484269750421
testvideo,55920,56170,56045,0.11553103255054299
testvideo,55960,56210,56085,0.13697217558840621
testvideo,56000,56250,56125,0.15230599895800098
testvideo,56040,56290,56165,0.16640371546366753
testvideo,56080,56330,56205,0.1532063369146803
testvideo,56120,56370,56245,0.1368024207654924
testvideo,56160,56410,56285,0.10800234940457833
testvideo,56200,56450,56325,0.08655007078465983
testvideo,56240,56490,56365,0.04820753967367519
testvideo,56280,56530,56405,0.03786271117545515
testvideo,56320,56570,56445,0.03172683317868506
testvideo,56360,56610,56485,0.042547135725145256
testvideo,56400,56650,56525,0.05116232826863625
testvideo,56440,56690,56565,0.08400963683413899
testvideo,56480,56730,56605,0.11468450951195898
testvideo,56520,56770,56645,0.13569798119059703
testvideo,56560,56810,56685,0.12998177978543396
testvideo,56600,56850,56725,0.12035789968939066
testvideo,56640,56890,56765,0.10221073920294102
testvideo,56680,56930,56805,0.05451593573760343
testvideo,56720,56970,56845,0.03793052124795628
testvideo,56760,57010,56885,0.021642501876986485
testvideo,56800,57050,56925,0.02632860609408576
testvideo,56840,57090,56965,0.023807804355384186
testvideo,56880,57130,57005,0.036896958727892566
testvideo,56920,57170,57045,0.03478039141483367
testvideo,56960,57210,57085,0.06773375510291858
testvideo,57000,57250,57125,0.0868681553305619
testvideo,57040,57290,57165,0.11257425446692605
testvideo,57080,57330,57205,0.14364064243230026
testvideo,57120,57370,57245,0.16817362533677474
testvideo,57160,57410,57285,0.18559877260470906
testvideo,57200,57450,57325,0.15250081566506637
testvideo,57240,57490,57365,0.1380772214280106
testvideo,57280,57530,57405,0.09511773799910588
testvideo,57320,57570,57445,0.06483111100800854
testvideo,57360,57610,57485,0.028909092995559136
testvideo,57400,57650,57525,0.014586389092124303
testvideo,57440,57690,57565,0.016496462806383207
testvideo,57480,57730,57605,0.03601160261415339
testvideo,57520,57770,57645,0.06115668147595057
testvideo,57560,57810,57685,0.06999227255729151
testvideo,57600,57850,57725,0.0692619624108545
testvideo,57640,57890,57765,0.07127672009907794
testvideo,57680,57930,57805,0.06468901743943781
testvideo,57720,57970,57845,0.027362847844146707
testvideo,57760,58010,57885,0.018626853510121662
testvideo,57800,58050,57925,0.01705348879566453
testvideo,57840,58090,57965,0.021124231937985096
testvideo,57880,58130,58005,0.042403091275321624
testvideo,57920,58170,58045,0.08763599132061095
testvideo,57960,58210,58085,0.13998483312760615
testvideo,58000,58250,58125,0.2062867878703244
testvideo,58040,58290,58165,0.22490502084235736
testvideo,58080,58330,58205,0.23841589476700434
testvideo,58120,58370,58245,0.23358772830381982
testvideo,58160,58410,58285,0.21116673706909406
testvideo,58200,58450,58325,0.15180143488202177
testvideo,58240,58490,58365,0.11264972735233193
testvideo,58280,58530,58405,0.10797018301217244
testvideo,58320,58570,58445,0.080044339790547
testvideo,58360,58610,58485,0.05373629165956348
testvideo,58400,58650,58525,0.05241473530990364
testvideo,58440,58690,58565,0.08651759177990583
testvideo,58480,58730,58605,0.15794298281554514
testvideo,58520,58770,58645,0.20371688319808715
testvideo,58560,58810,58685,0.23089360147480953
testvideo,58600,58850,58725,0.2586741618777707
testvideo,58640,58890,58765,0.3044842369097555
testvideo,58680,58930,58805,0.33672965100898894
testvideo,58720,58970,58845,0.2977676053272358
testvideo,58760,59010,58885,0.3243991904755242
testvideo,58800,59050,58925,0.30928987791044865
testvideo,58840,59090,58965,0.2156819277710955
testvideo,58880,59130,59005,0.19447738444345403
testvideo,58920,59170,59045,0.1309105120651764
testvideo,58960,59210,59085,0.06403633953701243
testvideo,59000,59250,59125,0.06178956806421191
testvideo,59040,59290,59165,0.11561906941385743
testvideo,59080,59330,59205,0.25292935935551225
testvideo,59120,59370,59245,0.32642628503633375
testvideo,59160,59410,59285,0.39990073311206215
testvideo,59200,59450,59325,0.45330945469383505
testvideo,59240,59490,59365,0.4593827770896122
testvideo,59280,59530,59405,0.39654857032861696
testvideo,59320,59570,59445,0.3644709388321296
testvideo,59360,59610,59485,0.31572407235884375
testvideo,59400,59650,59525,0.2623105277627104
testvideo,59440,59690,59565,0.200172734467459
testvideo,59480,59730,59605,0.11976504651366555
testvideo,59520,59770,59645,0.08529604231856538
testvideo,59560,59810,59685,0.04450373187092707
testvideo,59600,59850,59725,0.03439994412608943
testvideo,59640,59890,59765,0.04371232816190209
testvideo,59680,59930,59805,0.09052564481610677
testvideo,59720,59970,59845,0.12240600373465828
testvideo,59760,60010,59885,0.13534011460048687
testvideo,59800,60050,59925,0.15525012215569758
testvideo,59840,60090,59965,0.14911695605741015
testvideo,59880,60130,60005,0.12110802876235316
testvideo,59920,60170,60045,0.10087657807047952
testvideo,59960,60210,60085,0.06734597394728777
testvideo,60000,60250,60125,0.0778417653996737
testvideo,60040,60290,60165,0.12035268530389838
testvideo,60080,60330,60205,0.16002675069056863
testvideo,60120,60370,60245,0.23113577460589102
testvideo,60160,60410,60285,0.2802374175172666
testvideo,60200,60450,60325,0.32095615929147897
testvideo,60240,60490,60365,0.2979234531523539
testvideo,60280,60530,60405,0.2571569968426943
testvideo,60320,60570,60445,0.17370772105637777
testvideo,60360,60610,60485,0.13501524617919214
testvideo,60400,60650,60525,0.07174504881061773
testvideo,60440,60690,60565,0.04924791716768759
testvideo,60480,60730,60605,0.03489553419722061
testvideo,60520,60770,60645,0.0267939083335223
testvideo,60560,60810,60685,0.020640080628344472
testvideo,60600,60850,60725,0.024727001229781987
testvideo,60640,60890,60765,0.02361499752333147
testvideo,60680,60930,60805,0.04633295537117347
testvideo,60720,60970,60845,0.08330612515612328
testvideo,60760,61010,60885,0.10730373546841634
testvideo,60800,61050,60925,0.12970458147868827
testvideo,60840,61090,60965,0.14468385449748458
testvideo,60880,61130,61005,0.12557826173987788
testvideo,60920,61170,61045,0.09593652097296272
testvideo,60960,61210,61085,0.07461480105406236
testvideo,61000,61250,61125,0.04878155434220534
testvideo,61040,61290,61165,0.024369001335583815
testvideo,61080,61330,61205,0.027073861409958627
testvideo,61120,61370,61245,0.029014537690250128
testvideo,61160,61410,61285,0.023229097919588017
testvideo,61200,61450,61325,0.02214126209533725
testvideo,61240,61490,61365,0.023252003959750214
testvideo,61280,61530,61405,0.016348595597079355
testvideo,61320,61570,61445,0.016848759351864237
testvideo,61360,61610,61485,0.04650250994945596
testvideo,61400,61650,61525,0.07609202604594903
testvideo,61440,61690,61565,0.12470665342017058
testvideo,61480,61730,61605,0.16796515166370626
testvideo,61520,61770,61645,0.19716819879290295
testvideo,61560,61810,61685,0.2627745305027472
testvideo,61600,61850,61725,0.271658894931133
testvideo,61640,61890,61765,0.26904802501796593
testvideo,61680,61930,61805,0.2529360515526853
testvideo,61720,61970,61845,0.24265143281911158
testvideo,61760,62010,61885,0.16373840791002997
testvideo,61800,62050,61925,0.10809817749576921
testvideo,61840,62090,61965,0.09050034169238316
testvideo,61880,62130,62005,0.05315063085917974
testvideo,61920,62170,62045,0.027230862605936174
testvideo,61960,62210,62085,0.062044322445151505
testvideo,62000,62250,62125,0.08556161785525962
testvideo,62040,62290,62165,0.10486349840026683
testvideo,62080,62330,62205,0.15854445809521575
testvideo,62120,62370,62245,0.18279491102805842
testvideo,62160,62410,62285,0.24756746720802494
testvideo,62200,62450,62325,0.3016330356881471
testvideo,62240,62490,62365,0.2830306438696258
testvideo,62280,62530,62405,0.29418131187909635
testvideo,62320,62570,62445,0.27203394980360235
testvideo,62360,62610,62485,0.20737254239463823
testvideo,62400,62650,62525,0.12208799260102243
testvideo,62440,62690,62565,0.08589337057761932
testvideo,62480,62730,62605,0.07372518979604721
testvideo,62520,62770,62645,0.1190046186032175
testvideo,62560,62810,62685,0.15363161814978435
testvideo,62600,62850,62725,0.2506610372488331
testvideo,62640,62890,62765,0.2947586654350386
testvideo,62680,62930,62805,0.3611252436565645
testvideo,62720,62970,62845,0.4485292398133717
testvideo,62760,63010,62885,0.4675773217802317
testvideo,62800,63050,62925,0.42973608332928687
testvideo,62840,63090,62965,0.38475938866350123
testvideo,62880,63130,63005,0.33559526242351767
testvideo,62920,63170,63045,0.2227916569470421
testvideo,62960,63210,63085,0.172890420653547
testvideo,63000,63250,63125,0.1171196346615661
testvideo,63040,63290,63165,0.09360791202446077
testvideo,63080,63330,63205,0.06413139325680485
testvideo,63120,63370,63245,0.06109915110035067
testvideo,63160,63410,63285,0.059630830139033565
testvideo,63200,63450,63325,0.05271890571140591
testvideo,63240,63490,63365,0.09551007126751705
testvideo,63280,63530,63405,0.11006747230720058
testvideo,63320,63570,63445,0.13247987721332985
testvideo,63360,63610,63485,0.13505968497483622
testvideo,63400,63650,63525,0.14240401533863817
testvideo,63440,63690,63565,0.10035283707177078
testvideo,63480,63730,63605,0.06229996318919687
testvideo,63520,63770,63645,0.03289485172151261
testvideo,63560,63810,63685,0.025156925601183645
testvideo,63600,63850,63725,0.01872201501863659
testvideo,63640,63890,63765,0.07951282558210329
testvideo,63680,63930,63805,0.12995091316324342
testvideo,63720,63970,63845,0.18390324160800361
testvideo,63760,64010,63885,0.2675416275537803
testvideo,63800,64050,63925,0.3189058840976925
testvideo,63840,64090,63965,0.3509375647437184
testvideo,63880,64130,64005,0.3275692263799796
testvideo,63920,64170,64045,0.31658017861763416
testvideo,63960,64210,64085,0.24803941652179892
testvideo,64000,64250,64125,0.20549858272905794
testvideo,64040,64290,64165,0.1385608630170483
testvideo,64080,64330,64205,0.07822637096458064
testvideo,64120,64370,64245,0.0708762752499815
testvideo,64160,64410,64285,0.03404340650075913
testvideo,64200,64450,64325,0.023815807463835142
testvideo,64240,64490,64365,0.02550994722209667
testvideo,64280,64530,64405,0.07066186457252428
testvideo,64320,64570,64445,0.10576942977791674
testvideo,64360,64610,64485,0.16950100932310763
testvideo,64400,64650,64525,0.20435110778627763
testvideo,64440,64690,64565,0.23560842099395854
testvideo,64480,64730,64605,0.2074403130220833
testvideo,64520,64770,64645,0.1689252417707538
testvideo,64560,64810,64685,0.09518323543498951
testvideo,64600,64850,64725,0.06754825268708141
testvideo,64640,64890,64765,0.03504094088629079
testvideo,64680,64930,64805,0.02864982033822571
testvideo,64720,64970,64845,0.034643879345388
testvideo,64760,65010,64885,0.02831391697417512
testvideo,64800,65050,64925,0.01976729181782733
testvideo,64840,65090,64965,0.03341524241564837
testvideo,64880,65130,65005,0.047884369414511574
testvideo,64920,65170,65045,0.0606834366601887
testvideo,64960,65210,65085,0.10622219457090927
testvideo,65000,65250,65125,0.16280883407695826
testvideo,65040,65290,65165,0.19259453743291785
testvideo,65080,65330,65205,0.23003614790379592
testvideo,65120,65370,65245,0.23397173502926122
testvideo,65160,65410,65285,0.25982683884070273
testvideo,65200,65450,65325,0.2531253465024905
testvideo,65240,65490,65365,0.227923047661774
testvideo,65280,65530,65405,0.2008523970678546
testvideo,65320,65570,65445,0.15750251681201063
testvideo,65360,65610,65485,0.15490838851548933
testvideo,65400,65650,65525,0.09625682251789296
testvideo,65440,65690,65565,0.12571135841109515
testvideo,65480,65730,65605,0.13109613266440825
testvideo,65520,65770,65645,0.14802305135974916
testvideo,65560,65810,65685,0.1791079022599533
testvideo,65600,65850,65725,0.20530241334913366
testvideo,65640,65890,65765,0.20995145305325677
testvideo,65680,65930,65805,0.20823328236919683
testvideo,65720,65970,65845,0.232195368042962
testvideo,65760,66010,65885,0.25549499233789824
testvideo,65800,66050,65925,0.22231779544336758
testvideo,65840,66090,65965,0.1834448284676228
testvideo,65880,66130,66005,0.17008409934291688
testvideo,65920,66170,66045,0.2049625043181711
testvideo,65960,66210,66085,0.14560738526131442
testvideo,66000,66250,66125,0.1412039702820454
testvideo,66040,66290,66165,0.18169738849025263
testvideo,66080,66330,66205,0.20588948455419273
testvideo,66120,66370,66245,0.2323763988655028
testvideo,66160,66410,66285,0.3223447591101479
testvideo,66200,66450,66325,0.4035085339878542
testvideo,66240,66490,66365,0.4736548271909206
testvideo,66280,66530,66405,0.5090099809687324
testvideo,66320,66570,66445,0.4893254433508989
testvideo,66360,66610,66485,0.3689147678372501
testvideo,66400,66650,66525,0.28214567003847507
testvideo,66440,66690,66565,0.16734228384211672
testvideo,66480,66730,66605,0.10571338446180918
testvideo,66520,66770,66645,0.06522569010737057
testvideo,66560,66810,66685,0.04784589076771304
testvideo,66600,66850,66725,0.04579531863128661
testvideo,66640,66890,66765,0.04261183489769826
testvideo,66680,66930,66805,0.04394035317592552
testvideo,66720,66970,66845,0.07739419524543327
testvideo,66760,67010,66885,0.1281299036604797
testvideo,66800,67050,66925,0.14438982772528888
testvideo,66840,67090,66965,0.15805705733303424
testvideo,66880,67130,67005,0.18320560395080573
testvideo,66920,67170,67045,0.16037996001377608
testvideo,66960,67210,67085,0.12196551460919149
testvideo,67000,67250,67125,0.09721663521264835
testvideo,67040,67290,67165,0.07146052645498059
testvideo,67080,67330,67205,0.04516381138761435
testvideo,67120,67370,67245,0.031271017939331965
testvideo,67160,67410,67285,0.026693215932532124
testvideo,67200,67450,67325,0.12567528294353703
testvideo,67240,67490,67365,0.19061696019586485
testvideo,67280,67530,67405,0.28846282479869
testvideo,67320,67570,67445,0.3760559334849751
testvideo,67360,67610,67485,0.43972388566218706
testvideo,67400,67650,67525,0.42866745301136777
testvideo,67440,67690,67565,0.39588861906128753
testvideo,67480,67730,67605,0.32520228150991887
testvideo,67520,67770,67645,0.2532488768598683
testvideo,67560,67810,67685,0.1923433952357051
testvideo,67600,67850,67725,0.133383140637926
testvideo,67640,67890,67765,0.08416537013150517
testvideo,67680,67930,67805,0.06270767569380527
testvideo,67720,67970,67845,0.04969417808975374
testvideo,67760,68010,67885,0.040392614033786224
testvideo,67800,68050,67925,0.0379131013791128
testvideo,67840,68090,67965,0.060755129048155755
testvideo,67880,68130,68005,0.07344413263404526
testvideo,67920,68170,68045,0.10367474537442396
testvideo,67960,68210,68085,0.13969997691664557
testvideo,68000,68250,68125,0.1624337097338789
testvideo,68040,68290,68165,0.16189493602001415
testvideo,68080,68330,68205,0.13255875513381093
testvideo,68120,68370,68245,0.10465356307162303
testvideo,68160,68410,68285,0.07558245994255104
testvideo,68200,68450,68325,0.041168124214553646
testvideo,68240,68490,68365,0.034715276782837125
testvideo,68280,68530,68405,0.03168832797788713
testvideo,68320,68570,68445,0.03259425206076617
testvideo,68360,68610,68485,0.0209043200611409
testvideo,68400,68650,68525,0.026262119452541224
testvideo,68440,68690,68565,0.05567728190145162
testvideo,68480,68730,68605,0.07384110570898557
testvideo,68520,68770,68645,0.11526385472999978
testvideo,68560,68810,68685,0.13899899599125834
testvideo,68600,68850,68725,0.14721038976345793
testvideo,68640,68890,68765,0.1254218242557166
testvideo,68680,68930,68805,0.10444351542687176
testvideo,68720,68970,68845,0.08776242772779648
testvideo,68760,69010,68885,0.05537960779954001
testvideo,68800,69050,68925,0.037529554846442874
testvideo,68840,69090,68965,0.024385410036032958
testvideo,68880,69130,69005,0.018163427090301467
testvideo,68920,69170,69045,0.02166966653893791
testvideo,68960,69210,69085,0.028466883694539726
testvideo,69000,69250,69125,0.04973539653498662
testvideo,69040,69290,69165,0.08645080715672761
testvideo,69080,69330,69205,0.09759037228417312
testvideo,69120,69370,69245,0.11138892118096914
testvideo,69160,69410,69285,0.11320460955877569
testvideo,69200,69450,69325,0.09095102268023997
testvideo,69240,69490,69365,0.06596463716170364
testvideo,69280,69530,69405,0.036302590600535
testvideo,69320,69570,69445,0.028820869597278236
testvideo,69360,69610,69485,0.012745140252714164
testvideo,69400,69650,69525,0.017354945026919043
testvideo,69440,69690,69565,0.018337633783239524
testvideo,69480,69730,69605,0.055644961206791486
testvideo,69520,69770,69645,0.07671503352772957
testvideo,69560,69810,69685,0.11905645355091234
testvideo,69600,69850,69725,0.14385328373455997
testvideo,69640,69890,69765,0.16191717612588177
testvideo,69680,69930,69805,0.22167156261769236
testvideo,69720,69970,69845,0.2322114236116585
testvideo,69760,70010,69885,0.2650564679348491
testvideo,69800,70050,69925,0.2959489910496261
testvideo,69840,70090,69965,0.33922117894785847
testvideo,69880,70130,70005,0.33634406757421387
testvideo,69920,70170,70045,0.3092237928765371
testvideo,69960,70210,70085,0.26883269383818303
testvideo,70000,70250,70125,0.2456027760709016
testvideo,70040,70290,70165,0.219077236170073
testvideo,70080,70330,70205,0.18205424654123775
testvideo,70120,70370,70245,0.14208450567699552
testvideo,70160,70410,70285,0.12027930043660248
testvideo,70200,70450,70325,0.08136773635909322
testvideo,70240,70490,70365,0.0479701280077471
testvideo,70280,70530,70405,0.03225705384144628
testvideo,70320,70570,70445,0.022858111748853962
testvideo,70360,70610,70485,0.02415300661236816
testvideo,70400,70650,70525,0.0425034888144
testvideo,70440,70690,70565,0.09852131912224309
testvideo,70480,70730,70605,0.16046004159140873
testvideo,70520,70770,70645,0.2456732501175909
testvideo,70560,70810,70685,0.2608454727262605
testvideo,70600,70850,70725,0.31988394746675375
testvideo,70640,70890,70765,0.27981825370314944
testvideo,70680,70930,70805,0.23743118299117327
testvideo,70720,70970,70845,0.15417720770243076
testvideo,70760,71010,70885,0.10278746215685705
testvideo,70800,71050,70925,0.09331631267557763
testvideo,70840,71090,70965,0.06691963944776373
testvideo,70880,71130,71005,0.07786305277891871
testvideo,70920,71170,71045,0.07363166591586656
testvideo,70960,71210,71085,0.1255421995417468
testvideo,71000,71250,71125,0.18500199496943262
testvideo,71040,71290,71165,0.18530658317679524
testvideo,71080,71330,71205,0.17733355543030563
testvideo,71120,71370,71245,0.18384359410475384
testvideo,71160,71410,71285,0.16574671780586844
testvideo,71200,71450,71325,0.11731772704700778
testvideo,71240,71490,71365,0.06576966007635492
testvideo,71280,71530,71405,0.05833941154317609
testvideo,71320,71570,71445,0.04783677916348367
testvideo,71360,71610,71485,0.055269825082681134
testvideo,71400,71650,71525,0.07876178805562219
testvideo,71440,71690,71565,0.13630703652114376
testvideo,71480,71730,71605,0.17469748018381612
testvideo,71520,71770,71645,0.27986169805935823
testvideo,71560,71810,71685,0.32223474090818083
testvideo,71600,71850,71725,0.33149442549566993
testvideo,71640,71890,71765,0.3187518378812236
testvideo,71680,71930,71805,0.2898637840403391
testvideo,71720,71970,71845,0.20100021833498138
testvideo,71760,72010,71885,0.1462988603106054
testvideo,71800,72050,71925,0.11287522631179543
testvideo,71840,72090,71965,0.09043844703187116
testvideo,71880,72130,72005,0.06071836908469208
testvideo,71920,72170,72045,0.05241469768341508
testvideo,71960,72210,72085,0.048652217171395507
testvideo,72000,72250,72125,0.046794972148599
testvideo,72040,72290,72165,0.03875693904052697
testvideo,72080,72330,72205,0.08433328363839764
testvideo,72120,72370,72245,0.12115190572854746
testvideo,72160,72410,72285,0.15439270588938867
testvideo,72200,72450,72325,0.16963959876502727
testvideo,72240,72490,72365,0.17248474768015856
testvideo,72280,72530,72405,0.14716877513070137
testvideo,72320,72570,72445,0.10911757933141349
testvideo,72360,72610,72485,0.06863095055890045
testvideo,72400,72650,72525,0.036109380620776614
testvideo,72440,72690,72565,0.02798641070138216
testvideo,72480,72730,72605,0.027989833982685636
testvideo,72520,72770,72645,0.03764766857517593
testvideo,72560,72810,72685,0.046918574522418245
testvideo,72600,72850,72725,0.07893798823955167
testvideo,72640,72890,72765,0.11524315699530756
testvideo,72680,72930,72805,0.20100307967515793
testvideo,72720,72970,72845,0.2906533789814593
testvideo,72760,73010,72885,0.3484873639391968
testvideo,72800,73050,72925,0.39854812197077727
testvideo,72840,73090,72965,0.4233056317948278
testvideo,72880,73130,73005,0.46143741403450883
testvideo,72920,73170,73045,0.4055556864335623
testvideo,72960,73210,73085,0.34814996619526156
testvideo,73000,73250,73125,0.2919417089823165
testvideo,73040,73290,73165,0.2617455709337741
testvideo,73080,73330,73205,0.22923769319638682
testvideo,73120,73370,73245,0.13021570774992994
testvideo,73160,73410,73285,0.13110736865646755
testvideo,73200,73450,73325,0.09615233626813006
testvideo,73240,73490,73365,0.10057919747305963
testvideo,73280,73530,73405,0.15501261686918105
testvideo,73320,73570,73445,0.25595804287220214
testvideo,73360,73610,73485,0.27665620447916334
testvideo,73400,73650,73525,0.4041619519898281
testvideo,73440,73690,73565,0.4733337985098901
testvideo,73480,73730,73605,0.4635801127059643
testvideo,73520,73770,73645,0.3902748412953942
testvideo,73560,73810,73685,0.3676392947036256
testvideo,73600,73850,73725,0.23930841980727824
testvideo,73640,73890,73765,0.14602952281255455
testvideo,73680,73930,73805,0.09056394778435661
testvideo,73720,73970,73845,0.05712972822409338
testvideo,73760,74010,73885,0.05021599042221079
testvideo,73800,74050,73925,0.04644503882624376
testvideo,73840,74090,73965,0.03383673591635561
testvideo,73880,74130,74005,0.03246859650935702
testvideo,73920,74170,74045,0.028986370429221205
testvideo,73960,74210,74085,0.023809505433273617
testvideo,74000,74250,74125,0.02000783765823295
testvideo,74040,74290,74165,0.055985270581745884
testvideo,74080,74330,74205,0.09237721470286675
testvideo,74120,74370,74245,0.14025637493050377
testvideo,74160,74410,74285,0.25287443976980384
testvideo,74200,74450,74325,0.3375805110592034
testvideo,74240,74490,74365,0.3796187205227026
testvideo,74280,74530,74405,0.33894366132542925
testvideo,74320,74570,74445,0.3135506159593464
testvideo,74360,74610,74485,0.22994343087864796
testvideo,74400,74650,74525,0.14539295755513557
testvideo,74440,74690,74565,0.08359632333904554
testvideo,74480,74730,74605,0.046785451119016594
testvideo,74520,74770,74645,0.045958617047876696
testvideo,74560,74810,74685,0.02115919179645657
testvideo,74600,74850,74725,0.023537960886637167
testvideo,74640,74890,74765,0.02861719384701183
testvideo,74680,74930,74805,0.0544451788499672
testvideo,74720,74970,74845,0.07215219331481018
testvideo,74760,75010,74885,0.09194668552356684
testvideo,74800,75050,74925,0.135078674856868
testvideo,74840,75090,74965,0.15875574811870338
testvideo,74880,75130,75005,0.17380083082678985
testvideo,74920,75170,75045,0.16879627427795746
testvideo,74960,75210,75085,0.16839482565162503
testvideo,75000,75250,75125,0.13968449032574318
testvideo,75040,75290,75165,0.1183521652446381
testvideo,75080,75330,75205,0.08174447091835324
testvideo,75120,75370,75245,0.06260304896724024
testvideo,75160,75410,75285,0.060936215178368384
testvideo,75200,75450,75325,0.05707617554675846
testvideo,75240,75490,75365,0.07328199204461734
testvideo,75280,75530,75405,0.10616714645009866
testvideo,75320,75570,75445,0.15903038627439206
testvideo,75360,75610,75485,0.19688672460353734
testvideo,75400,75650,75525,0.2593327284951457
testvideo,75440,75690,75565,0.294662201790654
testvideo,75480,75730,75605,0.3171965661272469
testvideo,75520,75770,75645,0.3520025764830815
testvideo,75560,75810,75685,0.32952798833633024
testvideo,75600,75850,75725,0.3223733520719936
testvideo,75640,75890,75765,0.29782443287892585
testvideo,75680,75930,75805,0.24146551699246763
testvideo,75720,75970,75845,0.15350846299421744
testvideo,75760,76010,75885,0.10700946736850807
testvideo,75800,76050,75925,0.08665126384574828
testvideo,75840,76090,75965,0.05566714130191978
testvideo,75880,76130,76005,0.07634488146071979
testvideo,75920,76170,76045,0.06782918790407479
testvideo,75960,76210,76085,0.07115407069952066
testvideo,76000,76250,76125,0.06924144912741999
testvideo,76040,76290,76165,0.0545614682920596
testvideo,76080,76330,76205,0.07947349973469676
testvideo,76120,76370,76245,0.13983723623829616
testvideo,76160,76410,76285,0.16553991912565205
testvideo,76200,76450,76325,0.22236433076412748
testvideo,76240,76490,76365,0.29263683813002833
testvideo,76280,76530,76405,0.2937704077387882
testvideo,76320,76570,76445,0.3239841874662956
testvideo,76360,76610,76485,0.2930367450181112
testvideo,76400,76650,76525,0.28503692050452406
testvideo,76440,76690,76565,0.21154260391057012
testvideo,76480,76730,76605,0.17795817786590087
testvideo,76520,76770,76645,0.1318615359205647
testvideo,76560,76810,76685,0.060391079168834794
testvideo,76600,76850,76725,0.05424398663147352
testvideo,76640,76890,76765,0.03652799840681029
testvideo,76680,76930,76805,0.037248893945348326
testvideo,76720,76970,76845,0.06396176684180611
testvideo,76760,77010,76885,0.09597391701716265
testvideo,76800,77050,76925,0.12062505257707633
testvideo,76840,77090,76965,0.13695767775237577
testvideo,76880,77130,77005,0.1554184854332211
testvideo,76920,77170,77045,0.13524604453228173
testvideo,76960,77210,77085,0.1094183381877876
testvideo,77000,77250,77125,0.095763336506576
testvideo,77040,77290,77165,0.09976553696708516
testvideo,77080,77330,77205,0.13814190565957707
testvideo,77120,77370,77245,0.23318239171011257
testvideo,77160,77410,77285,0.29546742096912765
testvideo,77200,77450,77325,0.3557072774212265
testvideo,77240,77490,77365,0.400696003843159
testvideo,77280,77530,77405,0.42867278966324535
testvideo,77320,77570,77445,0.36284222854364484
testvideo,77360,77610,77485,0.3202415992268825
testvideo,77400,77650,77525,0.24601591191143796
testvideo,77440,77690,77565,0.20751427081298726
testvideo,77480,77730,77605,0.13313765550701348
testvideo,77520,77770,77645,0.1067665752378268
testvideo,77560,77810,77685,0.07190569910933975
testvideo,77600,77850,77725,0.036910644753591536
testvideo,77640,77890,77765,0.037467491167224976
testvideo,77680,77930,77805,0.027894627558875215
testvideo,77720,77970,77845,0.022366867681837713
testvideo,77760,78010,77885,0.05631198397562137
testvideo,77800,78050,77925,0.1074993293584942
testvideo,77840,78090,77965,0.12424068985668947
testvideo,77880,78130,78005,0.12923649764023623
testvideo,77920,78170,78045,0.1553297885621104
testvideo,77960,78210,78085,0.12326352345788599
testvideo,78000,78250,78125,0.08930871147868961
testvideo,78040,78290,78165,0.0612938978563255
testvideo,78080,78330,78205,0.04501169160423118
testvideo,78120,78370,78245,0.025662975037099675
testvideo,78160,78410,78285,0.021441277146026092
testvideo,78200,78450,78325,0.011804948819042838
testvideo,78240,78490,78365,0.03338183426562782
testvideo,78280,78530,78405,0.03469685051772333
testvideo,78320,78570,78445,0.048980325273911024
testvideo,78360,78610,78485,0.050726848169828344
testvideo,78400,78650,78525,0.07534473765504106
testvideo,78440,78690,78565,0.13299661530127765
testvideo,78480,78730,78605,0.1609417915224685
testvideo,78520,78770,78645,0.21410791315219804
testvideo,78560,78810,78685,0.2676786018303553
testvideo,78600,78850,78725,0.2991169219315358
testvideo,78640,78890,78765,0.26629243695984517
testvideo,78680,78930,78805,0.23305870000945078
testvideo,78720,78970,78845,0.1886098313587776
testvideo,78760,79010,78885,0.13791669533929818
testvideo,78800,79050,78925,0.09633273431170597
testvideo,78840,79090,78965,0.04526434365054926
testvideo,78880,79130,79005,0.048142443012083334
testvideo,78920,79170,79045,0.08112039402251524
testvideo,78960,79210,79085,0.1576600595931119
testvideo,79000,79250,79125,0.21058716025943502
testvideo,79040,79290,79165,0.1918386258849492
testvideo,79080,79330,79205,0.22083018936747362
testvideo,79120,79370,79245,0.22609857152931276
testvideo,79160,79410,79285,0.16906682317296753
testvideo,79200,79450,79325,0.13812694131733205
testvideo,79240,79490,79365,0.16417919498526065
testvideo,79280,79530,79405,0.1685494210141218
testvideo,79320,79570,79445,0.14281294247955675
testvideo,79360,79610,79485,0.1336145631324687
testvideo,79400,79650,79525,0.1045463124238696
testvideo,79440,79690,79565,0.06541216312721658
testvideo,79480,79730,79605,0.1000089901534643
testvideo,79520,79770,79645,0.16675330730730908
testvideo,79560,79810,79685,0.25238477888675354
testvideo,79600,79850,79725,0.2826435575076
testvideo,79640,79890,79765,0.3902924752806338
testvideo,79680,79930,79805,0.40015340209442807
testvideo,79720,79970,79845,0.3953035675753927
testvideo,79760,80010,79885,0.33349795938604704
testvideo,79800,80050,79925,0.33546307796153857
testvideo,79840,80090,79965,0.24629508956774612
testvideo,79880,80130,80005,0.212571765475784
testvideo,79920,80170,80045,0.16653227298576181
testvideo,79960,80210,80085,0.1258033680241752
testvideo,80000,80250,80125,0.06783361841628756
testvideo,80040,80290,80165,0.04567816093233922
testvideo,80080,80330,80205,0.03282948565443356
testvideo,80120,80370,80245,0.04199319035254033
testvideo,80160,80410,80285,0.04222512334122654
testvideo,80200,80450,80325,0.0636347721180499
testvideo,80240,80490,80365,0.08821859991723373
testvideo,80280,80530,80405,0.11962591568392995
testvideo,80320,80570,80445,0.13129609556585894
testvideo,80360,80610,80485,0.13553452933725538
testvideo,80400,80650,80525,0.12812095355951572
testvideo,80440,80690,80565,0.10518022753353819
testvideo,80480,80730,80605,0.08100551616984249
testvideo,80520,80770,80645,0.05450124138792565
testvideo,80560,80810,80685,0.03777837192480305
testvideo,80600,80850,80725,0.019967298224541217
testvideo,80640,80890,80765,0.026555224740010718
testvideo,80680,80930,80805,0.047736725608520734
testvideo,80720,80970,80845,0.12854302070398502
testvideo,80760,81010,80885,0.17083970738397092
testvideo,80800,81050,80925,0.21306642048509294
testvideo,80840,81090,80965,0.2916100058498849
testvideo,80880,81130,81005,0.2937826044784662
testvideo,80920,81170,81045,0.23161516403884716
testvideo,80960,81210,81085,0.19483815278642386
testvideo,81000,81250,81125,0.1612356020762534
testvideo,81040,81290,81165,0.09372358000687962
testvideo,81080,81330,81205,0.057435875303589505
testvideo,81120,81370,81245,0.04821055296770589
testvideo,81160,81410,81285,0.0350829201362664
testvideo,81200,81450,81325,0.034935366599270726
testvideo,81240,81490,81365,0.03922911430456542
testvideo,81280,81530,81405,0.0712852167735807
testvideo,81320,81570,81445,0.12796166055638647
testvideo,81360,81610,81485,0.1716371399203815
testvideo,81400,81650,81525,0.19950120189009213
testvideo,81440,81690,81565,0.23146777058457688
testvideo,81480,81730,81605,0.21053140559489067
testvideo,81520,81770,81645,0.16386526256185077
testvideo,81560,81810,81685,0.12138280758987714
testvideo,81600,81850,81725,0.10543610355184367
testvideo,81640,81890,81765,0.0653133089234751
testvideo,81680,81930,81805,0.06755729225980599
testvideo,81720,81970,81845,0.05659208385138723
testvideo,81760,82010,81885,0.05381158484615835
testvideo,81800,82050,81925,0.08071374852864653
testvideo,81840,82090,81965,0.11459681993086582
testvideo,81880,82130,82005,0.1653039142199646
testvideo,81920,82170,82045,0.22705738634586436
testvideo,81960,82210,82085,0.24879280197518092
testvideo,82000,82250,82125,0.26664144116759025
testvideo,82040,82290,82165,0.2549794950230015
testvideo,82080,82330,82205,0.21818753448204076
testvideo,82120,82370,82245,0.16818365447386582
testvideo,82160,82410,82285,0.11770785405421921
testvideo,82200,82450,82325,0.0931737952928127
testvideo,82240,82490,82365,0.06651904669066518
testvideo,82280,82530,82405,0.02200526687789285
testvideo,82320,82570,82445,0.012267436347841103
testvideo,82360,82610,82485,0.014385930677745235
testvideo,82400,82650,82525,0.03662253627042917
testvideo,82440,82690,82565,0.05816041575617293
testvideo,82480,82730,82605,0.10221730914047734
testvideo,82520,82770,82645,0.1123386334156272
testvideo,82560,82810,82685,0.12299874986760562
testvideo,82600,82850,82725,0.1256978677877473
testvideo,82640,82890,82765,0.1231661929956409
testvideo,82680,82930,82805,0.08667192476403661
testvideo,82720,82970,82845,0.07684773432657023
testvideo,82760,83010,82885,0.06878867088089578
testvideo,82800,83050,82925,0.051282894577485125
testvideo,82840,83090,82965,0.03576606118903685
testvideo,82880,83130,83005,0.027210890560256325
testvideo,82920,83170,83045,0.02563222449401223
testvideo,82960,83210,83085,0.028022246460706567
testvideo,83000,83250,83125,0.06269288666770005
testvideo,83040,83290,83165,0.09410843291901716
testvideo,83080,83330,83205,0.12494924014565671
testvideo,83120,83370,83245,0.1803105874127382
testvideo,83160,83410,83285,0.20339518165662332
testvideo,83200,83450,83325,0.19786396881712856
testvideo,83240,83490,83365,0.1834308749199046
testvideo,83280,83530,83405,0.1525382282408379
testvideo,83320,83570,83445,0.1143122688067199
testvideo,83360,83610,83485,0.0864167060090274
testvideo,83400,83650,83525,0.059754701318300824
testvideo,83440,83690,83565,0.0449039209381724
testvideo,83480,83730,83605,0.0348942961405635
testvideo,83520,83770,83645,0.023216266806188064
testvideo,83560,83810,83685,0.043288199084888346
testvideo,83600,83850,83725,0.06521972012650955
testvideo,83640,83890,83765,0.13302374805221323
testvideo,83680,83930,83805,0.17371565208592196
testvideo,83720,83970,83845,0.21527424713030238
testvideo,83760,84010,83885,0.2227170747920014
testvideo,83800,84050,83925,0.21131183396821931
testvideo,83840,84090,83965,0.17382396709889078
testvideo,83880,84130,84005,0.13982585684000245
testvideo,83920,84170,84045,0.09487148951793344
testvideo,83960,84210,84085,0.06550622267953415
testvideo,84000,84250,84125,0.05094139013006386
testvideo,84040,84290,84165,0.02417338314332224
testvideo,84080,84330,84205,0.0235782096265103
testvideo,84120,84370,84245,0.018908011965624343
testvideo,84160,84410,84285,0.043440314438103644
testvideo,84200,84450,84325,0.08540880403940093
testvideo,84240,84490,84365,0.12009813731570419
testvideo,84280,84530,84405,0.18548008387469891
testvideo,84320,84570,84445,0.21166579211586267
testvideo,84360,84610,84485,0.24324153282132607
testvideo,84400,84650,84525,0.23987248211868809
testvideo,84440,84690,84565,0.23398499142104776
testvideo,84480,84730,84605,0.18771276248865107
testvideo,84520,84770,84645,0.1492866716408885
testvideo,84560,84810,84685,0.11995946009536278
testvideo,84600,84850,84725,0.08443361137983045
testvideo,84640,84890,84765,0.05310516359104223
testvideo,84680,84930,84805,0.035287982619440654
testvideo,84720,84970,84845,0.02050322077358217
testvideo,84760,85010,84885,0.022747052341921887
testvideo,84800,85050,84925,0.03659608244786159
testvideo,84840,85090,84965,0.058274906412818316
testvideo,84880,85130,85005,0.10598422290271471
testvideo,84920,85170,85045,0.12633768370394824
testvideo,84960,85210,85085,0.15058502553007416
testvideo,85000,85250,85125,0.16889764393083792
testvideo,85040,85290,85165,0.15736748034661505
testvideo,85080,85330,85205,0.11518932433987171
testvideo,85120,85370,85245,0.09453976032501661
testvideo,85160,85410,85285,0.0751350658398586
testvideo,85200,85450,85325,0.03717225026404768
testvideo,85240,85490,85365,0.0273464021558664
testvideo,85280,85530,85405,0.018053539005958123
testvideo,85320,85570,85445,0.0479511811160685
testvideo,85360,85610,85485,0.06471726320016595
testvideo,85400,85650,85525,0.08870801483617473
testvideo,85440,85690,85565,0.09812477791510098
testvideo,85480,85730,85605,0.10115849817841682
testvideo,85520,85770,85645,0.08335562987922782
testvideo,85560,85810,85685,0.060881908599321084
testvideo,85600,85850,85725,0.0273713864065989
testvideo,85640,85890,85765,0.01906582334135388
testvideo,85680,85930,85805,0.019377927991862224
testvideo,85720,85970,85845,0.044866244024577874
testvideo,85760,86010,85885,0.07067653019318572
testvideo,85800,86050,85925,0.10884027945549866
testvideo,85840,86090,85965,0.14631741000929496
testvideo,85880,86130,86005,0.1835077230603114
testvideo,85920,86170,86045,0.17999352097080354
testvideo,85960,86210,86085,0.1661718570998063
testvideo,86000,86250,86125,0.15465196188512892
testvideo,86040,86290,86165,0.12822083525052033
testvideo,86080,86330,86205,0.09047287752506504
testvideo,86120,86370,86245,0.08069409075491082
testvideo,86160,86410,86285,0.07500580408316847
testvideo,86200,86450,86325,0.07000733756494167
testvideo,86240,86490,86365,0.06477331274533221
testvideo,86280,86530,86405,0.05992741547306831
testvideo,86320,86570,86445,0.04796803508626424
testvideo,86360,86610,86485,0.035272956843099744
testvideo,86400,86650,86525,0.04126400949168802
testvideo,86440,86690,86565,0.02582309037228434
testvideo,86480,86730,86605,0.03330564119261911
testvideo,86520,86770,86645,0.02993128704403108
testvideo,86560,86810,86685,0.03892691507421336
testvideo,86600,86850,86725,0.05466859296207433
testvideo,86640,86890,86765,0.09176329499965431
testvideo,86680,86930,86805,0.12944170045145173
testvideo,86720,86970,86845,0.16514157600455956
testvideo,86760,87010,86885,0.1741604264780734
testvideo,86800,87050,86925,0.17561828495415108
testvideo,86840,87090,86965,0.16131105193484008
testvideo,86880,87130,87005,0.12175680017231288
testvideo,86920,87170,87045,0.08884175873481216
testvideo,86960,87210,87085,0.057101185655454925
testvideo,87000,87250,87125,0.04632377703133273
testvideo,87040,87290,87165,0.03892778782222383
testvideo,87080,87330,87205,0.045048012686334606
testvideo,87120,87370,87245,0.06123996161504402
testvideo,87160,87410,87285,0.09281254362440709
testvideo,87200,87450,87325,0.12400120479047562
testvideo,87240,87490,87365,0.15944557949004914
testvideo,87280,87530,87405,0.1774437330901761
testvideo,87320,87570,87445,0.1847232756841671
testvideo,87360,87610,87485,0.18084584216930025
testvideo,87400,87650,87525,0.14251365137684144
testvideo,87440,87690,87565,0.11922996280327214
testvideo,87480,87730,87605,0.07350278295701902
testvideo,87520,87770,87645,0.051187283186320466
testvideo,87560,87810,87685,0.04121153243115102
testvideo,87600,87850,87725,0.04932638736348551
testvideo,87640,87890,87765,0.08945594737394187
testvideo,87680,87930,87805,0.14204021612296383
testvideo,87720,87970,87845,0.18575513638265792
testvideo,87760,88010,87885,0.22156051436315213
testvideo,87800,88050,87925,0.2504421399762354
testvideo,87840,88090,87965,0.2724704103754233
testvideo,87880,88130,88005,0.26388272142717445
testvideo,87920,88170,88045,0.22437797342597232
testvideo,87960,88210,88085,0.19701567554420005
testvideo,88000,88250,88125,0.14509234369056992
testvideo,88040,88290,88165,0.12233903506423648
testvideo,88080,88330,88205,0.08543849366523816
testvideo,88120,88370,88245,0.054225638275770593
testvideo,88160,88410,88285,0.041510429608704255
testvideo,88200,88450,88325,0.034691114255265436
testvideo,88240,88490,88365,0.03494686481290195
testvideo,88280,88530,88405,0.05856844686736433
testvideo,88320,88570,88445,0.07617148914950238
testvideo,88360,88610,88485,0.10563669788723228
testvideo,88400,88650,88525,0.13633120192178297
testvideo,88440,88690,88565,0.15654256009751816
testvideo,88480,88730,88605,0.16580834502704203
testvideo,88520,88770,88645,0.13769746579082429
testvideo,88560,88810,88685,0.11792475778228691
testvideo,88600,88850,88725,0.07892529096924761
testvideo,88640,88890,88765,0.055172448234556304
testvideo,88680,88930,88805,0.04637404728848128
testvideo,88720,88970,88845,0.04391820511841373
testvideo,88760,89010,88885,0.046995748890458044
testvideo,88800,89050,88925,0.05752232839347027
testvideo,88840,89090,88965,0.058311015217060565
testvideo,88880,89130,89005,0.059418510744975346
testvideo,88920,89170,89045,0.05843866050086456
testvideo,88960,89210,89085,0.04981479856695383
testvideo,89000,89250,89125,0.045960121082022326
testvideo,89040,89290,89165,0.05971368918153868
testvideo,89080,89330,89205,0.08459196494932919
testvideo,89120,89370,89245,0.10338609771391813
testvideo,89160,89410,89285,0.14744318343232013
testvideo,89200,89450,89325,0.1691668052065564
testvideo,89240,89490,89365,0.14819865773633262
testvideo,89280,89530,89405,0.13046160257700828
testvideo,89320,89570,89445,0.1079444774631105
testvideo,89360,89610,89485,0.06616826457825421
testvideo,89400,89650,89525,0.05718880777212662
testvideo,89440,89690,89565,0.050066994767897145
testvideo,89480,89730,89605,0.049150656341757484
testvideo,89520,89770,89645,0.05919487683888893
testvideo,89560,89810,89685,0.07402341011391027
testvideo,89600,89850,89725,0.06600516874045141
testvideo,89640,89890,89765,0.06602348549923621
testvideo,89680,89930,89805,0.05794910086924655
testvideo,89720,89970,89845,0.07325642647450879
testvideo,89760,90010,89885,0.05821707388009923
testvideo,89800,90050,89925,0.04891473363521439
testvideo,89840,90090,89965,0.04971752380643455
testvideo,89880,90130,90005,0.057402862491632144
testvideo,89920,90170,90045,0.10395805441793089
testvideo,89960,90210,90085,0.10231201881618797
testvideo,90000,90250,90125,0.15178904630148915
testvideo,90040,90290,90165,0.1936297416113486
testvideo,90080,90330,90205,0.22007441606521133
testvideo,90120,90370,90245,0.22327141817659288
testvideo,90160,90410,90285,0.1964634009628298
testvideo,90200,90450,90325,0.177470768935216
testvideo,90240,90490,90365,0.13090896614257275
testvideo,90280,90530,90405,0.08395588210211392
testvideo,90320,90570,90445,0.06523453458384433
testvideo,90360,90610,90485,0.04940734208665563
testvideo,90400,90650,90525,0.022890518672209873
testvideo,90440,90690,90565,0.023735665080003295
testvideo,90480,90730,90605,0.024004485901321187
testvideo,90520,90770,90645,0.046316676468728106
testvideo,90560,90810,90685,0.06537025868028701
testvideo,90600,90850,90725,0.10481994858543374
testvideo,90640,90890,90765,0.14056361034472206
testvideo,90680,90930,90805,0.17429273863789932
testvideo,90720,90970,90845,0.18254545111877912
testvideo,90760,91010,90885,0.18912226948861152
testvideo,90800,91050,90925,0.16905712699773376
testvideo,90840,91090,90965,0.1433562547273972
testvideo,90880,91130,91005,0.1043164360446137
testvideo,90920,91170,91045,0.06879897670142135
testvideo,90960,91210,91085,0.04922787428167806
testvideo,91000,91250,91125,0.033446623197266365
testvideo,91040,91290,91165,0.031890878261265104
testvideo,91080,91330,91205,0.05694573664233695
testvideo,91120,91370,91245,0.13026962851545903
testvideo,91160,91410,91285,0.16165011399437362
testvideo,91200,91450,91325,0.19151104192932597
testvideo,91240,91490,91365,0.2441730606397973
testvideo,91280,91530,91405,0.2702047767053651
testvideo,91320,91570,91445,0.26148150160545774
testvideo,91360,91610,91485,0.22334129464689015
testvideo,91400,91650,91525,0.20642641327014863
testvideo,91440,91690,91565,0.15801541468493813
testvideo,91480,91730,91605,0.11158770480863738
testvideo,91520,91770,91645,0.0866516588283295
testvideo,91560,91810,91685,0.05754715875946814
testvideo,91600,91850,91725,0.0392747273449484
testvideo,91640,91890,91765,0.02803880841460309
testvideo,91680,91930,91805,0.03397133566143798
testvideo,91720,91970,91845,0.04972114185570187
testvideo,91760,92010,91885,0.07617331740107398
testvideo,91800,92050,91925,0.08125075538287548
testvideo,91840,92090,91965,0.10642136904773443
testvideo,91880,92130,92005,0.11526353655488435
testvideo,91920,92170,92045,0.10135729840057855
testvideo,91960,92210,92085,0.07823403698218663
testvideo,92000,92250,92125,0.061250891097879574
testvideo,92040,92290,92165,0.052583908121580855
testvideo,92080,92330,92205,0.0266558897832314
testvideo,92120,92370,92245,0.020240933351816648
testvideo,92160,92410,92285,0.03567751880737511
testvideo,92200,92450,92325,0.05919858168119826
testvideo,92240,92490,92365,0.07912727187610248
testvideo,92280,92530,92405,0.12708473362334136
testvideo,92320,92570,92445,0.1342095570198635
testvideo,92360,92610,92485,0.13000485528912156
testvideo,92400,92650,92525,0.10934486648193949
testvideo,92440,92690,92565,0.08639856570907838
testvideo,92480,92730,92605,0.043628428022284164
testvideo,92520,92770,92645,0.03412523437137403
testvideo,92560,92810,92685,0.04763948019702119
testvideo,92600,92850,92725,0.06585292995017485
testvideo,92640,92890,92765,0.08624426187802571
testvideo,92680,92930,92805,0.12010663339963583
testvideo,92720,92970,92845,0.16635423722489606
testvideo,92760,93010,92885,0.1850199503427452
testvideo,92800,93050,92925,0.13869341890977868
testvideo,92840,93090,92965,0.13363069440542652
testvideo,92880,93130,93005,0.1021475060004232
testvideo,92920,93170,93045,0.08026104803277019
testvideo,92960,93210,93085,0.06448527804136604
testvideo,93000,93250,93125,0.09737688572066958
testvideo,93040,93290,93165,0.11684965897928244
testvideo,93080,93330,93205,0.11660546471442015
testvideo,93120,93370,93245,0.10563410534239916
testvideo,93160,93410,93285,0.11649985404072621
testvideo,93200,93450,93325,0.08723001851625597
testvideo,93240,93490,93365,0.08160773101416818
testvideo,93280,93530,93405,0.07688904922037916
testvideo,93320,93570,93445,0.09569340834017274
testvideo,93360,93610,93485,0.0791439092113549
testvideo,93400,93650,93525,0.06554435406002747
testvideo,93440,93690,93565,0.06054293714885366
testvideo,93480,93730,93605,0.06578251112543676
testvideo,93520,93770,93645,0.06200466805678418
testvideo,93560,93810,93685,0.07943321469513302
testvideo,93600,93850,93725,0.12318053924441057
testvideo,93640,93890,93765,0.17187522276656558
testvideo,93680,93930,93805,0.1962500163349299
testvideo,93720,93970,93845,0.22539199428708412
testvideo,93760,94010,93885,0.23273408271432572
testvideo,93800,94050,93925,0.19053472162634777
testvideo,93840,94090,93965,0.13869083964241385
testvideo,93880,94130,94005,0.11184554918976522
testvideo,93920,94170,94045,0.08205535228277555
testvideo,93960,94210,94085,0.04393095811736598
testvideo,94000,94250,94125,0.05516786416515725
testvideo,94040,94290,94165,0.09357181633273873
testvideo,94080,94330,94205,0.13359531625278923
testvideo,94120,94370,94245,0.1864097518913254
testvideo,94160,94410,94285,0.24919103306861837
testvideo,94200,94450,94325,0.27758353221249776
testvideo,94240,94490,94365,0.2683750046881455
testvideo,94280,94530,94405,0.2653650453939881
testvideo,94320,94570,94445,0.23386318008065382
testvideo,94360,94610,94485,0.1835311749871513
testvideo,94400,94650,94525,0.14011538103601043
testvideo,94440,94690,94565,0.11676217418673702
testvideo,94480,94730,94605,0.08427485357517923
testvideo,94520,94770,94645,0.06380575976410943
testvideo,94560,94810,94685,0.043315616954718604
testvideo,94600,94850,94725,0.04251707529796963
testvideo,94640,94890,94765,0.037382613891049236
testvideo,94680,94930,94805,0.11260611471630247
testvideo,94720,94970,94845,0.14148187594075762
testvideo,94760,95010,94885,0.1902365481747136
testvideo,94800,95050,94925,0.2378024463659009
testvideo,94840,95090,94965,0.2694935557462927
testvideo,94880,95130,95005,0.2777969666120958
testvideo,94920,95170,95045,0.26624807529466693
testvideo,94960,95210,95085,0.24268597709324147
testvideo,95000,95250,95125,0.21084547097354692
testvideo,95040,95290,95165,0.183294296618135
testvideo,95080,95330,95205,0.13588320519786276
testvideo,95120,95370,95245,0.09731534522895675
testvideo,95160,95410,95285,0.06997650011109532
testvideo,95200,95450,95325,0.055483751195384075
testvideo,95240,95490,95365,0.044139351671488684
testvideo,95280,95530,95405,0.033464586747341575
testvideo,95320,95570,95445,0.05184249023110462
testvideo,95360,95610,95485,0.0812834947244133
testvideo,95400,95650,95525,0.10853704568059337
testvideo,95440,95690,95565,0.13666645562869797
testvideo,95480,95730,95605,0.1407791673875448
testvideo,95520,95770,95645,0.12511337740224834
testvideo,95560,95810,95685,0.1120448135042987
testvideo,95600,95850,95725,0.07119830402107032
testvideo,95640,95890,95765,0.0400102579747621
testvideo,95680,95930,95805,0.030245485851637294
testvideo,95720,95970,95845,0.035015655233012526
testvideo,95760,96010,95885,0.04002956963032792
testvideo,95800,96050,95925,0.052960737333953976
testvideo,95840,96090,95965,0.08551075582169014
testvideo,95880,96130,96005,0.11912571106074037
testvideo,95920,96170,96045,0.16018994787031549
testvideo,95960,96210,96085,0.1700910508676914
testvideo,96000,96250,96125,0.17172877925695526
testvideo,96040,96290,96165,0.15500304260418232
testvideo,96080,96330,96205,0.12431554701673629
testvideo,96120,96370,96245,0.09133791888681438
testvideo,96160,96410,96285,0.05066482314971492
testvideo,96200,96450,96325,0.02982936884713569
testvideo,96240,96490,96365,0.013114519291258888
testvideo,96280,96530,96405,0.012758576127811326
testvideo,96320,96570,96445,0.06413204272368105
testvideo,96360,96610,96485,0.09429543303604596
testvideo,96400,96650,96525,0.13247354721136959
testvideo,96440,96690,96565,0.1622526140348892
testvideo,96480,96730,96605,0.19061094142189317
testvideo,96520,96770,96645,0.18211719766445214
testvideo,96560,96810,96685,0.14956926292016268
testvideo,96600,96850,96725,0.12407628716123212
testvideo,96640,96890,96765,0.09020352598457347
testvideo,96680,96930,96805,0.06367038797245515
testvideo,96720,96970,96845,0.044206321925103244
testvideo,96760,97010,96885,0.028392244503002116
testvideo,96800,97050,96925,0.02178758704918756
testvideo,96840,97090,96965,0.020946928764482703
testvideo,96880,97130,97005,0.01658351942696655
testvideo,96920,97170,97045,0.018563171183517618
testvideo,96960,97210,97085,0.03757070657592362
testvideo,97000,97250,97125,0.055082274005317115
testvideo,97040,97290,97165,0.07523651172722919
testvideo,97080,97330,97205,0.11419109143215517
testvideo,97120,97370,97245,0.15278836848824906
testvideo,97160,97410,97285,0.2015305056962023
testvideo,97200,97450,97325,0.23356539394931386
testvideo,97240,97490,97365,0.2631631713424543
testvideo,97280,97530,97405,0.30534404582217756
testvideo,97320,97570,97445,0.345546305901048
testvideo,97360,97610,97485,0.3538499824043578
testvideo,97400,97650,97525,0.27726611570967086
testvideo,97440,97690,97565,0.2514471869558905
testvideo,97480,97730,97605,0.18694954781032158
testvideo,97520,97770,97645,0.10680694969405839
testvideo,97560,97810,97685,0.07167819027299394
testvideo,97600,97850,97725,0.07412699541155365
testvideo,97640,97890,97765,0.09286628156778362
testvideo,97680,97930,97805,0.1072651101262515
testvideo,97720,97970,97845,0.13083466321810644
testvideo,97760,98010,97885,0.14252789203493263
testvideo,97800,98050,97925,0.17953848360565333
testvideo,97840,98090,97965,0.23572305788684406
testvideo,97880,98130,98005,0.2909495782303295
testvideo,97920,98170,98045,0.3382217411097357
testvideo,97960,98210,98085,0.37703941828341353
testvideo,98000,98250,98125,0.3646590010727838
testvideo,98040,98290,98165,0.36336006813770755
testvideo,98080,98330,98205,0.31487456081918336
testvideo,98120,98370,98245,0.2178312660920784
testvideo,98160,98410,98285,0.15862760029827125
testvideo,98200,98450,98325,0.10800100872153884
testvideo,98240,98490,98365,0.08870845903368871
testvideo,98280,98530,98405,0.058707153785748
testvideo,98320,98570,98445,0.05893256833882043
testvideo,98360,98610,98485,0.054378768787179434
testvideo,98400,98650,98525,0.0679216338876077
testvideo,98440,98690,98565,0.12648571884459023
testvideo,98480,98730,98605,0.16317839989674185
testvideo,98520,98770,98645,0.22778290094028775
testvideo,98560,98810,98685,0.2657209080725437
testvideo,98600,98850,98725,0.28506325875261357
testvideo,98640,98890,98765,0.23727943922016095
testvideo,98680,98930,98805,0.21310638097114978
testvideo,98720,98970,98845,0.15603893612563136
testvideo,98760,99010,98885,0.11859608942714543
testvideo,98800,99050,98925,0.08157805349338997
testvideo,98840,99090,98965,0.06996053569892578
testvideo,98880,99130,99005,0.05987952627436754
testvideo,98920,99170,99045,0.05435174689154063
testvideo,98960,99210,99085,0.1072008396014039
testvideo,99000,99250,99125,0.15244259871181284
testvideo,99040,99290,99165,0.194965502988831
testvideo,99080,99330,99205,0.22914985774775176
testvideo,99120,99370,99245,0.24535598905381434
testvideo,99160,99410,99285,0.23834254193512883
testvideo,99200,99450,99325,0.20122773136877622
testvideo,99240,99490,99365,0.12866730899574752
testvideo,99280,99530,99405,0.11719330305508037
testvideo,99320,99570,99445,0.08045228178269301
testvideo,99360,99610,99485,0.038201385037669455
testvideo,99400,99650,99525,0.029399782288192223
testvideo,99440,99690,99565,0.021976839849023655
testvideo,99480,99730,99605,0.04675145442316185
testvideo,99520,99770,99645,0.06769633337081539
testvideo,99560,99810,99685,0.10230835808515759
testvideo,99600,99850,99725,0.13324998764423165
testvideo,99640,99890,99765,0.1597482250575992
testvideo,99680,99930,99805,0.16509456581578874
testvideo,99720,99970,99845,0.15584328878621062
testvideo,99760,100010,99885,0.13380237839587958
testvideo,99800,100050,99925,0.10783364980829324
testvideo,99840,100090,99965,0.08355297716147791
testvideo,99880,100130,100005,0.05334849803189418
testvideo,99920,100170,100045,0.036265677638255944
testvideo,99960,100210,100085,0.020934857520275994
testvideo,100000,100250,100125,0.01939659184288812
testvideo,100040,100290,100165,0.018891646618893854
testvideo,100080,100330,100205,0.03553874642469811
testvideo,100120,100370,100245,0.039228517202665326
testvideo,100160,100410,100285,0.03998664716985549
testvideo,100200,100450,100325,0.041311915423573604
testvideo,100240,100490,100365,0.04631032549662865
testvideo,100280,100530,100405,0.06914392340503314
testvideo,100320,100570,100445,0.09902809303803527
testvideo,100360,100610,100485,0.13211664005894852
testvideo,100400,100650,100525,0.2058997042945807
testvideo,100440,100690,100565,0.2700056672930154
testvideo,100480,100730,100605,0.3183131760407932
testvideo,100520,100770,100645,0.3507638728405561
testvideo,100560,100810,100685,0.3710142759398369
testvideo,100600,100850,100725,0.3547247380597572
testvideo,100640,100890,100765,0.3090490708176356
testvideo,100680,100930,100805,0.26320676927576375
testvideo,100720,100970,100845,0.1945650329156683
testvideo,100760,101010,100885,0.1470997320234683
testvideo,100800,101050,100925,0.08205665912336606
testvideo,100840,101090,100965,0.057625085085933954
testvideo,100880,101130,101005,0.03957440544079761
testvideo,100920,101170,101045,0.09084678021997648
testvideo,100960,101210,101085,0.10651862927508625
testvideo,101000,101250,101125,0.14982617816984473
testvideo,101040,101290,101165,0.2334745825792149
testvideo,101080,101330,101205,0.2929842551871573
testvideo,101120,101370,101245,0.3758530449440159
testvideo,101160,101410,101285,0.3833203682548639
testvideo,101200,101450,101325,0.4018474739687253
testvideo,101240,101490,101365,0.4069059113774034
testvideo,101280,101530,101405,0.36512199003466833
testvideo,101320,101570,101445,0.27351742902227144
testvideo,101360,101610,101485,0.2351816442882982
testvideo,101400,101650,101525,0.1785676521939876
testvideo,101440,101690,101565,0.11392832636420559
testvideo,101480,101730,101605,0.08756730552070292
testvideo,101520,101770,101645,0.07711145986280436
testvideo,101560,101810,101685,0.06573752933606798
testvideo,101600,101850,101725,0.04500755106806192
testvideo,101640,101890,101765,0.05873481413159881
testvideo,101680,101930,101805,0.08850061319002463
testvideo,101720,101970,101845,0.14073400252032878
testvideo,101760,102010,101885,0.17760726921599307
testvideo,101800,102050,101925,0.20687566939431545
testvideo,101840,102090,101965,0.2456009639647043
testvideo,101880,102130,102005,0.24590819715903822
testvideo,101920,102170,102045,0.19709319795411764
testvideo,101960,102210,102085,0.1402573140773651
testvideo,102000,102250,102125,0.11583721778869847
testvideo,102040,102290,102165,0.08568446825997952
testvideo,102080,102330,102205,0.046318045394269154
testvideo,102120,102370,102245,0.041808173320216725
testvideo,102160,102410,102285,0.10361817307516308
testvideo,102200,102450,102325,0.16248685377745545
testvideo,102240,102490,102365,0.18903014105232044
testvideo,102280,102530,102405,0.25618060556319944
testvideo,102320,102570,102445,0.2701594286631564
testvideo,102360,102610,102485,0.24824463280152692
testvideo,102400,102650,102525,0.23531162181789325
testvideo,102440,102690,102565,0.1827745413994491
testvideo,102480,102730,102605,0.12608477222584366
testvideo,102520,102770,102645,0.10486362541899837
testvideo,102560,102810,102685,0.07084534552026295
testvideo,102600,102850,102725,0.04210259027033513
testvideo,102640,102890,102765,0.026621381701328054
testvideo,102680,102930,102805,0.023391629862283613
testvideo,102720,102970,102845,0.038529951901575384
testvideo,102760,103010,102885,0.05320324442994678
testvideo,102800,103050,102925,0.09959151587878082
testvideo,102840,103090,102965,0.12378527297033717
testvideo,102880,103130,103005,0.16062125467074737
testvideo,102920,103170,103045,0.1719490541307526
testvideo,102960,103210,103085,0.1743162604224118
testvideo,103000,103250,103125,0.14999204279485362
testvideo,103040,103290,103165,0.11976915379683738
testvideo,103080,103330,103205,0.09773078522523992
testvideo,103120,103370,103245,0.06094797892164214
testvideo,103160,103410,103285,0.041832615522333944
testvideo,103200,103450,103325,0.024678462754533937
testvideo,103240,103490,103365,0.02169342662415138
testvideo,103280,103530,103405,0.028553507525830413
testvideo,103320,103570,103445,0.030366268140509144
testvideo,103360,103610,103485,0.035737089026159505
testvideo,103400,103650,103525,0.03511590829396933
testvideo,103440,103690,103565,0.03456080929302984
testvideo,103480,103730,103605,0.032452943895052405
testvideo,103520,103770,103645,0.03661086814543415
testvideo,103560,103810,103685,0.04211163400655696
testvideo,103600,103850,103725,0.07157825685794694
testvideo,103640,103890,103765,0.11171086446929215
testvideo,103680,103930,103805,0.14934553947368115
testvideo,103720,103970,103845,0.21225119371391943
testvideo,103760,104010,103885,0.2483743098279089
testvideo,103800,104050,103925,0.2854033017641256
testvideo,103840,104090,103965,0.3023070108015302
testvideo,103880,104130,104005,0.3164044689670916
testvideo,103920,104170,104045,0.3606505297168637
testvideo,103960,104210,104085,0.32310556423847625
testvideo,104000,104250,104125,0.2662871231375134
testvideo,104040,104290,104165,0.18892260803367122
testvideo,104080,104330,104205,0.16933066057296337
testvideo,104120,104370,104245,0.13459598087228908
testvideo,104160,104410,104285,0.05382003377709959
testvideo,104200,104450,104325,0.06131174774365094
testvideo,104240,104490,104365,0.10737801895426388
testvideo,104280,104530,104405,0.11405433829916985
testvideo,104320,104570,104445,0.14613565711818927
testvideo,104360,104610,104485,0.21929654879997154
testvideo,104400,104650,104525,0.25937245526120356
testvideo,104440,104690,104565,0.2919870525239247
testvideo,104480,104730,104605,0.3349037418761919
testvideo,104520,104770,104645,0.36611191380328884
testvideo,104560,104810,104685,0.37354973229472815
testvideo,104600,104850,104725,0.368634856309747
testvideo,104640,104890,104765,0.34074919172886103
testvideo,104680,104930,104805,0.27796806637007115
testvideo,104720,104970,104845,0.2148982553258035
testvideo,104760,105010,104885,0.13708558735324752
testvideo,104800,105050,104925,0.09018271214641756
testvideo,104840,105090,104965,0.06683971960974637
testvideo,104880,105130,105005,0.03665382991142737
testvideo,104920,105170,105045,0.029486221766835637
testvideo,104960,105210,105085,0.04640013594594786
testvideo,105000,105250,105125,0.07758034590036501
testvideo,105040,105290,105165,0.1219962670257842
testvideo,105080,105330,105205,0.17474713386525012
testvideo,105120,105370,105245,0.1936139223291166
testvideo,105160,105410,105285,0.22851056840273026
testvideo,105200,105450,105325,0.24157979758387696
testvideo,105240,105490,105365,0.20150430349123694
testvideo,105280,105530,105405,0.174433183977485
testvideo,105320,105570,105445,0.1229274111813391
testvideo,105360,105610,105485,0.10584181031611084
testvideo,105400,105650,105525,0.050689309156324296
testvideo,105440,105690,105565,0.04289587311030754
testvideo,105480,105730,105605,0.028198855178276607
testvideo,105520,105770,105645,0.05534523228396793
testvideo,105560,105810,105685,0.105074825572367
testvideo,105600,105850,105725,0.1856212149200687
testvideo,105640,105890,105765,0.2562586935991074
testvideo,105680,105930,105805,0.3234112288198702
testvideo,105720,105970,105845,0.3909271616189555
testvideo,105760,106010,105885,0.3970249801700939
testvideo,105800,106050,105925,0.373699576047877
testvideo,105840,106090,105965,0.32499215785578867
testvideo,105880,106130,106005,0.2789340577361239
testvideo,105920,106170,106045,0.212941267254765
testvideo,105960,106210,106085,0.1499368242711568
testvideo,106000,106250,106125,0.08838538692954238
testvideo,106040,106290,106165,0.06546879281968028
testvideo,106080,106330,106205,0.04878650645730572
testvideo,106120,106370,106245,0.025502644173677334
testvideo,106160,106410,106285,0.027648017911293173
testvideo,106200,106450,106325,0.039972911610618125
testvideo,106240,106490,106365,0.08265443518791345
testvideo,106280,106530,106405,0.11900479778092866
testvideo,106320,106570,106445,0.18003002871582446
testvideo,106360,106610,106485,0.21101916702144763
testvideo,106400,106650,106525,0.23288931154604584
testvideo,106440,106690,106565,0.255414778593108
testvideo,106480,106730,106605,0.2372764135554254
testvideo,106520,106770,106645,0.2058458081880873
testvideo,106560,106810,106685,0.14796750360406133
testvideo,106600,106850,106725,0.11935485893658136
testvideo,106640,106890,106765,0.07151850035917327
testvideo,106680,106930,106805,0.05454578936121058
testvideo,106720,106970,106845,0.04596483040487776
testvideo,106760,107010,106885,0.03770181931865056
testvideo,106800,107050,106925,0.03253104624528647
testvideo,106840,107090,106965,0.023084081276673437
testvideo,106880,107130,107005,0.016179582800439695
testvideo,106920,107170,107045,0.01285043577044574
testvideo,106960,107210,107085,0.02578129086506211
testvideo,107000,107250,107125,0.04018361941243165
testvideo,107040,107290,107165,0.07349432471633345
testvideo,107080,107330,107205,0.10381799483504937
testvideo,107120,107370,107245,0.14391523939713988
testvideo,107160,107410,107285,0.16098959492684745
testvideo,107200,107450,107325,0.15394037900561572
testvideo,107240,107490,107365,0.15175793981222707
testvideo,107280,107530,107405,0.13015072633622876
testvideo,107320,107570,107445,0.09570203472278123
testvideo,107360,107610,107485,0.07738537635062956
testvideo,107400,107650,107525,0.056894331410817726
testvideo,107440,107690,107565,0.05134963745046115
testvideo,107480,107730,107605,0.03055287421483424
testvideo,107520,107770,107645,0.027098258758498046
testvideo,107560,107810,107685,0.029950360755440563
testvideo,107600,107850,107725,0.05900131494369081
testvideo,107640,107890,107765,0.08257436918717029
testvideo,107680,107930,107805,0.1292016545554827
testvideo,107720,107970,107845,0.16801033607681437
testvideo,107760,108010,107885,0.19149218979259275
testvideo,107800,108050,107925,0.1899657708559108
testvideo,107840,108090,107965,0.17024643964206274
testvideo,107880,108130,108005,0.14475388629775746
testvideo,107920,108170,108045,0.10793233881342447
testvideo,107960,108210,108085,0.07738107782054202
testvideo,108000,108250,108125,0.047264268779161345
testvideo,108040,108290,108165,0.034205512755748166
testvideo,108080,108330,108205,0.03269300066083618
testvideo,108120,108370,108245,0.025708430713633778
testvideo,108160,108410,108285,0.032732690461559785
testvideo,108200,108450,108325,0.0695335802200836
testvideo,108240,108490,108365,0.09927336075497324
testvideo,108280,108530,108405,0.1303728984752843
testvideo,108320,108570,108445,0.18907205416708242
testvideo,108360,108610,108485,0.2165550810735114
testvideo,108400,108650,108525,0.17313882236583056
testvideo,108440,108690,108565,0.15467030661872613
testvideo,108480,108730,108605,0.1254170131257021
testvideo,108520,108770,108645,0.07101168553624321
testvideo,108560,108810,108685,0.03210283353363893
testvideo,108600,108850,108725,0.026159327328753434
testvideo,108640,108890,108765,0.031875888709650704
testvideo,108680,108930,108805,0.03086035866480186
testvideo,108720,108970,108845,0.029432794986935972
testvideo,108760,109010,108885,0.028138736640856074
testvideo,108800,109050,108925,0.025045760840954227
testvideo,108840,109090,108965,0.014888613647726265
testvideo,108880,109130,109005,0.013877264885074011
testvideo,108920,109170,109045,0.018838552942992724
testvideo,108960,109210,109085,0.03505844545379147
testvideo,109000,109250,109125,0.07535608479950517
testvideo,109040,109290,109165,0.1273103825811697
testvideo,109080,109330,109205,0.15797804435099536
testvideo,109120,109370,109245,0.18447358543206696
testvideo,109160,109410,109285,0.22464339402605146
testvideo,109200,109450,109325,0.21030702399440712
testvideo,109240,109490,109365,0.18061053371283134
testvideo,109280,109530,109405,0.1485125495257816
testvideo,109320,109570,109445,0.11794488448920719
testvideo,109360,109610,109485,0.06652620733639426
testvideo,109400,109650,109525,0.03978200730804634
testvideo,109440,109690,109565,0.02291980485965529
testvideo,109480,109730,109605,0.024332026623217113
testvideo,109520,109770,109645,0.04039476238487114
testvideo,109560,109810,109685,0.07524166852684078
testvideo,109600,109850,109725,0.10507331238457933
testvideo,109640,109890,109765,0.13569975815638566
testvideo,109680,109930,109805,0.15869633133830896
testvideo,109720,109970,109845,0.16575576928181388
testvideo,109760,110010,109885,0.14964198790396335
testvideo,109800,110050,109925,0.1277913291211057
testvideo,109840,110090,109965,0.09835943740829617
testvideo,109880,110130,110005,0.06890673298128334
testvideo,109920,110170,110045,0.04836058861841017
testvideo,109960,110210,110085,0.025582724145061294
testvideo,110000,110250,110125,0.018952274850787328
testvideo,110040,110290,110165,0.01418475609757948
testvideo,110080,110330,110205,0.045054395860154105
testvideo,110120,110370,110245,0.06167589861978046
testvideo,110160,110410,110285,0.09304809357267414
testvideo,110200,110450,110325,0.14349189628085826
testvideo,110240,110490,110365,0.17076311116904655
testvideo,110280,110530,110405,0.18788527493133342
testvideo,110320,110570,110445,0.18432354056783937
testvideo,110360,110610,110485,0.16623677653736676
testvideo,110400,110650,110525,0.12039649721056261
testvideo,110440,110690,110565,0.09477188208591802
testvideo,110480,110730,110605,0.046621394783221866
testvideo,110520,110770,110645,0.02704943986013167
testvideo,110560,110810,110685,0.012710187455733463
testvideo,110600,110850,110725,0.014278625566732614
testvideo,110640,110890,110765,0.03479582599748645
testvideo,110680,110930,110805,0.07165358606068432
testvideo,110720,110970,110845,0.1441789283995778
testvideo,110760,111010,110885,0.1834124549740208
testvideo,110800,111050,110925,0.26373596965036
testvideo,110840,111090,110965,0.28299631435745776
testvideo,110880,111130,111005,0.27560132125977227
testvideo,110920,111170,111045,0.2391844583749457
testvideo,110960,111210,111085,0.20771779710528368
testvideo,111000,111250,111125,0.15429937796702675
testvideo,111040,111290,111165,0.11419358789037663
testvideo,111080,111330,111205,0.08515478123004433
testvideo,111120,111370,111245,0.058581382905639294
testvideo,111160,111410,111285,0.05721455454071822
testvideo,111200,111450,111325,0.05548502790097761
testvideo,111240,111490,111365,0.05178531945250417
testvideo,111280,111530,111405,0.07750014998720738
testvideo,111320,111570,111445,0.12793506273203173
testvideo,111360,111610,111485,0.13171307435100812
testvideo,111400,111650,111525,0.1550555577754686
testvideo,111440,111690,111565,0.18345009720077352
testvideo,111480,111730,111605,0.1726279855165074
testvideo,111520,111770,111645,0.18916712751529166
testvideo,111560,111810,111685,0.20667119913939228
testvideo,111600,111850,111725,0.2283040688012232
testvideo,111640,111890,111765,0.2372230802778267
testvideo,111680,111930,111805,0.23640287687575015
testvideo,111720,111970,111845,0.20133191133402759
testvideo,111760,112010,111885,0.17805525355396415
testvideo,111800,112050,111925,0.1483985256700112
testvideo,111840,112090,111965,0.10613180534506732
testvideo,111880,112130,112005,0.10828034455630371
testvideo,111920,112170,112045,0.10385871509577489
testvideo,111960,112210,112085,0.17211922965669987
testvideo,112000,112250,112125,0.19475709426947838
testvideo,112040,112290,112165,0.2512241954759857
testvideo,112080,112330,112205,0.27789541852638294
testvideo,112120,112370,112245,0.34434304074873756
testvideo,112160,112410,112285,0.3828229804135517
testvideo,112200,112450,112325,0.36416110990836764
testvideo,112240,112490,112365,0.3516973116233061
testvideo,112280,112530,112405,0.3667581375695881
testvideo,112320,112570,112445,0.325713633680941
testvideo,112360,112610,112485,0.26076495414767237
testvideo,112400,112650,112525,0.2126607361822317
testvideo,112440,112690,112565,0.17611826603671774
testvideo,112480,112730,112605,0.10227942452565313
testvideo,112520,112770,112645,0.07082633592985438
testvideo,112560,112810,112685,0.049701614932403465
testvideo,112600,112850,112725,0.04108326076158825
testvideo,112640,112890,112765,0.0479632249863957
testvideo,112680,112930,112805,0.07410664274673436
testvideo,112720,112970,112845,0.11306232826986796
testvideo,112760,113010,112885,0.14798139386038092
testvideo,112800,113050,112925,0.22202778609587578
testvideo,112840,113090,112965,0.24919491990137194
testvideo,112880,113130,113005,0.26513356082671186
testvideo,112920,113170,113045,0.22542617324111555
testvideo,112960,113210,113085,0.1938539971524974
testvideo,113000,113250,113125,0.1103499999533457
testvideo,113040,113290,113165,0.06688367717532416
testvideo,113080,113330,113205,0.025030450138930932
testvideo,113120,113370,113245,0.026853209679353812
testvideo,113160,113410,113285,0.01804892101848141
testvideo,113200,113450,113325,0.044409214835518955
testvideo,113240,113490,113365,0.06785536052100445
testvideo,113280,113530,113405,0.09192057403777633
testvideo,113320,113570,113445,0.11636363205158075
testvideo,113360,113610,113485,0.12511059191290866
testvideo,113400,113650,113525,0.12242883525767881
testvideo,113440,113690,113565,0.1165132902579564
testvideo,113480,113730,113605,0.09654925122145595
testvideo,113520,113770,113645,0.06676150429420885
testvideo,113560,113810,113685,0.05607727393246568
testvideo,113600,113850,113725,0.04364649327636924
testvideo,113640,113890,113765,0.06250385500478364
testvideo,113680,113930,113805,0.0991507470435816
testvideo,113720,113970,113845,0.1495501584589952
testvideo,113760,114010,113885,0.18031496632269853
testvideo,113800,114050,113925,0.23071728745696263
testvideo,113840,114090,113965,0.2861563352196393
testvideo,113880,114130,114005,0.29363539121531146
testvideo,113920,114170,114045,0.25338734557566067
testvideo,113960,114210,114085,0.25445398470635217
testvideo,114000,114250,114125,0.22332864874947048
testvideo,114040,114290,114165,0.17093782049571218
testvideo,114080,114330,114205,0.11543166416467794
testvideo,114120,114370,114245,0.09800374661308438
testvideo,114160,114410,114285,0.09184702488861503
testvideo,114200,114450,114325,0.07945011685892274
testvideo,114240,114490,114365,0.08785696408824141
testvideo,114280,114530,114405,0.0801139914825275
testvideo,114320,114570,114445,0.08167550870593392
testvideo,114360,114610,114485,0.17545734027837026
testvideo,114400,114650,114525,0.176010106774987
testvideo,114440,114690,114565,0.1621665117621751
testvideo,114480,114730,114605,0.13544891045554794
testvideo,114520,114770,114645,0.13883045773385103
testvideo,114560,114810,114685,0.04234531955704914
testvideo,114600,114850,114725,0.04196414763203502
testvideo,114640,114890,114765,0.03828854491080972
testvideo,114680,114930,114805,0.05982757022928352
testvideo,114720,114970,114845,0.09939626486270924
testvideo,114760,115010,114885,0.15137064055215776
testvideo,114800,115050,114925,0.21931019415209219
testvideo,114840,115090,114965,0.29080413192062443
testvideo,114880,115130,115005,0.31785550442687466
testvideo,114920,115170,115045,0.3445710054291994
testvideo,114960,115210,115085,0.34514064518801907
testvideo,115000,115250,115125,0.2855078232968334
testvideo,115040,115290,115165,0.22893971194892235
testvideo,115080,115330,115205,0.16469215390467679
testvideo,115120,115370,115245,0.13395066223333502
testvideo,115160,115410,115285,0.09770342573033575
testvideo,115200,115450,115325,0.06104343684964473
testvideo,115240,115490,115365,0.043862633674201866
testvideo,115280,115530,115405,0.04411558044541831
testvideo,115320,115570,115445,0.06016826304058084
testvideo,115360,115610,115485,0.06872930653865102
testvideo,115400,115650,115525,0.09679412990593256
testvideo,115440,115690,115565,0.13590170103285487
testvideo,115480,115730,115605,0.16007127156420822
testvideo,115520,115770,115645,0.16827196514137457
testvideo,115560,115810,115685,0.16235132070946026
testvideo,115600,115850,115725,0.13751240983080323
testvideo,115640,115890,115765,0.10639888222514866
testvideo,115680,115930,115805,0.09177817230540225
testvideo,115720,115970,115845,0.055680456883600016
testvideo,115760,116010,115885,0.04610664416735844
testvideo,115800,116050,115925,0.04452097810191574
testvideo,115840,116090,115965,0.05885802916130759
testvideo,115880,116130,116005,0.09014119953146726
testvideo,115920,116170,116045,0.11276159442632894
testvideo,115960,116210,116085,0.12284425847481527
testvideo,116000,116250,116125,0.1239007623586806
testvideo,116040,116290,116165,0.09893789391335746
testvideo,116080,116330,116205,0.07279296018301058
testvideo,116120,116370,116245,0.07873372932362953
testvideo,116160,116410,116285,0.0984269105663983
testvideo,116200,116450,116325,0.1250440502173642
testvideo,116240,116490,116365,0.17673599837374518
testvideo,116280,116530,116405,0.19535229364329054
testvideo,116320,116570,116445,0.23830747964393995
testvideo,116360,116610,116485,0.2704829274639001
testvideo,116400,116650,116525,0.27892597728833923
testvideo,116440,116690,116565,0.27015253883245327
testvideo,116480,116730,116605,0.25950698497332453
testvideo,116520,116770,116645,0.20082564550362256
testvideo,116560,116810,116685,0.15762700849152064
testvideo,116600,116850,116725,0.10816448746339635
testvideo,116640,116890,116765,0.07794874037011784
testvideo,116680,116930,116805,0.08386013492637961
testvideo,116720,116970,116845,0.0915873780630696
testvideo,116760,117010,116885,0.13065498324195748
testvideo,116800,117050,116925,0.1338883885628418
testvideo,116840,117090,116965,0.12160767391771754
testvideo,116880,117130,117005,0.1216108074864428
testvideo,116920,117170,117045,0.13175372148279185
testvideo,116960,117210,117085,0.07995300112157398
testvideo,117000,117250,117125,0.06375601884670166
testvideo,117040,117290,117165,0.0684518958774165
testvideo,117080,117330,117205,0.05766750579402944
testvideo,117120,117370,117245,0.04902860396505382
testvideo,117160,117410,117285,0.10369425069742741
testvideo,117200,117450,117325,0.12316757725204443
testvideo,117240,117490,117365,0.1463537858810033
testvideo,117280,117530,117405,0.17968052463124426
testvideo,117320,117570,117445,0.17333480822032843
testvideo,117360,117610,117485,0.13633902998964703
testvideo,117400,117650,117525,0.11311852524780415
testvideo,117440,117690,117565,0.10259405081211022
testvideo,117480,117730,117605,0.0953638574302303
testvideo,117520,117770,117645,0.1044662689457666
testvideo,117560,117810,117685,0.1434356952967252
testvideo,117600,117850,117725,0.17792995991739616
testvideo,117640,117890,117765,0.20337830553400785
testvideo,117680,117930,117805,0.23835938255798342
testvideo,117720,117970,117845,0.30407660801325115
testvideo,117760,118010,117885,0.3409375670790596
testvideo,117800,118050,117925,0.37045207256149026
testvideo,117840,118090,117965,0.39151165892497447
testvideo,117880,118130,118005,0.4093821389530878
testvideo,117920,118170,118045,0.3774040482178378
testvideo,117960,118210,118085,0.3236141725854919
testvideo,118000,118250,118125,0.2687373096595021
testvideo,118040,118290,118165,0.22551392533847267
testvideo,118080,118330,118205,0.1790544297403024
testvideo,118120,118370,118245,0.12972941053368628
testvideo,118160,118410,118285,0.10872818679863368
testvideo,118200,118450,118325,0.08290359887752632
testvideo,118240,118490,118365,0.05884609238802495
testvideo,118280,118530,118405,0.04375739525236049
testvideo,118320,118570,118445,0.03307039603310559
testvideo,118360,118610,118485,0.055952927313018284
testvideo,118400,118650,118525,0.09041680867105031
testvideo,118440,118690,118565,0.10976883884325625
testvideo,118480,118730,118605,0.12360415059641457
testvideo,118520,118770,118645,0.1477102232945019
testvideo,118560,118810,118685,0.12562509200910993
testvideo,118600,118850,118725,0.10530264518516837
testvideo,118640,118890,118765,0.07344234924881064
testvideo,118680,118930,118805,0.04873273795561034
testvideo,118720,118970,118845,0.03176808952651571
testvideo,118760,119010,118885,0.04722960339870544
testvideo,118800,119050,118925,0.05843904508021023
testvideo,118840,119090,118965,0.11419230226077559
testvideo,118880,119130,119005,0.13858615995502097
testvideo,118920,119170,119045,0.16748592665451043
testvideo,118960,119210,119085,0.16287059454720912
testvideo,119000,119250,119125,0.14913971753955682
testvideo,119040,119290,119165,0.09882063451214951
testvideo,119080,119330,119205,0.06648827966560313
testvideo,119120,119370,119245,0.03352486123800172
testvideo,119160,119410,119285,0.02542413191752878
testvideo,119200,119450,119325,0.04612354035356143
testvideo,119240,119490,119365,0.11452169885948095
testvideo,119280,119530,119405,0.14694613520396782
testvideo,119320,119570,119445,0.18157984707805028
testvideo,119360,119610,119485,0.24342578822631855
testvideo,119400,119650,119525,0.2741662833740636
testvideo,119440,119690,119565,0.3220728259921043
testvideo,119480,119730,119605,0.34257877350411997
testvideo,119520,119770,119645,0.3463390544325952
testvideo,119560,119810,119685,0.36717005941670466
testvideo,119600,119850,119725,0.3203924981387713
testvideo,119640,119890,119765,0.2591375746729841
testvideo,119680,119930,119805,0.16880226688823413
testvideo,119720,119970,119845,0.12224764447108981
testvideo,119760,120010,119885,0.06224310587219333
testvideo,119800,120050,119925,0.07103965475271602
testvideo,119840,120090,119965,0.07647290312442759
testvideo,119880,120130,120005,0.08943107717650152
testvideo,119920,120170,120045,0.12119307196894669
testvideo,119960,120210,120085,0.12556924098800737
testvideo,120000,120250,120125,0.12092161415664711
testvideo,120040,120290,120165,0.10863609918185124
testvideo,120080,120330,120205,0.09474941451016707
testvideo,120120,120370,120245,0.07097646537246345
testvideo,120160,120410,120285,0.038549061204863656
testvideo,120200,120450,120325,0.02374514294898947
testvideo,120240,120490,120365,0.018608007302342067
testvideo,120280,120530,120405,0.038786609535187186
testvideo,120320,120570,120445,0.0629300252952373
testvideo,120360,120610,120485,0.12441465455809746
testvideo,120400,120650,120525,0.21921897915829788
testvideo,120440,120690,120565,0.3031951909033936
testvideo,120480,120730,120605,0.3790391251884368
testvideo,120520,120770,120645,0.3955272021174598
testvideo,120560,120810,120685,0.3958230338332705
testvideo,120600,120850,120725,0.33134120613418544
testvideo,120640,120890,120765,0.26754150424172957
testvideo,120680,120930,120805,0.18496810598533875
testvideo,120720,120970,120845,0.12105150617603977
testvideo,120760,121010,120885,0.08815679915141764
testvideo,120800,121050,120925,0.048201321144086734
testvideo,120840,121090,120965,0.029454449953868252
testvideo,120880,121130,121005,0.030957225029644028
testvideo,120920,121170,121045,0.028962522768656414
testvideo,120960,121210,121085,0.02715386971648583
testvideo,121000,121250,121125,0.03905052588197804
testvideo,121040,121290,121165,0.05767915276069283
testvideo,121080,121330,121205,0.10341215050741702
testvideo,121120,121370,121245,0.13480105983919063
testvideo,121160,121410,121285,0.1504198897335501
testvideo,121200,121450,121325,0.15910617221037734
testvideo,121240,121490,121365,0.15074465660752676
testvideo,121280,121530,121405,0.10100350654793462
testvideo,121320,121570,121445,0.06764017821571995
testvideo,121360,121610,121485,0.0431636460653117
testvideo,121400,121650,121525,0.026226265812837078
testvideo,121440,121690,121565,0.012371526924887083
testvideo,121480,121730,121605,0.033940105679090476
testvideo,121520,121770,121645,0.09269217773383735
testvideo,121560,121810,121685,0.12428426988332344
testvideo,121600,121850,121725,0.16790240030474113
testvideo,121640,121890,121765,0.23540161796063677
testvideo,121680,121930,121805,0.25916552715333013
testvideo,121720,121970,121845,0.26658897940886
testvideo,121760,122010,121885,0.26821943066402787
testvideo,121800,122050,121925,0.25992312747506585
testvideo,121840,122090,121965,0.22544016392135754
testvideo,121880,122130,122005,0.18306433688543133
testvideo,121920,122170,122045,0.15100066797277953
testvideo,121960,122210,122085,0.09440855960660821
testvideo,122000,122250,122125,0.06771471079639017
testvideo,122040,122290,122165,0.03590550574286448
testvideo,122080,122330,122205,0.0378993840162291
testvideo,122120,122370,122245,0.034747117020688466
testvideo,122160,122410,122285,0.04491474001005507
testvideo,122200,122450,122325,0.06666977408145078
testvideo,122240,122490,122365,0.07782440325371731
testvideo,122280,122530,122405,0.09975133264666762
testvideo,122320,122570,122445,0.09873866608423497
testvideo,122360,122610,122485,0.0905850587906659
testvideo,122400,122650,122525,0.07758688702234137
testvideo,122440,122690,122565,0.0585314730264092
testvideo,122480,122730,122605,0.03140512107035717
testvideo,122520,122770,122645,0.027857151083479078
testvideo,122560,122810,122685,0.03256607794155481
testvideo,122600,122850,122725,0.057130291694265235
testvideo,122640,122890,122765,0.06102272123043434
testvideo,122680,122930,122805,0.0779733201509441
testvideo,122720,122970,122845,0.10211492889468242
testvideo,122760,123010,122885,0.10377654922241658
testvideo,122800,123050,122925,0.09914222216790923
testvideo,122840,123090,122965,0.09800413144873717
testvideo,122880,123130,123005,0.12148937177918902
testvideo,122920,123170,123045,0.12794455321047163
testvideo,122960,123210,123085,0.16347114449644748
testvideo,123000,123250,123125,0.22058879566647288
testvideo,123040,123290,123165,0.2221866771606987
testvideo,123080,123330,123205,0.2084890198800372
testvideo,123120,123370,123245,0.20254024593152894
testvideo,123160,123410,123285,0.20287549300349428
testvideo,123200,123450,123325,0.2245015328140287
testvideo,123240,123490,123365,0.2656628869513158
testvideo,123280,123530,123405,0.30616577297756853
testvideo,123320,123570,123445,0.39090494165392814
testvideo,123360,123610,123485,0.3805648454566363
testvideo,123400,123650,123525,0.35092011908312476
testvideo,123440,123690,123565,0.35306518270495724
testvideo,123480,123730,123605,0.32405903971693795
testvideo,123520,123770,123645,0.2845772714715755
testvideo,123560,123810,123685,0.27988357043104944
testvideo,123600,123850,123725,0.2778823070084196
testvideo,123640,123890,123765,0.31453554345654045
testvideo,123680,123930,123805,0.3522313591122609
testvideo,123720,123970,123845,0.29986396547564165
testvideo,123760,124010,123885,0.2964985305556072
testvideo,123800,124050,123925,0.3345730288644078
testvideo,123840,124090,123965,0.28106258360964115
testvideo,123880,124130,124005,0.21913476836147838
testvideo,123920,124170,124045,0.14939686011686312
testvideo,123960,124210,124085,0.13689105918159417
testvideo,124000,124250,124125,0.07940867498094582
testvideo,124040,124290,124165,0.07903469571177228
testvideo,124080,124330,124205,0.08820261408261766
testvideo,124120,124370,124245,0.08123745744023149
testvideo,124160,124410,124285,0.09925416076489398
testvideo,124200,124450,124325,0.10510297358241068
testvideo,124240,124490,124365,0.14814090363993976
testvideo,124280,124530,124405,0.15013343920708272
testvideo,124320,124570,124445,0.14132171651068764
testvideo,124360,124610,124485,0.15537749510513957
testvideo,124400,124650,124525,0.16867208021920313
testvideo,124440,124690,124565,0.1405453895594538
testvideo,124480,124730,124605,0.1300273397419731
testvideo,124520,124770,124645,0.14152643990023853
testvideo,124560,124810,124685,0.21789946188609266
testvideo,124600,124850,124725,0.2668565042437387
testvideo,124640,124890,124765,0.31678191547130946
testvideo,124680,124930,124805,0.33358906085832063
testvideo,124720,124970,124845,0.32337291128700657
testvideo,124760,125010,124885,0.2843523564976278
testvideo,124800,125050,124925,0.24336904824256114
testvideo,124840,125090,124965,0.2242054853801848
testvideo,124880,125130,125005,0.1660720698529132
testvideo,124920,125170,125045,0.13925029748094234
testvideo,124960,125210,125085,0.11920954682921932
testvideo,125000,125250,125125,0.11049393152496757
testvideo,125040,125290,125165,0.07523456912294181
testvideo,125080,125330,125205,0.06358020289502778
testvideo,125120,125370,125245,0.05972282006723682
testvideo,125160,125410,125285,0.06010060587207249
testvideo,125200,125450,125325,0.0398715256777398
testvideo,125240,125490,125365,0.040665513754684225
testvideo,125280,125530,125405,0.05139787117659807
testvideo,125320,125570,125445,0.06782989831490553
testvideo,125360,125610,125485,0.10481879437105028
testvideo,125400,125650,125525,0.1483001313132136
testvideo,125440,125690,125565,0.19324882735405438
testvideo,125480,125730,125605,0.2143937782644279
testvideo,125520,125770,125645,0.24858196708193805
testvideo,125560,125810,125685,0.25662899104080844
testvideo,125600,125850,125725,0.24511811626473187
testvideo,125640,125890,125765,0.22223229799220223
testvideo,125680,125930,125805,0.2208076971582169
testvideo,125720,125970,125845,0.16391696567580397
testvideo,125760,126010,125885,0.13275927393027917
testvideo,125800,126050,125925,0.08211871261486711
testvideo,125840,126090,125965,0.05682538712276119
testvideo,125880,126130,126005,0.042362466218136864
testvideo,125920,126170,126045,0.04729903816610247
testvideo,125960,126210,126085,0.056863892057203894
testvideo,126000,126250,126125,0.06735292135703728
testvideo,126040,126290,126165,0.07752543432059321
testvideo,126080,126330,126205,0.10538857651381112
testvideo,126120,126370,126245,0.13256693117091192
testvideo,126160,126410,126285,0.16147498906696517
testvideo,126200,126450,126325,0.31495369817215674
testvideo,126240,126490,126365,0.3253246305891483
testvideo,126280,126530,126405,0.28775237507188184
testvideo,126320,126570,126445,0.2829854735874458
testvideo,126360,126610,126485,0.2458174453997247
testvideo,126400,126650,126525,0.22152460704810212
testvideo,126440,126690,126565,0.08742131147194666
testvideo,126480,126730,126605,0.09703228948788428
testvideo,126520,126770,126645,0.05101728572958207
testvideo,126560,126810,126685,0.0878096398456779
testvideo,126600,126850,126725,0.17121036370339135
testvideo,126640,126890,126765,0.28286727994406724
testvideo,126680,126930,126805,0.4152483945639525
testvideo,126720,126970,126845,0.5881611834357233
testvideo,126760,127010,126885,0.6066408841275504
testvideo,126800,127050,126925,0.618494850810903
testvideo,126840,127090,126965,0.5466227353806071
testvideo,126880,127130,127005,0.4346343848224468
testvideo,126920,127170,127045,0.30225164331614307
testvideo,126960,127210,127085,0.19877352496288792
testvideo,127000,127250,127125,0.181376631801659
testvideo,127040,127290,127165,0.1444358126377806
testvideo,127080,127330,127205,0.12663971321572695
testvideo,127120,127370,127245,0.12675837771984422
testvideo,127160,127410,127285,0.19012585763100567
testvideo,127200,127450,127325,0.23732397636764588
testvideo,127240,127490,127365,0.30997847805143014
testvideo,127280,127530,127405,0.3707089521760614
testvideo,127320,127570,127445,0.38714275158996797
testvideo,127360,127610,127485,0.45294878865971294
testvideo,127400,127650,127525,0.43728305463908995
testvideo,127440,127690,127565,0.4135002251667043
testvideo,127480,127730,127605,0.3562200050351976
testvideo,127520,127770,127645,0.31363613189625017
testvideo,127560,127810,127685,0.24188150860581123
testvideo,127600,127850,127725,0.18496937421734624
testvideo,127640,127890,127765,0.15178586699780963
testvideo,127680,127930,127805,0.11706563869704754
testvideo,127720,127970,127845,0.10377863106117603
testvideo,127760,128010,127885,0.11357723155557391
testvideo,127800,128050,127925,0.2403528503569985
testvideo,127840,128090,127965,0.27245855720195783
testvideo,127880,128130,128005,0.3690545955891031
testvideo,127920,128170,128045,0.4159604367815575
testvideo,127960,128210,128085,0.4462623225995737
testvideo,128000,128250,128125,0.4191526304143898
testvideo,128040,128290,128165,0.39564372975310746
testvideo,128080,128330,128205,0.33086292260695366
testvideo,128120,128370,128245,0.3200827007070352
testvideo,128160,128410,128285,0.2822340734789119
testvideo,128200,128450,128325,0.20049530356016096
testvideo,128240,128490,128365,0.13568215887282833
testvideo,128280,128530,128405,0.07992713571196093
testvideo,128320,128570,128445,0.058273885829429654
testvideo,128360,128610,128485,0.03261655695651051
testvideo,128400,128650,128525,0.14865979066683824
testvideo,128440,128690,128565,0.20983772687261898
testvideo,128480,128730,128605,0.26932698401071337
testvideo,128520,128770,128645,0.3647069278987114
testvideo,128560,128810,128685,0.4383586366354406
testvideo,128600,128850,128725,0.4591982026453949
testvideo,128640,128890,128765,0.404625665920868
testvideo,128680,128930,128805,0.34708228578931655
testvideo,128720,128970,128845,0.27051754669660405
testvideo,128760,129010,128885,0.19619867022158852
testvideo,128800,129050,128925,0.08501976385604616
testvideo,128840,129090,128965,0.04485107099353785
testvideo,128880,129130,129005,0.027077950812751734
testvideo,128920,129170,129045,0.014674453981249357
testvideo,128960,129210,129085,0.023672597455275474
testvideo,129000,129250,129125,0.029798757674867216
testvideo,129040,129290,129165,0.1181393284444855
testvideo,129080,129330,129205,0.13974336594920925
testvideo,129120,129370,129245,0.19412967403620976
testvideo,129160,129410,129285,0.20052144259617508
testvideo,129200,129450,129325,0.21055784725387072
testvideo,129240,129490,129365,0.17145120734114297
testvideo,129280,129530,129405,0.11058943055731366
testvideo,129320,129570,129445,0.09177913100434347
testvideo,129360,129610,129485,0.051226379497435935
testvideo,129400,129650,129525,0.039645633071081994
testvideo,129440,129690,129565,0.0663763574168587
testvideo,129480,129730,129605,0.11983781273556746
testvideo,129520,129770,129645,0.1729390116639113
testvideo,129560,129810,129685,0.2810193324131551
testvideo,129600,129850,129725,0.3497185403153242
testvideo,129640,129890,129765,0.40463257845863376
testvideo,129680,129930,129805,0.4145320203768925
testvideo,129720,129970,129845,0.381505969189501
testvideo,129760,130010,129885,0.3253082122108359
testvideo,129800,130050,129925,0.2872825626781734
testvideo,129840,130090,129965,0.24455640254990377
testvideo,129880,130130,130005,0.18073047602888098
testvideo,129920,130170,130045,0.14604501916233414
testvideo,129960,130210,130085,0.09989386124237652
testvideo,130000,130250,130125,0.07282251762870899
testvideo,130040,130290,130165,0.05557676470943856
testvideo,130080,130330,130205,0.05605446151721717
testvideo,130120,130370,130245,0.04475264046028452
testvideo,130160,130410,130285,0.04995431788288839
testvideo,130200,130450,130325,0.0446454736019587
testvideo,130240,130490,130365,0.03177929443250872
testvideo,130280,130530,130405,0.04753410449711992
testvideo,130320,130570,130445,0.051684857300622854
testvideo,130360,130610,130485,0.06129564914341833
testvideo,130400,130650,130525,0.08461401568608899
testvideo,130440,130690,130565,0.08896359645972574
testvideo,130480,130730,130605,0.07894526534594108
testvideo,130520,130770,130645,0.062846803891947
testvideo,130560,130810,130685,0.0556871615326936
testvideo,130600,130850,130725,0.030181906357097037
testvideo,130640,130890,130765,0.05099854069391563
testvideo,130680,130930,130805,0.09870411111497912
testvideo,130720,130970,130845,0.12437116495155105
testvideo,130760,131010,130885,0.17320094115287832
testvideo,130800,131050,130925,0.2462705031616148
testvideo,130840,131090,130965,0.2571777528414821
testvideo,130880,131130,131005,0.2537100556808102
testvideo,130920,131170,131045,0.21903665202011943
testvideo,130960,131210,131085,0.20458598522592
testvideo,131000,131250,131125,0.14236543874053012
testvideo,131040,131290,131165,0.11442643424341548
testvideo,131080,131330,131205,0.09040304383461178
testvideo,131120,131370,131245,0.07048055273459411
testvideo,131160,131410,131285,0.048754130005499496
testvideo,131200,131450,131325,0.03221410342051411
testvideo,131240,131490,131365,0.027350869169600136
testvideo,131280,131530,131405,0.06012045480630329
testvideo,131320,131570,131445,0.13594834758697022
testvideo,131360,131610,131485,0.1862485767688067
testvideo,131400,131650,131525,0.22094586044266668
testvideo,131440,131690,131565,0.3015173504769409
testvideo,131480,131730,131605,0.32404841617182156
testvideo,131520,131770,131645,0.2909209759953177
testvideo,131560,131810,131685,0.25296312192765474
testvideo,131600,131850,131725,0.2079989493558895
testvideo,131640,131890,131765,0.15963531555846866
testvideo,131680,131930,131805,0.10991441955504928
testvideo,131720,131970,131845,0.08619794277455982
testvideo,131760,132010,131885,0.05336424052236507
testvideo,131800,132050,131925,0.04508266151886373
testvideo,131840,132090,131965,0.03271310459183056
testvideo,131880,132130,132005,0.028729027925310627
testvideo,131920,132170,132045,0.03665176967007395
testvideo,131960,132210,132085,0.08930575182627368
testvideo,132000,132250,132125,0.11156962816507734
testvideo,132040,132290,132165,0.14815460904743039
testvideo,132080,132330,132205,0.17010953561217537
testvideo,132120,132370,132245,0.16211785368320056
testvideo,132160,132410,132285,0.11426941228128441
testvideo,132200,132450,132325,0.08291739586713232
testvideo,132240,132490,132365,0.04343868967006276
testvideo,132280,132530,132405,0.04168280648357312
testvideo,132320,132570,132445,0.061960112171962435
testvideo,132360,132610,132485,0.09423801149294432
testvideo,132400,132650,132525,0.11506004867176522
testvideo,132440,132690,132565,0.1193864207124187
testvideo,132480,132730,132605,0.1181907176709453
testvideo,132520,132770,132645,0.08886984610581762
testvideo,132560,132810,132685,0.060527906064070325
testvideo,132600,132850,132725,0.04544288461000955
testvideo,132640,132890,132765,0.02691846999376989
testvideo,132680,132930,132805,0.024040367986575172
testvideo,132720,132970,132845,0.06665420871522253
testvideo,132760,133010,132885,0.12385262309543206
testvideo,132800,133050,132925,0.23735612017569482
testvideo,132840,133090,132965,0.30466136698653473
testvideo,132880,133130,133005,0.41698750160547493
testvideo,132920,133170,133045,0.41609070781625035
testvideo,132960,133210,133085,0.39978253821247217
testvideo,133000,133250,133125,0.3506435251213103
testvideo,133040,133290,133165,0.3163022272355462
testvideo,133080,133330,133205,0.24424665791375363
testvideo,133120,133370,133245,0.22076186031442438
testvideo,133160,133410,133285,0.1902674402989222
testvideo,133200,133450,133325,0.13542199324202484
testvideo,133240,133490,133365,0.09261508103553706
testvideo,133280,133530,133405,0.0526823884142373
testvideo,133320,133570,133445,0.03913357346905759
testvideo,133360,133610,133485,0.028172017086325152
testvideo,133400,133650,133525,0.02259396117105097
testvideo,133440,133690,133565,0.019202762876865533
testvideo,133480,133730,133605,0.018067926649550387
testvideo,133520,133770,133645,0.022571824758825455
testvideo,133560,133810,133685,0.05153511098608188
testvideo,133600,133850,133725,0.10299033580327643
testvideo,133640,133890,133765,0.1301381178927278
testvideo,133680,133930,133805,0.1562164177475065
testvideo,133720,133970,133845,0.1917099888773922
testvideo,133760,134010,133885,0.18135229921143017
testvideo,133800,134050,133925,0.18454998732051942
testvideo,133840,134090,133965,0.16850915326525892
testvideo,133880,134130,134005,0.1466728295152438
testvideo,133920,134170,134045,0.12687149983876048
testvideo,133960,134210,134085,0.11441532329613975
testvideo,134000,134250,134125,0.07162100701570313
testvideo,134040,134290,134165,0.05063543266042953
testvideo,134080,134330,134205,0.040552865312209634
testvideo,134120,134370,134245,0.030354870267590667
testvideo,134160,134410,134285,0.027370638541985643
testvideo,134200,134450,134325,0.02922525610850485
testvideo,134240,134490,134365,0.03115045417451708
testvideo,134280,134530,134405,0.02453162708996179
testvideo,134320,134570,134445,0.026107318194696732
testvideo,134360,134610,134485,0.039206105039251586
testvideo,134400,134650,134525,0.053645558265118874
testvideo,134440,134690,134565,0.07371510145236027
testvideo,134480,134730,134605,0.09814862245528069
testvideo,134520,134770,134645,0.11929847908671118
testvideo,134560,134810,134685,0.15636170212947423
testvideo,134600,134850,134725,0.1605892009690711
testvideo,134640,134890,134765,0.1559278412789396
testvideo,134680,134930,134805,0.14427335656234175
testvideo,134720,134970,134845,0.1232936150295851
testvideo,134760,135010,134885,0.07966910370418019
testvideo,134800,135050,134925,0.06618786608819739
testvideo,134840,135090,134965,0.05005393559169344
testvideo,134880,135130,135005,0.031843007241827335
testvideo,134920,135170,135045,0.02256537453731256
testvideo,134960,135210,135085,0.02019774454808477
testvideo,135000,135250,135125,0.0356067720750446
testvideo,135040,135290,135165,0.04656090839622252
testvideo,135080,135330,135205,0.045251033710922185
testvideo,135120,135370,135245,0.045413573144522754
testvideo,135160,135410,135285,0.048747841803405495
testvideo,135200,135450,135325,0.02864719012583948
testvideo,135240,135490,135365,0.026002116434032958
testvideo,135280,135530,135405,0.01503427723466427
testvideo,135320,135570,135445,0.014909349434296395
testvideo,135360,135610,135485,0.013680477577688501
testvideo,135400,135650,135525,0.014973887671144053
testvideo,135440,135690,135565,0.009045486956813056
testvideo,135480,135730,135605,0.016963284756470232
testvideo,135520,135770,135645,0.027286426563455517
testvideo,135560,135810,135685,0.04009934504108638
testvideo,135600,135850,135725,0.06166765965547737
testvideo,135640,135890,135765,0.06578931045631886
testvideo,135680,135930,135805,0.05161491085264911
testvideo,135720,135970,135845,0.04929247459974769
testvideo,135760,136010,135885,0.03944106172133579
testvideo,135800,136050,135925,0.014168122213600214
testvideo,135840,136090,135965,0.010102548390231685
testvideo,135880,136130,136005,0.012451486156796051
testvideo,135920,136170,136045,0.02128430492313946
testvideo,135960,136210,136085,0.03646056336156779
testvideo,136000,136250,136125,0.05576769018020425
testvideo,136040,136290,136165,0.06754314596749204
testvideo,136080,136330,136205,0.07468907354054558
testvideo,136120,136370,136245,0.07612466693273293
testvideo,136160,136410,136285,0.07777034158067872
testvideo,136200,136450,136325,0.056418822204703074
testvideo,136240,136490,136365,0.042787160785375485
testvideo,136280,136530,136405,0.035726161644638314
testvideo,136320,136570,136445,0.11954631596766122
testvideo,136360,136610,136485,0.16688192291063178
testvideo,136400,136650,136525,0.2041384323810355
testvideo,136440,136690,136565,0.29103301757465583
testvideo,136480,136730,136605,0.3281821581127861
testvideo,136520,136770,136645,0.3015660847743765
testvideo,136560,136810,136685,0.2619604523070063
testvideo,136600,136850,136725,0.21593485626676498
testvideo,136640,136890,136765,0.1447446892426394
testvideo,136680,136930,136805,0.113342971678933
testvideo,136720,136970,136845,0.06668513774202418
testvideo,136760,137010,136885,0.05951972391444049
testvideo,136800,137050,136925,0.04061573029001347
testvideo,136840,137090,136965,0.04613260440249164
testvideo,136880,137130,137005,0.06783980922905448
testvideo,136920,137170,137045,0.09439075658042778
testvideo,136960,137210,137085,0.1336979714804002
testvideo,137000,137250,137125,0.14018531761085676
testvideo,137040,137290,137165,0.14972668870856767
testvideo,137080,137330,137205,0.12892596745821736
testvideo,137120,137370,137245,0.10385318700536612
testvideo,137160,137410,137285,0.05458747672540927
testvideo,137200,137450,137325,0.03649554985995453
testvideo,137240,137490,137365,0.020936977003434876
testvideo,137280,137530,137405,0.011717371899554962
testvideo,137320,137570,137445,0.005630243653521259
testvideo,137360,137610,137485,0.028989771920989987
testvideo,137400,137650,137525,0.03984257764580785
testvideo,137440,137690,137565,0.04220665226835108
testvideo,137480,137730,137605,0.04910125051207087
testvideo,137520,137770,137645,0.06693801659701946
testvideo,137560,137810,137685,0.061056545684578085
testvideo,137600,137850,137725,0.048741448280168145
testvideo,137640,137890,137765,0.038416079828611616
testvideo,137680,137930,137805,0.04626239510981132
testvideo,137720,137970,137845,0.02926213290403426
testvideo,137760,138010,137885,0.01681694088603423
testvideo,137800,138050,137925,0.028470717464357077
testvideo,137840,138090,137965,0.03940454046755978
testvideo,137880,138130,138005,0.0599488203159623
testvideo,137920,138170,138045,0.07244101218276679
testvideo,137960,138210,138085,0.08777580883078873
testvideo,138000,138250,138125,0.08438478054426722
testvideo,138040,138290,138165,0.0923136333423825
testvideo,138080,138330,138205,0.07644675370367791
testvideo,138120,138370,138245,0.06320887982650981
testvideo,138160,138410,138285,0.047843919642122444
testvideo,138200,138450,138325,0.03567526898622796
testvideo,138240,138490,138365,0.02686741225539516
testvideo,138280,138530,138405,0.010885085077578046
testvideo,138320,138570,138445,0.014924771556157339
testvideo,138360,138610,138485,0.019637605378141222
testvideo,138400,138650,138525,0.04326401073104622
testvideo,138440,138690,138565,0.0647558057068086
testvideo,138480,138730,138605,0.08481604020226256
testvideo,138520,138770,138645,0.11478394270852876
testvideo,138560,138810,138685,0.1294759830529349
testvideo,138600,138850,138725,0.10292407612659715
testvideo,138640,138890,138765,0.08815545714077404
testvideo,138680,138930,138805,0.07253566443217088
testvideo,138720,138970,138845,0.05337782103853428
testvideo,138760,139010,138885,0.06958046026641763
testvideo,138800,139050,138925,0.09515669761444713
testvideo,138840,139090,138965,0.12335115268202433
testvideo,138880,139130,139005,0.1338217423514924
testvideo,138920,139170,139045,0.13700993236965284
testvideo,138960,139210,139085,0.10271563539536112
testvideo,139000,139250,139125,0.07255849063689622
testvideo,139040,139290,139165,0.037639006201049784
testvideo,139080,139330,139205,0.02211661798510579
testvideo,139120,139370,139245,0.019949329409258018
testvideo,139160,139410,139285,0.03919425030142962
testvideo,139200,139450,139325,0.0664642208226243
testvideo,139240,139490,139365,0.10807582629623577
testvideo,139280,139530,139405,0.15343738821715935
testvideo,139320,139570,139445,0.2121812404553792
testvideo,139360,139610,139485,0.2330438661186931
testvideo,139400,139650,139525,0.2401127261590609
testvideo,139440,139690,139565,0.20729099785970645
testvideo,139480,139730,139605,0.18330579033999253
testvideo,139520,139770,139645,0.14003349482220104
testvideo,139560,139810,139685,0.07488890269251074
testvideo,139600,139850,139725,0.04751551193957085
testvideo,139640,139890,139765,0.027645687540425408
testvideo,139680,139930,139805,0.02361965618659308
testvideo,139720,139970,139845,0.03774534423163545
testvideo,139760,140010,139885,0.0563645130110576
testvideo,139800,140050,139925,0.0723625502294234
testvideo,139840,140090,139965,0.09016812870752694
testvideo,139880,140130,140005,0.07716941199565737
testvideo,139920,140170,140045,0.07922583832930244
testvideo,139960,140210,140085,0.08450424404310776
testvideo,140000,140250,140125,0.10324701624595907
testvideo,140040,140290,140165,0.1089965346737821
testvideo,140080,140330,140205,0.12202712686485405
testvideo,140120,140370,140245,0.1227990291107272
testvideo,140160,140410,140285,0.1110266112508362
testvideo,140200,140450,140325,0.07163780616204578
testvideo,140240,140490,140365,0.05307317183824614
testvideo,140280,140530,140405,0.03265558134092105
testvideo,140320,140570,140445,0.01645239405965261
testvideo,140360,140610,140485,0.0342951157045508
testvideo,140400,140650,140525,0.06753063288662235
testvideo,140440,140690,140565,0.09775331501884693
testvideo,140480,140730,140605,0.12446102439155135
testvideo,140520,140770,140645,0.13974463974797288
testvideo,140560,140810,140685,0.1543671708109458
testvideo,140600,140850,140725,0.13312292680988735
testvideo,140640,140890,140765,0.10327174928287584
testvideo,140680,140930,140805,0.06683937090559985
testvideo,140720,140970,140845,0.05142220693815902
testvideo,140760,141010,140885,0.03771866235290461
testvideo,140800,141050,140925,0.0225782985370404
testvideo,140840,141090,140965,0.02456333041659994
testvideo,140880,141130,141005,0.04315813201198651
testvideo,140920,141170,141045,0.07316882826570824
testvideo,140960,141210,141085,0.08690318107489022
testvideo,141000,141250,141125,0.10591597396286163
testvideo,141040,141290,141165,0.10524662841709494
testvideo,141080,141330,141205,0.09337599589719653
testvideo,141120,141370,141245,0.06926432062451911
testvideo,141160,141410,141285,0.058477586021157366
testvideo,141200,141450,141325,0.052771371869390536
testvideo,141240,141490,141365,0.04434237312924686
testvideo,141280,141530,141405,0.04049635961217357
testvideo,141320,141570,141445,0.08407092975983531
testvideo,141360,141610,141485,0.11629420112253196
testvideo,141400,141650,141525,0.16381228398245956
testvideo,141440,141690,141565,0.24015412252649557
testvideo,141480,141730,141605,0.2918425754300328
testvideo,141520,141770,141645,0.3208155871430094
testvideo,141560,141810,141685,0.3115544723268945
testvideo,141600,141850,141725,0.29234785247482137
testvideo,141640,141890,141765,0.2160434256171236
testvideo,141680,141930,141805,0.16415686637945892
testvideo,141720,141970,141845,0.09257356503973442
testvideo,141760,142010,141885,0.0498457073806971
testvideo,141800,142050,141925,0.03436288414992672
testvideo,141840,142090,141965,0.020666831424863755
testvideo,141880,142130,142005,0.02085376771239816
testvideo,141920,142170,142045,0.028008724627591446
testvideo,141960,142210,142085,0.06447012213699348
testvideo,142000,142250,142125,0.08842022858606169
testvideo,142040,142290,142165,0.1302965395400839
testvideo,142080,142330,142205,0.1654109325169608
testvideo,142120,142370,142245,0.18793554133380166
testvideo,142160,142410,142285,0.17360075691364868
testvideo,142200,142450,142325,0.15673152271195995
testvideo,142240,142490,142365,0.11462806218788346
testvideo,142280,142530,142405,0.07840014094517128
testvideo,142320,142570,142445,0.05296827772952382
testvideo,142360,142610,142485,0.03964050326371804
testvideo,142400,142650,142525,0.04668095578446111
testvideo,142440,142690,142565,0.06106168374656666
testvideo,142480,142730,142605,0.08332180188833985
testvideo,142520,142770,142645,0.09798877320816408
testvideo,142560,142810,142685,0.0925106057457551
testvideo,142600,142850,142725,0.08594723845144778
testvideo,142640,142890,142765,0.06366140949902434
testvideo,142680,142930,142805,0.040897756670676154
testvideo,142720,142970,142845,0.04034063534668536
testvideo,142760,143010,142885,0.0828710492998105
testvideo,142800,143050,142925,0.10327214508807267
testvideo,142840,143090,142965,0.11712275554372768
testvideo,142880,143130,143005,0.15279150348283418
testvideo,142920,143170,143045,0.17057405572825532
testvideo,142960,143210,143085,0.17457029480156386
testvideo,143000,143250,143125,0.1597014521250483
testvideo,143040,143290,143165,0.1606284534753122
testvideo,143080,143330,143205,0.15554474909479138
testvideo,143120,143370,143245,0.14243561972771956
testvideo,143160,143410,143285,0.11745607130168989
testvideo,143200,143450,143325,0.09481706612605832
testvideo,143240,143490,143365,0.07386741447972851
testvideo,143280,143530,143405,0.04697148361066935
testvideo,143320,143570,143445,0.03446293779234735
testvideo,143360,143610,143485,0.038382857600473407
testvideo,143400,143650,143525,0.04049935617620814
testvideo,143440,143690,143565,0.05221030615491789
testvideo,143480,143730,143605,0.06269377318403489
testvideo,143520,143770,143645,0.07595847495648773
testvideo,143560,143810,143685,0.07933059169251291
testvideo,143600,143850,143725,0.10908700362608185
testvideo,143640,143890,143765,0.15503516037506943
testvideo,143680,143930,143805,0.18119376835358464
testvideo,143720,143970,143845,0.21421311840911963
testvideo,143760,144010,143885,0.24215180281404872
testvideo,143800,144050,143925,0.21008642184311138
testvideo,143840,144090,143965,0.18636972293966061
testvideo,143880,144130,144005,0.14411752773534545
testvideo,143920,144170,144045,0.0872083391950878
testvideo,143960,144210,144085,0.05404506216878841
testvideo,144000,144250,144125,0.03626824535254616
testvideo,144040,144290,144165,0.0334252963243713
testvideo,144080,144330,144205,0.043295789045954325
testvideo,144120,144370,144245,0.06979207609715377
testvideo,144160,144410,144285,0.10197420259530234
testvideo,144200,144450,144325,0.12432173242910093
testvideo,144240,144490,144365,0.15540154451302327
testvideo,144280,144530,144405,0.16211545126214502
testvideo,144320,144570,144445,0.15810934698543913
testvideo,144360,144610,144485,0.12842506709290205
testvideo,144400,144650,144525,0.10204566648503595
testvideo,144440,144690,144565,0.06264943332969089
testvideo,144480,144730,144605,0.04189670100750572
testvideo,144520,144770,144645,0.027296953652113966
testvideo,144560,144810,144685,0.015526867139342907
testvideo,144600,144850,144725,0.02200524335180654
testvideo,144640,144890,144765,0.06276722962984864
testvideo,144680,144930,144805,0.09218439286789763
testvideo,144720,144970,144845,0.11708035626096891
testvideo,144760,145010,144885,0.1485557556945383
testvideo,144800,145050,144925,0.15064973332555165
testvideo,144840,145090,144965,0.1321294163276742
testvideo,144880,145130,145005,0.09305534687663648
testvideo,144920,145170,145045,0.06298636233021546
testvideo,144960,145210,145085,0.025006941315624864
testvideo,145000,145250,145125,0.03108945154845716
testvideo,145040,145290,145165,0.062260697073828496
testvideo,145080,145330,145205,0.12735853826099647
testvideo,145120,145370,145245,0.1629410890506781
testvideo,145160,145410,145285,0.22217846845717512
testvideo,145200,145450,145325,0.24533895839592787
testvideo,145240,145490,145365,0.2665613724128545
testvideo,145280,145530,145405,0.2495648373307386
testvideo,145320,145570,145445,0.24250585404110675
testvideo,145360,145610,145485,0.21885007931489378
testvideo,145400,145650,145525,0.1807139573352301
testvideo,145440,145690,145565,0.1283202662211592
testvideo,145480,145730,145605,0.1368964077694981
testvideo,145520,145770,145645,0.10803025463635056
testvideo,145560,145810,145685,0.07651798877523511
testvideo,145600,145850,145725,0.07806056739170987
testvideo,145640,145890,145765,0.08078395388647065
testvideo,145680,145930,145805,0.08629663544244735
testvideo,145720,145970,145845,0.09692462004879107
testvideo,145760,146010,145885,0.13142663509609218
testvideo,145800,146050,145925,0.19077021883050482
testvideo,145840,146090,145965,0.23731475542843117
testvideo,145880,146130,146005,0.2608757658989633
testvideo,145920,146170,146045,0.2776157455842317
testvideo,145960,146210,146085,0.2912483968230834
testvideo,146000,146250,146125,0.29166227842022774
testvideo,146040,146290,146165,0.24561333428084378
testvideo,146080,146330,146205,0.24813236948894568
testvideo,146120,146370,146245,0.1895200183344829
testvideo,146160,146410,146285,0.15235801079673944
testvideo,146200,146450,146325,0.09033271923188257
testvideo,146240,146490,146365,0.09365161470351203
testvideo,146280,146530,146405,0.05233147018755113
testvideo,146320,146570,146445,0.03712828386910279
testvideo,146360,146610,146485,0.05007136618676083
testvideo,146400,146650,146525,0.08956343195650944
testvideo,146440,146690,146565,0.1275166768437542
testvideo,146480,146730,146605,0.1615505578233253
testvideo,146520,146770,146645,0.2143133042858915
testvideo,146560,146810,146685,0.22847203129119045
testvideo,146600,146850,146725,0.23504541631610226
testvideo,146640,146890,146765,0.19506225172810346
testvideo,146680,146930,146805,0.15782522845838176
testvideo,146720,146970,146845,0.09783027803480411
testvideo,146760,147010,146885,0.06742639212837719
testvideo,146800,147050,146925,0.04817232363146972
testvideo,146840,147090,146965,0.025674359228711818
testvideo,146880,147130,147005,0.03722752960737452
testvideo,146920,147170,147045,0.059202349914753906
testvideo,146960,147210,147085,0.08502222639630787
testvideo,147000,147250,147125,0.10903272214520669
testvideo,147040,147290,147165,0.1429019884748364
testvideo,147080,147330,147205,0.13625467735741562
testvideo,147120,147370,147245,0.11102700139645504
testvideo,147160,147410,147285,0.07629546840852157
testvideo,147200,147450,147325,0.05911366308338791
testvideo,147240,147490,147365,0.02046736663058187
testvideo,147280,147530,147405,0.026182125993657147
testvideo,147320,147570,147445,0.05877101823481001
testvideo,147360,147610,147485,0.11159706372916252
testvideo,147400,147650,147525,0.14326389567424908
testvideo,147440,147690,147565,0.20172765605117382
testvideo,147480,147730,147605,0.22468386283646427
testvideo,147520,147770,147645,0.22255822394951666
testvideo,147560,147810,147685,0.21616473951930676
testvideo,147600,147850,147725,0.21568780221914158
testvideo,147640,147890,147765,0.19804130410778792
testvideo,147680,147930,147805,0.17270273732876082
testvideo,147720,147970,147845,0.15313397756333016
testvideo,147760,148010,147885,0.13297541264959345
testvideo,147800,148050,147925,0.143547862211796
testvideo,147840,148090,147965,0.12876087443226142
testvideo,147880,148130,148005,0.1254718670186292
testvideo,147920,148170,148045,0.12102533578744168
testvideo,147960,148210,148085,0.10237657884553251
testvideo,148000,148250,148125,0.14848942095943096
testvideo,148040,148290,148165,0.15967645234600747
testvideo,148080,148330,148205,0.20122308457985283
testvideo,148120,148370,148245,0.2538373144957166
testvideo,148160,148410,148285,0.30190808360856597
testvideo,148200,148450,148325,0.30249738916040264
testvideo,148240,148490,148365,0.29290166885657626
testvideo,148280,148530,148405,0.2848180405102047
testvideo,148320,148570,148445,0.24236056429113717
testvideo,148360,148610,148485,0.19887372542079937
testvideo,148400,148650,148525,0.14908898513569427
testvideo,148440,148690,148565,0.11909937858539556
testvideo,148480,148730,148605,0.09257884867416886
testvideo,148520,148770,148645,0.05577827831043933
testvideo,148560,148810,148685,0.05244212900927043
testvideo,148600,148850,148725,0.050796027312646916
testvideo,148640,148890,148765,0.07188007761488521
testvideo,148680,148930,148805,0.09287531503197495
testvideo,148720,148970,148845,0.13657517743172412
testvideo,148760,149010,148885,0.18875842704149837
testvideo,148800,149050,148925,0.23294611949987098
testvideo,148840,149090,148965,0.2462844972363678
testvideo,148880,149130,149005,0.2289190508775029
testvideo,148920,149170,149045,0.2068976159723919
testvideo,148960,149210,149085,0.1622771593814342
testvideo,149000,149250,149125,0.11285927564328568
testvideo,149040,149290,149165,0.07065779726165362
testvideo,149080,149330,149205,0.04232803317164473
testvideo,149120,149370,149245,0.031542138404212806
testvideo,149160,149410,149285,0.03024899663411922
testvideo,149200,149450,149325,0.044857838130817916
testvideo,149240,149490,149365,0.11142101464746187
testvideo,149280,149530,149405,0.1626551461498343
testvideo,149320,149570,149445,0.2196609551345363
testvideo,149360,149610,149485,0.24845595682442534
testvideo,149400,149650,149525,0.27496556053094223
testvideo,149440,149690,149565,0.2383683759334223
testvideo,149480,149730,149605,0.21632388601119748
testvideo,149520,149770,149645,0.17056780808819225
testvideo,149560,149810,149685,0.12569493884509422
testvideo,149600,149850,149725,0.08404118194166406
testvideo,149640,149890,149765,0.05289200043498821
testvideo,149680,149930,149805,0.03693798249061229
testvideo,149720,149970,149845,0.02154600788699539
testvideo,149760,150010,149885,0.016935676192112396
testvideo,149800,150050,149925,0.026888965560334366
testvideo,149840,150090,149965,0.07639848322806343
testvideo,149880,150130,150005,0.11338692229630087
testvideo,149920,150170,150045,0.14235629500909622
testvideo,149960,150210,150085,0.19328652617790568
testvideo,150000,150250,150125,0.2093818833833417
testvideo,150040,150290,150165,0.20093329725269013
testvideo,150080,150330,150205,0.152851709939995
testvideo,150120,150370,150245,0.12990926566343178
testvideo,150160,150410,150285,0.08447588132472068
testvideo,150200,150450,150325,0.05337440551112549
testvideo,150240,150490,150365,0.038779672533383866
testvideo,150280,150530,150405,0.023213409002273845
testvideo,150320,150570,150445,0.022113806493744403
testvideo,150360,150610,150485,0.0061863650872531865
testvideo,150400,150650,150525,0.007818636460520813
testvideo,150440,150690,150565,0.025461513944246016
testvideo,150480,150730,150605,0.03282931018357512
testvideo,150520,150770,150645,0.04121503265373853
testvideo,150560,150810,150685,0.07118998966364797
testvideo,150600,150850,150725,0.12569590569967123
testvideo,150640,150890,150765,0.1372931086871826
testvideo,150680,150930,150805,0.15072926361519653
testvideo,150720,150970,150845,0.15511213927755438
testvideo,150760,151010,150885,0.17840079016098281
testvideo,150800,151050,150925,0.16070797158401004
testvideo,150840,151090,150965,0.1536035442238716
testvideo,150880,151130,151005,0.11940138465328773
testvideo,150920,151170,151045,0.10243543146837301
testvideo,150960,151210,151085,0.0956130644750832
testvideo,151000,151250,151125,0.04194103793847329
testvideo,151040,151290,151165,0.020197687536014697
testvideo,151080,151330,151205,0.013585829115834024
testvideo,151120,151370,151245,0.016924107966430183
testvideo,151160,151410,151285,0.015328639114345849
testvideo,151200,151450,151325,0.019087261161680063
testvideo,151240,151490,151365,0.018974299216106577
testvideo,151280,151530,151405,0.02108204775827199
testvideo,151320,151570,151445,0.017780302348592632
testvideo,151360,151610,151485,0.0164277848252074
testvideo,151400,151650,151525,0.017838898004309472
testvideo,151440,151690,151565,0.03434051512601936
testvideo,151480,151730,151605,0.04335530522487183
testvideo,151520,151770,151645,0.05994511219721756
testvideo,151560,151810,151685,0.06559264591221588
testvideo,151600,151850,151725,0.07145301158914084
testvideo,151640,151890,151765,0.06330578906142847
testvideo,151680,151930,151805,0.05467395365861289
testvideo,151720,151970,151845,0.047755151699244235
testvideo,151760,152010,151885,0.06748843260523543
testvideo,151800,152050,151925,0.10064082909123928
testvideo,151840,152090,151965,0.1391785913594135
testvideo,151880,152130,152005,0.18043811279452013
testvideo,151920,152170,152045,0.2178945829809237
testvideo,151960,152210,152085,0.22055630904018134
testvideo,152000,152250,152125,0.20406970569237173
testvideo,152040,152290,152165,0.16113158691717575
testvideo,152080,152330,152205,0.12060686037459817
testvideo,152120,152370,152245,0.08592377590493376
testvideo,152160,152410,152285,0.05335675368583355
testvideo,152200,152450,152325,0.033962648950391514
testvideo,152240,152490,152365,0.022682662136695578
testvideo,152280,152530,152405,0.0252759210236031
testvideo,152320,152570,152445,0.04280068772846418
testvideo,152360,152610,152485,0.10434150195886739
testvideo,152400,152650,152525,0.1268200720874791
testvideo,152440,152690,152565,0.15901211734176138
testvideo,152480,152730,152605,0.16259754760027942
testvideo,152520,152770,152645,0.14525242869551455
testvideo,152560,152810,152685,0.09637754397496501
testvideo,152600,152850,152725,0.06299691281399895
testvideo,152640,152890,152765,0.04039360871975134
testvideo,152680,152930,152805,0.03513605839953152
testvideo,152720,152970,152845,0.06189589492015889
testvideo,152760,153010,152885,0.09895413585305955
testvideo,152800,153050,152925,0.10951753034503779
testvideo,152840,153090,152965,0.1125047496549699
testvideo,152880,153130,153005,0.10960807139415792
testvideo,152920,153170,153045,0.09355637068425553
testvideo,152960,153210,153085,0.0912239777057009
testvideo,153000,153250,153125,0.17138693171435618
testvideo,153040,153290,153165,0.20940660670967567
testvideo,153080,153330,153205,0.3009192688673325
testvideo,153120,153370,153245,0.32520525389491245
testvideo,153160,153410,153285,0.353105842726056
testvideo,153200,153450,153325,0.3462288864184271
testvideo,153240,153490,153365,0.31134448504302226
testvideo,153280,153530,153405,0.26037592931116055
testvideo,153320,153570,153445,0.26243816748719756
testvideo,153360,153610,153485,0.2415426196953224
testvideo,153400,153650,153525,0.16299240674426071
testvideo,153440,153690,153565,0.1631351817641609
testvideo,153480,153730,153605,0.1706338474265494
testvideo,153520,153770,153645,0.13483964435633636
testvideo,153560,153810,153685,0.12057994802733163
testvideo,153600,153850,153725,0.1172895233879644
testvideo,153640,153890,153765,0.17671335488412337
testvideo,153680,153930,153805,0.19328639565613814
testvideo,153720,153970,153845,0.2614871621760396
testvideo,153760,154010,153885,0.32062492894130484
testvideo,153800,154050,153925,0.38106945171791534
testvideo,153840,154090,153965,0.41197225866577236
testvideo,153880,154130,154005,0.3847381583532772
testvideo,153920,154170,154045,0.3558885701036228
testvideo,153960,154210,154085,0.3180621486830773
testvideo,154000,154250,154125,0.26393598054001705
testvideo,154040,154290,154165,0.18905820431440443
testvideo,154080,154330,154205,0.14203230450980356
testvideo,154120,154370,154245,0.08915331630729
testvideo,154160,154410,154285,0.054230476672191254
testvideo,154200,154450,154325,0.040004434328538056
testvideo,154240,154490,154365,0.04214394314005029
testvideo,154280,154530,154405,0.04695811205889221
testvideo,154320,154570,154445,0.05118256279578603
testvideo,154360,154610,154485,0.061705018594189746
testvideo,154400,154650,154525,0.07531296851516572
testvideo,154440,154690,154565,0.10347837343190489
testvideo,154480,154730,154605,0.1176979539348459
testvideo,154520,154770,154645,0.1124975473458901
testvideo,154560,154810,154685,0.10719039936658876
testvideo,154600,154850,154725,0.08848402637009874
testvideo,154640,154890,154765,0.05821882395621037
testvideo,154680,154930,154805,0.04773588441646898
testvideo,154720,154970,154845,0.041796973804720125
testvideo,154760,155010,154885,0.0688897899544856
testvideo,154800,155050,154925,0.11716635831639982
testvideo,154840,155090,154965,0.1933510639066498
testvideo,154880,155130,155005,0.21406367606857232
testvideo,154920,155170,155045,0.22576350013294813
testvideo,154960,155210,155085,0.22558051567339402
testvideo,155000,155250,155125,0.18257033313669857
testvideo,155040,155290,155165,0.13587966248119102
testvideo,155080,155330,155205,0.06922399295574647
testvideo,155120,155370,155245,0.05206918317781022
testvideo,155160,155410,155285,0.02990235300788426
testvideo,155200,155450,155325,0.033432482916162874
testvideo,155240,155490,155365,0.047447021642499476
testvideo,155280,155530,155405,0.10712900139590939
testvideo,155320,155570,155445,0.15214178739747694
testvideo,155360,155610,155485,0.21508716484524415
testvideo,155400,155650,155525,0.2786888044275571
testvideo,155440,155690,155565,0.3467227493606617
testvideo,155480,155730,155605,0.39683324012881477
testvideo,155520,155770,155645,0.40303577502549764
testvideo,155560,155810,155685,0.3746433675670901
testvideo,155600,155850,155725,0.3217855222483444
testvideo,155640,155890,155765,0.23498421435095787
testvideo,155680,155930,155805,0.13544653482451408
testvideo,155720,155970,155845,0.07629502383712063
testvideo,155760,156010,155885,0.05140185118571848
testvideo,155800,156050,155925,0.03744241485633725
testvideo,155840,156090,155965,0.04647592020971784
testvideo,155880,156130,156005,0.04750721895911441
testvideo,155920,156170,156045,0.04071839003071598
testvideo,155960,156210,156085,0.05072512941875738
testvideo,156000,156250,156125,0.03761227639302007
testvideo,156040,156290,156165,0.032940240364326086
testvideo,156080,156330,156205,0.0341442045197651
testvideo,156120,156370,156245,0.08665996658201654
testvideo,156160,156410,156285,0.09851882454853829
testvideo,156200,156450,156325,0.16016796335602715
testvideo,156240,156490,156365,0.18335938770682594
testvideo,156280,156530,156405,0.1817910642685242
testvideo,156320,156570,156445,0.13801371266549364
testvideo,156360,156610,156485,0.1100103022275793
testvideo,156400,156650,156525,0.05696888037315881
testvideo,156440,156690,156565,0.03644254202618812
testvideo,156480,156730,156605,0.029168315052725855
testvideo,156520,156770,156645,0.021472454170838883
testvideo,156560,156810,156685,0.030434861302981533
testvideo,156600,156850,156725,0.049003319254916446
testvideo,156640,156890,156765,0.07038702255580748
testvideo,156680,156930,156805,0.07721746206658704
testvideo,156720,156970,156845,0.09763525512357009
testvideo,156760,157010,156885,0.11924554875494557
testvideo,156800,157050,156925,0.12481691346546978
testvideo,156840,157090,156965,0.09832524003969707
testvideo,156880,157130,157005,0.10342802688310603
testvideo,156920,157170,157045,0.21765918640619478
testvideo,156960,157210,157085,0.25398372983820094
testvideo,157000,157250,157125,0.33545265509781236
testvideo,157040,157290,157165,0.4645854041975139
testvideo,157080,157330,157205,0.5498185681000721
testvideo,157120,157370,157245,0.5546506924606137
testvideo,157160,157410,157285,0.44397082797007986
testvideo,157200,157450,157325,0.39575844104378893
testvideo,157240,157490,157365,0.2634062488910994
testvideo,157280,157530,157405,0.17363580810900825
testvideo,157320,157570,157445,0.1300591335911928
testvideo,157360,157610,157485,0.0830756984668566
testvideo,157400,157650,157525,0.061071123823561425
testvideo,157440,157690,157565,0.04467674176556161
testvideo,157480,157730,157605,0.04297112160575914
testvideo,157520,157770,157645,0.03544981395360105
testvideo,157560,157810,157685,0.10093195564993439
testvideo,157600,157850,157725,0.14872114543902124
testvideo,157640,157890,157765,0.19503240790393025
testvideo,157680,157930,157805,0.2303540819682415
testvideo,157720,157970,157845,0.25554540485397625
testvideo,157760,158010,157885,0.22569215919260915
testvideo,157800,158050,157925,0.1880935309277614
testvideo,157840,158090,157965,0.1339426269785598
testvideo,157880,158130,158005,0.08145928189897898
testvideo,157920,158170,158045,0.05856109165007356
testvideo,157960,158210,158085,0.043584655739323214
testvideo,158000,158250,158125,0.026313006583872985
testvideo,158040,158290,158165,0.01797471785983571
testvideo,158080,158330,158205,0.026545085615594984
testvideo,158120,158370,158245,0.024368672642514095
testvideo,158160,158410,158285,0.024512161445406282
testvideo,158200,158450,158325,0.05518071641400416
testvideo,158240,158490,158365,0.10760616211627452
testvideo,158280,158530,158405,0.17176499256891467
testvideo,158320,158570,158445,0.25920160649141666
testvideo,158360,158610,158485,0.34675242228653763
testvideo,158400,158650,158525,0.4426679520493126
testvideo,158440,158690,158565,0.4845771645283836
testvideo,158480,158730,158605,0.5128641640366063
testvideo,158520,158770,158645,0.4370964701324163
testvideo,158560,158810,158685,0.38011137808094936
testvideo,158600,158850,158725,0.2886349845929743
testvideo,158640,158890,158765,0.24448012959511806
testvideo,158680,158930,158805,0.18387796827023875
testvideo,158720,158970,158845,0.14123019483944088
testvideo,158760,159010,158885,0.13760131941312512
testvideo,158800,159050,158925,0.13050636705884663
testvideo,158840,159090,158965,0.11873554839422684
testvideo,158880,159130,159005,0.11834929890388864
testvideo,158920,159170,159045,0.12772361968617188
testvideo,158960,159210,159085,0.10580904505120266
testvideo,159000,159250,159125,0.09208017420772628
testvideo,159040,159290,159165,0.05773344329829566
testvideo,159080,159330,159205,0.08060678608649677
testvideo,159120,159370,159245,0.08301311992136966
testvideo,159160,159410,159285,0.0794781001910869
testvideo,159200,159450,159325,0.07092356861615033
testvideo,159240,159490,159365,0.06133704643336008
testvideo,159280,159530,159405,0.0641549962810454
testvideo,159320,159570,159445,0.02391211070474836
testvideo,159360,159610,159485,0.02013777338816161
testvideo,159400,159650,159525,0.021630700071067904
testvideo,159440,159690,159565,0.029917016571515482
testvideo,159480,159730,159605,0.06157756058933683
testvideo,159520,159770,159645,0.10579379584110195
testvideo,159560,159810,159685,0.11408056296815279
testvideo,159600,159850,159725,0.1345796434790987
testvideo,159640,159890,159765,0.16105214562247133
testvideo,159680,159930,159805,0.18450333887580303
testvideo,159720,159970,159845,0.19583472048369552
testvideo,159760,160010,159885,0.2184959070233269
testvideo,159800,160050,159925,0.2383461184020785
testvideo,159840,160090,159965,0.23944796649500613
testvideo,159880,160130,160005,0.2293449693616707
testvideo,159920,160170,160045,0.19415415820094925
testvideo,159960,160210,160085,0.14028894396144925
testvideo,160000,160250,160125,0.10190644380947422
testvideo,160040,160290,160165,0.07033566218626322
testvideo,160080,160330,160205,0.04926148672807899
testvideo,160120,160370,160245,0.04040202584176245
testvideo,160160,160410,160285,0.03799103139459201
testvideo,160200,160450,160325,0.038303059573646776
testvideo,160240,160490,160365,0.038808541476898516
testvideo,160280,160530,160405,0.06160362580212475
testvideo,160320,160570,160445,0.07877258189449009
testvideo,160360,160610,160485,0.10868655182135363
testvideo,160400,160650,160525,0.11495750489711591
testvideo,160440,160690,160565,0.13235164344315645
testvideo,160480,160730,160605,0.11283164077422687
testvideo,160520,160770,160645,0.09376014888898501
testvideo,160560,160810,160685,0.05581056609102536
testvideo,160600,160850,160725,0.04408412090191268
testvideo,160640,160890,160765,0.02088774434910033
testvideo,160680,160930,160805,0.03307220795958946
testvideo,160720,160970,160845,0.03421129582684036
testvideo,160760,161010,160885,0.06794103197495217
testvideo,160800,161050,160925,0.11734624532279282
testvideo,160840,161090,160965,0.15454758478214844
testvideo,160880,161130,161005,0.17921401395616937
testvideo,160920,161170,161045,0.175080653077499
testvideo,160960,161210,161085,0.18269469995020762
testvideo,161000,161250,161125,0.15390496568719994
testvideo,161040,161290,161165,0.12507371107583323
testvideo,161080,161330,161205,0.09751355885291345
testvideo,161120,161370,161245,0.07100233930193049
testvideo,161160,161410,161285,0.06651837528110073
testvideo,161200,161450,161325,0.04776876984344097
testvideo,161240,161490,161365,0.044553994871117025
testvideo,161280,161530,161405,0.040613019792552905
testvideo,161320,161570,161445,0.03044063238399731
testvideo,161360,161610,161485,0.03248547946099777
testvideo,161400,161650,161525,0.04823826567440006
testvideo,161440,161690,161565,0.07108150672267992
testvideo,161480,161730,161605,0.11230883597448112
testvideo,161520,161770,161645,0.18323956934725416
testvideo,161560,161810,161685,0.2087146051568412
testvideo,161600,161850,161725,0.20894197150486454
testvideo,161640,161890,161765,0.20067413357009126
testvideo,161680,161930,161805,0.18579120496089685
testvideo,161720,161970,161845,0.1705841344853256
testvideo,161760,162010,161885,0.16258201239524706
testvideo,161800,162050,161925,0.17240439849427583
testvideo,161840,162090,161965,0.1802096877800998
testvideo,161880,162130,162005,0.15677848556184848
testvideo,161920,162170,162045,0.21120618340348596
testvideo,161960,162210,162085,0.19980939630819533
testvideo,162000,162250,162125,0.1838445244120838
testvideo,162040,162290,162165,0.17224411551816163
testvideo,162080,162330,162205,0.18161848903503489
testvideo,162120,162370,162245,0.1579062611319889
testvideo,162160,162410,162285,0.10119665283739773
testvideo,162200,162450,162325,0.1270381768957181
testvideo,162240,162490,162365,0.16492316962513753
testvideo,162280,162530,162405,0.17190938599802028
testvideo,162320,162570,162445,0.1570704521071663
testvideo,162360,162610,162485,0.17484967809493562
testvideo,162400,162650,162525,0.19059720699277577
testvideo,162440,162690,162565,0.1475150829490057
testvideo,162480,162730,162605,0.16208364178300133
testvideo,162520,162770,162645,0.19857773787953117
testvideo,162560,162810,162685,0.20847183180815496
testvideo,162600,162850,162725,0.20519350322579127
testvideo,162640,162890,162765,0.19307635245936763
testvideo,162680,162930,162805,0.17560306087579883
testvideo,162720,162970,162845,0.13091400092543365
testvideo,162760,163010,162885,0.06811805718684376
testvideo,162800,163050,162925,0.04732359015748926
testvideo,162840,163090,162965,0.03163477951907881
testvideo,162880,163130,163005,0.016859980444911608
testvideo,162920,163170,163045,0.04058957096804763
testvideo,162960,163210,163085,0.10707460874019284
testvideo,163000,163250,163125,0.1426462160753019
testvideo,163040,163290,163165,0.1723005693788122
testvideo,163080,163330,163205,0.20799407026429395
testvideo,163120,163370,163245,0.201219601257875
testvideo,163160,163410,163285,0.16810468551958715
testvideo,163200,163450,163325,0.10845853280447353
testvideo,163240,163490,163365,0.07668283483203443
testvideo,163280,163530,163405,0.039299063592957206
testvideo,163320,163570,163445,0.029517559101761248
testvideo,163360,163610,163485,0.039166934906239285
testvideo,163400,163650,163525,0.11045584251738173
testvideo,163440,163690,163565,0.13341863830083692
testvideo,163480,163730,163605,0.166797035025207
testvideo,163520,163770,163645,0.17459573447590707
testvideo,163560,163810,163685,0.15896727089235438
testvideo,163600,163850,163725,0.10810304740126653
testvideo,163640,163890,163765,0.07834807445634648
testvideo,163680,163930,163805,0.07009235358688881
testvideo,163720,163970,163845,0.06715252970599489
testvideo,163760,164010,163885,0.07780810335159752
testvideo,163800,164050,163925,0.08898301156343266
testvideo,163840,164090,163965,0.10174713768873238
testvideo,163880,164130,164005,0.10641050388324842
testvideo,163920,164170,164045,0.08564475672376011
testvideo,163960,164210,164085,0.07403373903935619
testvideo,164000,164250,164125,0.06534906544265574
testvideo,164040,164290,164165,0.09161788951873458
testvideo,164080,164330,164205,0.11237710006075109
testvideo,164120,164370,164245,0.16701123932023457
testvideo,164160,164410,164285,0.2207143430976589
testvideo,164200,164450,164325,0.2838814862095959
testvideo,164240,164490,164365,0.2999052370572923
testvideo,164280,164530,164405,0.28486456581635694
testvideo,164320,164570,164445,0.26211418738642595
testvideo,164360,164610,164485,0.23098283933230743
testvideo,164400,164650,164525,0.18334428511371173
testvideo,164440,164690,164565,0.1342732555497337
testvideo,164480,164730,164605,0.10573759227986008
testvideo,164520,164770,164645,0.07612691280382111
testvideo,164560,164810,164685,0.057731737445462145
testvideo,164600,164850,164725,0.04296397098262408
testvideo,164640,164890,164765,0.03794508872652047
testvideo,164680,164930,164805,0.023491139962919266
testvideo,164720,164970,164845,0.03627688474737598
testvideo,164760,165010,164885,0.03389633513607637
testvideo,164800,165050,164925,0.04967977813460133
testvideo,164840,165090,164965,0.05345824134402678
testvideo,164880,165130,165005,0.05662544398949567
testvideo,164920,165170,165045,0.06206509897366306
testvideo,164960,165210,165085,0.05441325397326158
testvideo,165000,165250,165125,0.03536824270353177
testvideo,165040,165290,165165,0.02842041245134846
testvideo,165080,165330,165205,0.02386449611423158
testvideo,165120,165370,165245,0.03929854154215323
testvideo,165160,165410,165285,0.09326417859223829
testvideo,165200,165450,165325,0.15101134300049787
testvideo,165240,165490,165365,0.22345513361783773
testvideo,165280,165530,165405,0.2883832377762317
testvideo,165320,165570,165445,0.31025242548833576
testvideo,165360,165610,165485,0.3112825074849521
testvideo,165400,165650,165525,0.2749843199699737
testvideo,165440,165690,165565,0.22856373740591693
testvideo,165480,165730,165605,0.1915335749934128
testvideo,165520,165770,165645,0.16084608966460512
testvideo,165560,165810,165685,0.13220812996958703
testvideo,165600,165850,165725,0.11317799526498541
testvideo,165640,165890,165765,0.09001662905832113
testvideo,165680,165930,165805,0.06077402683253188
testvideo,165720,165970,165845,0.047367195011142456
testvideo,165760,166010,165885,0.02836201099750324
testvideo,165800,166050,165925,0.025119697346579206
testvideo,165840,166090,165965,0.036109715663882984
testvideo,165880,166130,166005,0.06681644141667806
testvideo,165920,166170,166045,0.10547320231783656
testvideo,165960,166210,166085,0.13437131889158122
testvideo,166000,166250,166125,0.17979358019539005
testvideo,166040,166290,166165,0.2013058765500203
testvideo,166080,166330,166205,0.2107045102261229
testvideo,166120,166370,166245,0.2358543287111838
testvideo,166160,166410,166285,0.21771721002774383
testvideo,166200,166450,166325,0.20757837672066637
testvideo,166240,166490,166365,0.19241771661132867
testvideo,166280,166530,166405,0.1840432157405031
testvideo,166320,166570,166445,0.13849646909470312
testvideo,166360,166610,166485,0.11583069252532592
testvideo,166400,166650,166525,0.1068766547294621
testvideo,166440,166690,166565,0.08856365481844967
testvideo,166480,166730,166605,0.0735112919121823
testvideo,166520,166770,166645,0.053000115159706894
testvideo,166560,166810,166685,0.05099297067745069
testvideo,166600,166850,166725,0.022441090379056422
testvideo,166640,166890,166765,0.021283304210380865
testvideo,166680,166930,166805,0.014980809384350454
testvideo,166720,166970,166845,0.019424497904085982
testvideo,166760,167010,166885,0.02422973969659064
testvideo,166800,167050,166925,0.027390477158011923
testvideo,166840,167090,166965,0.033508980471281195
testvideo,166880,167130,167005,0.03351494794747998
testvideo,166920,167170,167045,0.028723862449514786
testvideo,166960,167210,167085,0.025302010068894824
testvideo,167000,167250,167125,0.039765921071940324
testvideo,167040,167290,167165,0.05377037978609115
testvideo,167080,167330,167205,0.08030652066170771
testvideo,167120,167370,167245,0.10261454527651738
testvideo,167160,167410,167285,0.13818130574877371
testvideo,167200,167450,167325,0.15731743704359774
testvideo,167240,167490,167365,0.170316779481805
testvideo,167280,167530,167405,0.17543279244106824
testvideo,167320,167570,167445,0.1879162050602492
testvideo,167360,167610,167485,0.17327237240472626
testvideo,167400,167650,167525,0.15735105203311922
testvideo,167440,167690,167565,0.13341384247920626
testvideo,167480,167730,167605,0.10485596305074424
testvideo,167520,167770,167645,0.0762416505057135
testvideo,167560,167810,167685,0.053774156917179815
testvideo,167600,167850,167725,0.03572576317783354
testvideo,167640,167890,167765,0.02214029260002685
testvideo,167680,167930,167805,0.045449790133408406
testvideo,167720,167970,167845,0.07124006739556325
testvideo,167760,168010,167885,0.0994396774110127
testvideo,167800,168050,167925,0.1096174702135569
testvideo,167840,168090,167965,0.11003162113386362
testvideo,167880,168130,168005,0.09951612353758732
testvideo,167920,168170,168045,0.06787080638062415
testvideo,167960,168210,168085,0.06354076396225558
testvideo,168000,168250,168125,0.053710020294864984
testvideo,168040,168290,168165,0.09803121588150951
testvideo,168080,168330,168205,0.11567277971950791
testvideo,168120,168370,168245,0.1351055566746511
testvideo,168160,168410,168285,0.13454059336494342
testvideo,168200,168450,168325,0.1315280303958248
testvideo,168240,168490,168365,0.12736524479705905
testvideo,168280,168530,168405,0.08774678063551002
testvideo,168320,168570,168445,0.06804888463981172
testvideo,168360,168610,168485,0.0646386521370217
testvideo,168400,168650,168525,0.07934245023919302
testvideo,168440,168690,168565,0.08368016949879682
testvideo,168480,168730,168605,0.09761555622521861
testvideo,168520,168770,168645,0.1313491430160909
testvideo,168560,168810,168685,0.14646442141030783
testvideo,168600,168850,168725,0.12006398234417548
testvideo,168640,168890,168765,0.11859968728863413
testvideo,168680,168930,168805,0.11573532884492486
testvideo,168720,168970,168845,0.07752877746178727
testvideo,168760,169010,168885,0.05745339787759463
testvideo,168800,169050,168925,0.057056023152261916
testvideo,168840,169090,168965,0.04906728855916614
testvideo,168880,169130,169005,0.08799668868285268
testvideo,168920,169170,169045,0.10797455069724815
testvideo,168960,169210,169085,0.1179907539932955
testvideo,169000,169250,169125,0.12993672454199548
testvideo,169040,169290,169165,0.1482312116724021
testvideo,169080,169330,169205,0.176990302031052
testvideo,169120,169370,169245,0.17148146105326245
testvideo,169160,169410,169285,0.1999867267937648
testvideo,169200,169450,169325,0.21983668362420547
testvideo,169240,169490,169365,0.2507717966460781
testvideo,169280,169530,169405,0.24806712878580647
testvideo,169320,169570,169445,0.2164664232406934
testvideo,169360,169610,169485,0.190605593140205
testvideo,169400,169650,169525,0.1529336537920128
testvideo,169440,169690,169565,0.09454745173869118
testvideo,169480,169730,169605,0.06350125166191342
testvideo,169520,169770,169645,0.03926101008794947
testvideo,169560,169810,169685,0.025415066263710387
testvideo,169600,169850,169725,0.017993722882235944
testvideo,169640,169890,169765,0.04219563299705734
testvideo,169680,169930,169805,0.0680461649809898
testvideo,169720,169970,169845,0.09555065556455784
testvideo,169760,170010,169885,0.1443613160590544
testvideo,169800,170050,169925,0.1701540266114087
testvideo,169840,170090,169965,0.19335240628513453
testvideo,169880,170130,170005,0.18714248900324312
testvideo,169920,170170,170045,0.17345130271475964
testvideo,169960,170210,170085,0.1496863077855373
testvideo,170000,170250,170125,0.15629842480373815
testvideo,170040,170290,170165,0.1358432068300072
testvideo,170080,170330,170205,0.14551550202274063
testvideo,170120,170370,170245,0.1632982238673473
testvideo,170160,170410,170285,0.18555809955416777
testvideo,170200,170450,170325,0.18153202204672525
testvideo,170240,170490,170365,0.1756343736818926
testvideo,170280,170530,170405,0.14983910767475678
testvideo,170320,170570,170445,0.1261275187343158
testvideo,170360,170610,170485,0.08319895918349042
testvideo,170400,170650,170525,0.057909446363505424
testvideo,170440,170690,170565,0.04177430694812025
testvideo,170480,170730,170605,0.11539034180242325
testvideo,170520,170770,170645,0.12022466534018358
testvideo,170560,170810,170685,0.13606549465010118
testvideo,170600,170850,170725,0.14559455838871802
testvideo,170640,170890,170765,0.18439599657821235
testvideo,170680,170930,170805,0.18900287584124736
testvideo,170720,170970,170845,0.14056932939806277
testvideo,170760,171010,170885,0.14443359052554533
testvideo,170800,171050,170925,0.15774224914896892
testvideo,170840,171090,170965,0.12111850095179083
testvideo,170880,171130,171005,0.10020624032029178
testvideo,170920,171170,171045,0.06693393242204526
testvideo,170960,171210,171085,0.04722145821684809
testvideo,171000,171250,171125,0.0376345470317098
testvideo,171040,171290,171165,0.03185571698233577
testvideo,171080,171330,171205,0.043259863223345275
testvideo,171120,171370,171245,0.04917501927210578
testvideo,171160,171410,171285,0.054208417679504094
testvideo,171200,171450,171325,0.04609401048965711
testvideo,171240,171490,171365,0.05817301051107197
testvideo,171280,171530,171405,0.06410057007557947
testvideo,171320,171570,171445,0.06404990062932746
testvideo,171360,171610,171485,0.0791487405692999
testvideo,171400,171650,171525,0.09608584300560903
testvideo,171440,171690,171565,0.09282650570977737
testvideo,171480,171730,171605,0.08938713037169486
testvideo,171520,171770,171645,0.08331902185019835
testvideo,171560,171810,171685,0.09386088526438062
testvideo,171600,171850,171725,0.12614684468474863
testvideo,171640,171890,171765,0.1918545978358297
testvideo,171680,171930,171805,0.2489438468053958
testvideo,171720,171970,171845,0.3257235433087708
testvideo,171760,172010,171885,0.35793848663357075
testvideo,171800,172050,171925,0.37299608931447725
testvideo,171840,172090,171965,0.32709470331064233
testvideo,171880,172130,172005,0.28335968020676044
testvideo,171920,172170,172045,0.20235993966805982
testvideo,171960,172210,172085,0.15625583870776796
testvideo,172000,172250,172125,0.10831731637685083
testvideo,172040,172290,172165,0.05502739505087156
testvideo,172080,172330,172205,0.04164258336963082
testvideo,172120,172370,172245,0.03936036947898999
testvideo,172160,172410,172285,0.03554945093269525
testvideo,172200,172450,172325,0.047022954972323804
testvideo,172240,172490,172365,0.09192763780303233
testvideo,172280,172530,172405,0.1373679385151145
testvideo,172320,172570,172445,0.1720947913305129
testvideo,172360,172610,172485,0.17464182448005822
testvideo,172400,172650,172525,0.17403946999994227
testvideo,172440,172690,172565,0.13700236421050044
testvideo,172480,172730,172605,0.08723113002828385
testvideo,172520,172770,172645,0.04844168437515128
testvideo,172560,172810,172685,0.030928309241845513
testvideo,172600,172850,172725,0.04120318992617771
testvideo,172640,172890,172765,0.058367783503530314
testvideo,172680,172930,172805,0.07854599021739
testvideo,172720,172970,172845,0.10137126084400531
testvideo,172760,173010,172885,0.12097252223632686
testvideo,172800,173050,172925,0.12950654668971376
testvideo,172840,173090,172965,0.11363584883070076
testvideo,172880,173130,173005,0.12557013946382412
testvideo,172920,173170,173045,0.11601716813660183
testvideo,172960,173210,173085,0.11972194901581033
testvideo,173000,173250,173125,0.0871770884868461
testvideo,173040,173290,173165,0.08124681635453178
testvideo,173080,173330,173205,0.06102097322936793
testvideo,173120,173370,173245,0.062092507323989715
testvideo,173160,173410,173285,0.06849229933930158
testvideo,173200,173450,173325,0.11224027290644256
testvideo,173240,173490,173365,0.1612999686719713
testvideo,173280,173530,173405,0.23918077757882583
testvideo,173320,173570,173445,0.2778571518737822
testvideo,173360,173610,173485,0.2816486378909237
testvideo,173400,173650,173525,0.2999544664829017
testvideo,173440,173690,173565,0.2863585274014358
testvideo,173480,173730,173605,0.25885600289103167
testvideo,173520,173770,173645,0.21072144187451924
testvideo,173560,173810,173685,0.20425262644061384
testvideo,173600,173850,173725,0.17696064579588347
testvideo,173640,173890,173765,0.1431527928795389
testvideo,173680,173930,173805,0.1046307887994572
testvideo,173720,173970,173845,0.10609319698888693
testvideo,173760,174010,173885,0.10130366077325337
testvideo,173800,174050,173925,0.07187875404666329
testvideo,173840,174090,173965,0.07619539217764958
testvideo,173880,174130,174005,0.11084295244970534
testvideo,173920,174170,174045,0.18763813677195185
testvideo,173960,174210,174085,0.23836966343855368
testvideo,174000,174250,174125,0.322340041242179
testvideo,174040,174290,174165,0.3597195679819131
testvideo,174080,174330,174205,0.364016956156664
testvideo,174120,174370,174245,0.30368152476973437
testvideo,174160,174410,174285,0.2666458944794137
testvideo,174200,174450,174325,0.22217088727115042
testvideo,174240,174490,174365,0.13196030419255161
testvideo,174280,174530,174405,0.08806539544504015
testvideo,174320,174570,174445,0.056068195459682287
testvideo,174360,174610,174485,0.0418153855107121
testvideo,174400,174650,174525,0.02611066218729471
testvideo,174440,174690,174565,0.0351860155042917
testvideo,174480,174730,174605,0.055490829831911406
testvideo,174520,174770,174645,0.09841209559454293
testvideo,174560,174810,174685,0.12628078147895752
testvideo,174600,174850,174725,0.15203040377385554
testvideo,174640,174890,174765,0.1527322173736642
testvideo,174680,174930,174805,0.15242731158312012
testvideo,174720,174970,174845,0.13055636660321857
testvideo,174760,175010,174885,0.0795849785385171
testvideo,174800,175050,174925,0.051436964987145645
testvideo,174840,175090,174965,0.02681685182643328
testvideo,174880,175130,175005,0.03297880322734841
testvideo,174920,175170,175045,0.042526370453664634
testvideo,174960,175210,175085,0.08202015292667773
testvideo,175000,175250,175125,0.12934328176382429
testvideo,175040,175290,175165,0.19026652073777678
testvideo,175080,175330,175205,0.29372190639987367
testvideo,175120,175370,175245,0.29010124387228053
testvideo,175160,175410,175285,0.29740901154244026
testvideo,175200,175450,175325,0.24925902152097257
testvideo,175240,175490,175365,0.19156981938920367
testvideo,175280,175530,175405,0.15584512896965527
testvideo,175320,175570,175445,0.06124704879761739
testvideo,175360,175610,175485,0.0569262557848463
testvideo,175400,175650,175525,0.0785551162486145
testvideo,175440,175690,175565,0.09116522759054753
testvideo,175480,175730,175605,0.14987276660275337
testvideo,175520,175770,175645,0.17387675756793916
testvideo,175560,175810,175685,0.21892840459426885
testvideo,175600,175850,175725,0.22941020955860314
testvideo,175640,175890,175765,0.22832367112410357
testvideo,175680,175930,175805,0.2017215833400494
testvideo,175720,175970,175845,0.17865088863728168
testvideo,175760,176010,175885,0.17751065896051796
testvideo,175800,176050,175925,0.14043195631238262
testvideo,175840,176090,175965,0.12960799565942702
testvideo,175880,176130,176005,0.12172266228636316
testvideo,175920,176170,176045,0.1236427752555457
testvideo,175960,176210,176085,0.12769621570496437
testvideo,176000,176250,176125,0.1174098899050806
testvideo,176040,176290,176165,0.10556129282406622
testvideo,176080,176330,176205,0.0835580691298209
testvideo,176120,176370,176245,0.07130141601401363
testvideo,176160,176410,176285,0.08008327256957655
testvideo,176200,176450,176325,0.1331053389332104
testvideo,176240,176490,176365,0.1803559757841815
testvideo,176280,176530,176405,0.2255907269725864
testvideo,176320,176570,176445,0.30889962229388906
testvideo,176360,176610,176485,0.35530802619956325
testvideo,176400,176650,176525,0.34920523764074085
testvideo,176440,176690,176565,0.3339918454074798
testvideo,176480,176730,176605,0.3117718833511261
testvideo,176520,176770,176645,0.2428730268196715
testvideo,176560,176810,176685,0.20668209623718828
testvideo,176600,176850,176725,0.16748898233002277
testvideo,176640,176890,176765,0.1511563884706452
testvideo,176680,176930,176805,0.1368126859503078
testvideo,176720,176970,176845,0.10934856566491238
testvideo,176760,177010,176885,0.0909746443886057
testvideo,176800,177050,176925,0.07647958291612703
testvideo,176840,177090,176965,0.04530573313619404
testvideo,176880,177130,177005,0.02670652182079195
testvideo,176920,177170,177045,0.04784810046773829
testvideo,176960,177210,177085,0.06995735721313788
testvideo,177000,177250,177125,0.07808166654623064
testvideo,177040,177290,177165,0.13061003903081056
testvideo,177080,177330,177205,0.17174144780035605
testvideo,177120,177370,177245,0.1820270305352081
testvideo,177160,177410,177285,0.18435604587497828
testvideo,177200,177450,177325,0.17029943743659445
testvideo,177240,177490,177365,0.14810689095465127
testvideo,177280,177530,177405,0.12603585163531458
testvideo,177320,177570,177445,0.10023744217619009
testvideo,177360,177610,177485,0.07657633857319314
testvideo,177400,177650,177525,0.05782180177871983
testvideo,177440,177690,177565,0.04950937098715147
testvideo,177480,177730,177605,0.03627630667135726
testvideo,177520,177770,177645,0.055658445749926434
testvideo,177560,177810,177685,0.08054317620058302
testvideo,177600,177850,177725,0.08771172071920773
testvideo,177640,177890,177765,0.09995129878402857
testvideo,177680,177930,177805,0.10060190054706618
testvideo,177720,177970,177845,0.0795187376691338
testvideo,177760,178010,177885,0.055542207753913754
testvideo,177800,178050,177925,0.038554838070733115
testvideo,177840,178090,177965,0.03100731411908125
testvideo,177880,178130,178005,0.041620247147781814
testvideo,177920,178170,178045,0.07704260055213057
testvideo,177960,178210,178085,0.14019853241647437
testvideo,178000,178250,178125,0.19038940013911834
testvideo,178040,178290,178165,0.2380415616666414
testvideo,178080,178330,178205,0.29813171314144987
testvideo,178120,178370,178245,0.3069726979319169
testvideo,178160,178410,178285,0.2994356299586481
testvideo,178200,178450,178325,0.24193240266993116
testvideo,178240,178490,178365,0.2597947743503803
testvideo,178280,178530,178405,0.2293012445297953
testvideo,178320,178570,178445,0.19753523180998414
testvideo,178360,178610,178485,0.16157573541666295
testvideo,178400,178650,178525,0.13859554102826205
testvideo,178440,178690,178565,0.1739283709801787
testvideo,178480,178730,178605,0.1023138718706688
testvideo,178520,178770,178645,0.08953481187123206
testvideo,178560,178810,178685,0.09936928062005428
testvideo,178600,178850,178725,0.07549074329824133
testvideo,178640,178890,178765,0.08169407108346297
testvideo,178680,178930,178805,0.07605293890222674
testvideo,178720,178970,178845,0.14318837445540647
testvideo,178760,179010,178885,0.20580591073572752
testvideo,178800,179050,178925,0.26644914624943156
testvideo,178840,179090,178965,0.290852525752737
testvideo,178880,179130,179005,0.30452023971531533
testvideo,178920,179170,179045,0.2650722778001348
testvideo,178960,179210,179085,0.20516032086001815
testvideo,179000,179250,179125,0.1586073796638748
testvideo,179040,179290,179165,0.10902326546008431
testvideo,179080,179330,179205,0.08613875626582086
testvideo,179120,179370,179245,0.05922199583245356
testvideo,179160,179410,179285,0.047036771667496924
testvideo,179200,179450,179325,0.03537781135572828
testvideo,179240,179490,179365,0.022365861356900222
testvideo,179280,179530,179405,0.022255544840425974
testvideo,179320,179570,179445,0.018585764157825653
testvideo,179360,179610,179485,0.02478489897531885
testvideo,179400,179650,179525,0.06066404347234992
testvideo,179440,179690,179565,0.09779762723322363
testvideo,179480,179730,179605,0.1252225762170712
testvideo,179520,179770,179645,0.17417067892156246
testvideo,179560,179810,179685,0.20298194065510922
testvideo,179600,179850,179725,0.20036484340284144
testvideo,179640,179890,179765,0.1976432112430346
testvideo,179680,179930,179805,0.19408460474659503
testvideo,179720,179970,179845,0.1730740302756385
testvideo,179760,180010,179885,0.15231699272062463
testvideo,179800,180050,179925,0.11985331663997556
testvideo,179840,180090,179965,0.08913448952374112
testvideo,179880,180130,180005,0.07067424264458712
testvideo,179920,180170,180045,0.05279310139051634
testvideo,179960,180210,180085,0.031257655308626196
testvideo,180000,180250,180125,0.026400822539225835
testvideo,180040,180290,180165,0.031405217178179776
testvideo,180080,180330,180205,0.052233832091598084
testvideo,180120,180370,180245,0.08431888004582223
testvideo,180160,180410,180285,0.12213919879077166
testvideo,180200,180450,180325,0.12776190786160255
testvideo,180240,180490,180365,0.14742751042002575
testvideo,180280,180530,180405,0.1369327189343073
testvideo,180320,180570,180445,0.11887170252232734
testvideo,180360,180610,180485,0.06753610216515625
testvideo,180400,180650,180525,0.06245778074142062
testvideo,180440,180690,180565,0.04172271333371571
testvideo,180480,180730,180605,0.03746817053841373
testvideo,180520,180770,180645,0.04631529094515295
testvideo,180560,180810,180685,0.0699856638729035
testvideo,180600,180850,180725,0.10661162693071818
testvideo,180640,180890,180765,0.1524036924252842
testvideo,180680,180930,180805,0.25195076161801067
testvideo,180720,180970,180845,0.3271918943147126
testvideo,180760,181010,180885,0.39371492232645117
testvideo,180800,181050,180925,0.4077164741468722
testvideo,180840,181090,180965,0.3910225757828534
testvideo,180880,181130,181005,0.3356554931116527
testvideo,180920,181170,181045,0.2889945874312582
testvideo,180960,181210,181085,0.2094716657479947
testvideo,181000,181250,181125,0.13687256793893518
testvideo,181040,181290,181165,0.10925432962233204
testvideo,181080,181330,181205,0.07810605687684781
testvideo,181120,181370,181245,0.05122985933205705
testvideo,181160,181410,181285,0.05630282513711486
testvideo,181200,181450,181325,0.08492520712320815
testvideo,181240,181490,181365,0.102983394587064
testvideo,181280,181530,181405,0.09121601546471715
testvideo,181320,181570,181445,0.08503774850928468
testvideo,181360,181610,181485,0.10801931428450788
testvideo,181400,181650,181525,0.1131473171188923
testvideo,181440,181690,181565,0.1500854536650557
testvideo,181480,181730,181605,0.19579424758190256
testvideo,181520,181770,181645,0.22937974072016257
testvideo,181560,181810,181685,0.26284159020521036
testvideo,181600,181850,181725,0.2695454147384494
testvideo,181640,181890,181765,0.23431771812136606
testvideo,181680,181930,181805,0.20025143378259724
testvideo,181720,181970,181845,0.17171261366262688
testvideo,181760,182010,181885,0.16855469685769545
testvideo,181800,182050,181925,0.1378081046278603
testvideo,181840,182090,181965,0.11073373925230423
testvideo,181880,182130,182005,0.10327284153735666
testvideo,181920,182170,182045,0.0708447109136983
testvideo,181960,182210,182085,0.062146632340572654
testvideo,182000,182250,182125,0.03765018327350791
testvideo,182040,182290,182165,0.03219886402471843
testvideo,182080,182330,182205,0.04185299029884226
testvideo,182120,182370,182245,0.0939383634328814
testvideo,182160,182410,182285,0.11850509078627637
testvideo,182200,182450,182325,0.13890313324587295
testvideo,182240,182490,182365,0.19725868901536892
testvideo,182280,182530,182405,0.22809575239081023
testvideo,182320,182570,182445,0.22528166127964633
testvideo,182360,182610,182485,0.19899269487575053
testvideo,182400,182650,182525,0.1865817781057522
testvideo,182440,182690,182565,0.15940417739174662
testvideo,182480,182730,182605,0.1136425238080569
testvideo,182520,182770,182645,0.08420369105061837
testvideo,182560,182810,182685,0.055656334529394925
testvideo,182600,182850,182725,0.038186695660089934
testvideo,182640,182890,182765,0.012570060067670247
testvideo,182680,182930,182805,0.016479065916484067
testvideo,182720,182970,182845,0.028664224452354985
testvideo,182760,183010,182885,0.10250430121572245
testvideo,182800,183050,182925,0.1535100911519515
testvideo,182840,183090,182965,0.18898268648290104
testvideo,182880,183130,183005,0.2407072247093306
testvideo,182920,183170,183045,0.24943731311833814
testvideo,182960,183210,183085,0.22574650845590585
testvideo,183000,183250,183125,0.18279248312385468
testvideo,183040,183290,183165,0.1365846784838289
testvideo,183080,183330,183205,0.09009825446451673
testvideo,183120,183370,183245,0.06959904339289714
testvideo,183160,183410,183285,0.040944853078005036
testvideo,183200,183450,183325,0.029840262908263325
testvideo,183240,183490,183365,0.0372837017730196
testvideo,183280,183530,183405,0.06771940409818696
testvideo,183320,183570,183445,0.08964558507755575
testvideo,183360,183610,183485,0.11539478220889417
testvideo,183400,183650,183525,0.16130620886343672
testvideo,183440,183690,183565,0.18065869153487069
testvideo,183480,183730,183605,0.1873150495270884
testvideo,183520,183770,183645,0.21003199511207507
testvideo,183560,183810,183685,0.20141535964562587
testvideo,183600,183850,183725,0.15332597276125945
testvideo,183640,183890,183765,0.14029488409197163
testvideo,183680,183930,183805,0.11735666614913876
testvideo,183720,183970,183845,0.07744553949349993
testvideo,183760,184010,183885,0.05403836396873656
testvideo,183800,184050,183925,0.040632175592537866
testvideo,183840,184090,183965,0.02878008283948299
testvideo,183880,184130,184005,0.03145994073686416
testvideo,183920,184170,184045,0.04073746352833255
testvideo,183960,184210,184085,0.05740409603736666
testvideo,184000,184250,184125,0.07077719981032889
testvideo,184040,184290,184165,0.08504261408233758
testvideo,184080,184330,184205,0.0944869861868592
testvideo,184120,184370,184245,0.09089394433963781
testvideo,184160,184410,184285,0.07408430025153394
testvideo,184200,184450,184325,0.05107179662860355
testvideo,184240,184490,184365,0.04622651050148032
testvideo,184280,184530,184405,0.05475316069565258
testvideo,184320,184570,184445,0.07184378290678564
testvideo,184360,184610,184485,0.13282827983555698
testvideo,184400,184650,184525,0.2381406277681537
testvideo,184440,184690,184565,0.30738594679203884
testvideo,184480,184730,184605,0.35234506760001205
testvideo,184520,184770,184645,0.3875647731584609
testvideo,184560,184810,184685,0.3543610307484766
testvideo,184600,184850,184725,0.2996435391953087
testvideo,184640,184890,184765,0.3497427445572092
testvideo,184680,184930,184805,0.30588526039236913
testvideo,184720,184970,184845,0.25991345851960074
testvideo,184760,185010,184885,0.2479171059702491
testvideo,184800,185050,184925,0.22931393301503947
testvideo,184840,185090,184965,0.1612425431380484
testvideo,184880,185130,185005,0.11066903391812355
testvideo,184920,185170,185045,0.1143226377796183
testvideo,184960,185210,185085,0.15200938212252643
testvideo,185000,185250,185125,0.16978740862043376
testvideo,185040,185290,185165,0.1660431563453008
testvideo,185080,185330,185205,0.17939677104315366
testvideo,185120,185370,185245,0.16584436867321342
testvideo,185160,185410,185285,0.12779194703411262
testvideo,185200,185450,185325,0.0950361584606977
testvideo,185240,185490,185365,0.1106252712815267
testvideo,185280,185530,185405,0.19187825317878923
testvideo,185320,185570,185445,0.21529825667761068
testvideo,185360,185610,185485,0.2742149672047191
testvideo,185400,185650,185525,0.29364659493343187
testvideo,185440,185690,185565,0.29489664617816364
testvideo,185480,185730,185605,0.2254554518102134
testvideo,185520,185770,185645,0.15952114959314215
testvideo,185560,185810,185685,0.11342702735833059
testvideo,185600,185850,185725,0.07714730959929857
testvideo,185640,185890,185765,0.09919518721731002
testvideo,185680,185930,185805,0.08502608805486735
testvideo,185720,185970,185845,0.09431262603606505
testvideo,185760,186010,185885,0.088879982052442
testvideo,185800,186050,185925,0.15661739704465347
testvideo,185840,186090,185965,0.1568299897547855
testvideo,185880,186130,186005,0.2150520150999506
testvideo,185920,186170,186045,0.2437997142226235
testvideo,185960,186210,186085,0.235675482354847
testvideo,186000,186250,186125,0.2092863853445839
testvideo,186040,186290,186165,0.15730806335129816
testvideo,186080,186330,186205,0.1023386023178819
testvideo,186120,186370,186245,0.1034574263972479
testvideo,186160,186410,186285,0.1269577291744728
testvideo,186200,186450,186325,0.2171490744851441
testvideo,186240,186490,186365,0.2942483457135659
testvideo,186280,186530,186405,0.336985400295634
testvideo,186320,186570,186445,0.3271516944178296
testvideo,186360,186610,186485,0.3008595064778096
testvideo,186400,186650,186525,0.21661946595329531
testvideo,186440,186690,186565,0.14077875808025023
testvideo,186480,186730,186605,0.09030272359645365
testvideo,186520,186770,186645,0.06220274741104266
testvideo,186560,186810,186685,0.050114940473181505
testvideo,186600,186850,186725,0.03396076996832014
testvideo,186640,186890,186765,0.04218989511978382
testvideo,186680,186930,186805,0.04353538792805387
testvideo,186720,186970,186845,0.0785234870114401
testvideo,186760,187010,186885,0.1025502077286075
testvideo,186800,187050,186925,0.13208402144913392
testvideo,186840,187090,186965,0.14280280541456364
testvideo,186880,187130,187005,0.16548331172965608
testvideo,186920,187170,187045,0.1285629763794243
testvideo,186960,187210,187085,0.14665491584103146
testvideo,187000,187250,187125,0.19055351949462576
testvideo,187040,187290,187165,0.26661566391553077
testvideo,187080,187330,187205,0.3413580342083526
testvideo,187120,187370,187245,0.41092295625625247
testvideo,187160,187410,187285,0.4553520520844859
testvideo,187200,187450,187325,0.45401807959992313
testvideo,187240,187490,187365,0.36158778401314434
testvideo,187280,187530,187405,0.2821317155272412
testvideo,187320,187570,187445,0.22400732276680987
testvideo,187360,187610,187485,0.1455101199393322
testvideo,187400,187650,187525,0.10651945853234719
testvideo,187440,187690,187565,0.0848252537598657
testvideo,187480,187730,187605,0.06224249772913143
testvideo,187520,187770,187645,0.04772830579309409
testvideo,187560,187810,187685,0.07683092766415993
testvideo,187600,187850,187725,0.11209874995322691
testvideo,187640,187890,187765,0.1586087069710914
testvideo,187680,187930,187805,0.19612184154699822
testvideo,187720,187970,187845,0.22059729802993844
testvideo,187760,188010,187885,0.24055782739197115
testvideo,187800,188050,187925,0.21655806470612113
testvideo,187840,188090,187965,0.1758699565619424
testvideo,187880,188130,188005,0.13718967366886023
testvideo,187920,188170,188045,0.10490421247851446
testvideo,187960,188210,188085,0.06388577521193393
testvideo,188000,188250,188125,0.041099038760071545
testvideo,188040,188290,188165,0.032294685933404045
testvideo,188080,188330,188205,0.019472928001637673
testvideo,188120,188370,188245,0.028477337648393584
testvideo,188160,188410,188285,0.02936580368726818
testvideo,188200,188450,188325,0.05054577525592375
testvideo,188240,188490,188365,0.08261505739890837
testvideo,188280,188530,188405,0.1296638829919162
testvideo,188320,188570,188445,0.16822650727350563
testvideo,188360,188610,188485,0.21422277106494578
testvideo,188400,188650,188525,0.28079689723382933
testvideo,188440,188690,188565,0.3442105755636664
testvideo,188480,188730,188605,0.3567838850292091
testvideo,188520,188770,188645,0.36748651476690547
testvideo,188560,188810,188685,0.34199119323658045
testvideo,188600,188850,188725,0.28502280609289116
testvideo,188640,188890,188765,0.2243096780594526
testvideo,188680,188930,188805,0.151949401555172
testvideo,188720,188970,188845,0.14066063911681892
testvideo,188760,189010,188885,0.1703360292318371
testvideo,188800,189050,188925,0.20974764513141256
testvideo,188840,189090,188965,0.23919423421791447
testvideo,188880,189130,189005,0.2585214322367787
testvideo,188920,189170,189045,0.25020279564022024
testvideo,188960,189210,189085,0.20326668208164642
testvideo,189000,189250,189125,0.16608810091372003
testvideo,189040,189290,189165,0.1280377034064839
testvideo,189080,189330,189205,0.1061657608674925
testvideo,189120,189370,189245,0.08580546618618307
testvideo,189160,189410,189285,0.08322708709952119
testvideo,189200,189450,189325,0.07617152230518022
testvideo,189240,189490,189365,0.05096417075673583
testvideo,189280,189530,189405,0.05328518105018109
testvideo,189320,189570,189445,0.038121243241237855
testvideo,189360,189610,189485,0.03385418515231234
testvideo,189400,189650,189525,0.037260910408125764
testvideo,189440,189690,189565,0.05753478713260163
testvideo,189480,189730,189605,0.0769830574765695
testvideo,189520,189770,189645,0.12679182442913065
testvideo,189560,189810,189685,0.19634550750206514
testvideo,189600,189850,189725,0.25907552612939116
testvideo,189640,189890,189765,0.3583187317935116
testvideo,189680,189930,189805,0.3462306574336685
testvideo,189720,189970,189845,0.33050482106967144
testvideo,189760,190010,189885,0.2771744029983773
testvideo,189800,190050,189925,0.21818261316829632
testvideo,189840,190090,189965,0.1330180184924486
testvideo,189880,190130,190005,0.07666482281226379
testvideo,189920,190170,190045,0.08986497104669947
testvideo,189960,190210,190085,0.15297285713347866
testvideo,190000,190250,190125,0.2314378921280841
testvideo,190040,190290,190165,0.3471765587647001
testvideo,190080,190330,190205,0.38837344799885376
testvideo,190120,190370,190245,0.4084800670865831
testvideo,190160,190410,190285,0.40291125620703366
testvideo,190200,190450,190325,0.33886811506295095
testvideo,190240,190490,190365,0.21040441491630843
testvideo,190280,190530,190405,0.15764548662457564
testvideo,190320,190570,190445,0.1075522218084237
testvideo,190360,190610,190485,0.0471405910303653
testvideo,190400,190650,190525,0.02753065686078822
testvideo,190440,190690,190565,0.031099057838718264
testvideo,190480,190730,190605,0.029727065671848556
testvideo,190520,190770,190645,0.03036095504493948
testvideo,190560,190810,190685,0.05799321908946619
testvideo,190600,190850,190725,0.09259621809712208
testvideo,190640,190890,190765,0.12141483864777987
testvideo,190680,190930,190805,0.15684875011020447
testvideo,190720,190970,190845,0.18427122579589789
testvideo,190760,191010,190885,0.1879542501123117
testvideo,190800,191050,190925,0.16760825736439622
testvideo,190840,191090,190965,0.14169148112048602
testvideo,190880,191130,191005,0.10212897616408888
testvideo,190920,191170,191045,0.078229429703064
testvideo,190960,191210,191085,0.05056349705486337
testvideo,191000,191250,191125,0.0333125254504712
testvideo,191040,191290,191165,0.06355622194024611
testvideo,191080,191330,191205,0.13178368285387992
testvideo,191120,191370,191245,0.1781515602074417
testvideo,191160,191410,191285,0.23712861221860432
testvideo,191200,191450,191325,0.33153951220211086
testvideo,191240,191490,191365,0.3401268270589599
testvideo,191280,191530,191405,0.34371945730739983
testvideo,191320,191570,191445,0.27931583398347665
testvideo,191360,191610,191485,0.23843559704239353
testvideo,191400,191650,191525,0.1460630056331124
testvideo,191440,191690,191565,0.09895642426189527
testvideo,191480,191730,191605,0.05157748583393596
testvideo,191520,191770,191645,0.0434556865144148
testvideo,191560,191810,191685,0.025718594866644216
testvideo,191600,191850,191725,0.017972787978931783
testvideo,191640,191890,191765,0.029757467271216347
testvideo,191680,191930,191805,0.06520483115258686
testvideo,191720,191970,191845,0.1386318014881923
testvideo,191760,192010,191885,0.17807725862751145
testvideo,191800,192050,191925,0.25368960656503203
testvideo,191840,192090,191965,0.2896760012350519
testvideo,191880,192130,192005,0.2909233203515785
testvideo,191920,192170,192045,0.24619290003698294
testvideo,191960,192210,192085,0.2023016789663581
testvideo,192000,192250,192125,0.16286768989334235
testvideo,192040,192290,192165,0.08947816782787306
testvideo,192080,192330,192205,0.05948670561741503
testvideo,192120,192370,192245,0.045051087379194034
testvideo,192160,192410,192285,0.02337769270588305
testvideo,192200,192450,192325,0.022601245128110913
testvideo,192240,192490,192365,0.035941545545884225
testvideo,192280,192530,192405,0.05932491669252654
testvideo,192320,192570,192445,0.08971269226394092
testvideo,192360,192610,192485,0.17526361353817863
testvideo,192400,192650,192525,0.21427508475021306
testvideo,192440,192690,192565,0.2799294417553144
testvideo,192480,192730,192605,0.2863543230909845
testvideo,192520,192770,192645,0.2869981878949674
testvideo,192560,192810,192685,0.2205131655512842
testvideo,192600,192850,192725,0.1815971121149318
testvideo,192640,192890,192765,0.12300649633362126
testvideo,192680,192930,192805,0.08600339877870829
testvideo,192720,192970,192845,0.05135385842502197
testvideo,192760,193010,192885,0.030653928338419515
testvideo,192800,193050,192925,0.026097883195544163
testvideo,192840,193090,192965,0.010081248266007781
testvideo,192880,193130,193005,0.019494408803079583
testvideo,192920,193170,193045,0.03587899555139269
testvideo,192960,193210,193085,0.07366015621269661
testvideo,193000,193250,193125,0.09461605812043491
testvideo,193040,193290,193165,0.12539474063327954
testvideo,193080,193330,193205,0.1755534690539895
testvideo,193120,193370,193245,0.1847801234298593
testvideo,193160,193410,193285,0.1634390574498234
testvideo,193200,193450,193325,0.14252078687658712
testvideo,193240,193490,193365,0.1320208857509565
testvideo,193280,193530,193405,0.08129711207832437
testvideo,193320,193570,193445,0.0534697504084952
testvideo,193360,193610,193485,0.0410041952438552
testvideo,193400,193650,193525,0.03221889537540951
testvideo,193440,193690,193565,0.03979272650992465
testvideo,193480,193730,193605,0.04276025033423183
testvideo,193520,193770,193645,0.06618401807881648
testvideo,193560,193810,193685,0.10178274805724892
testvideo,193600,193850,193725,0.14691314509443634
testvideo,193640,193890,193765,0.17079249781706377
testvideo,193680,193930,193805,0.19054336653929305
testvideo,193720,193970,193845,0.18275001496905305
testvideo,193760,194010,193885,0.16692996171411578
testvideo,193800,194050,193925,0.14583001363133516
testvideo,193840,194090,193965,0.11348220719501158
testvideo,193880,194130,194005,0.08079872900514426
testvideo,193920,194170,194045,0.06560400963962765
testvideo,193960,194210,194085,0.04359500347962649
testvideo,194000,194250,194125,0.018154762518125648
testvideo,194040,194290,194165,0.013600909683088433
testvideo,194080,194330,194205,0.018320790449871147
testvideo,194120,194370,194245,0.030493496306027976
testvideo,194160,194410,194285,0.04450920655909396
testvideo,194200,194450,194325,0.07233766534744904
testvideo,194240,194490,194365,0.09337783003724894
testvideo,194280,194530,194405,0.1028020498365066
testvideo,194320,194570,194445,0.11166133939223295
testvideo,194360,194610,194485,0.10155307159001065
testvideo,194400,194650,194525,0.08780779385204346
testvideo,194440,194690,194565,0.07248947248228498
testvideo,194480,194730,194605,0.0531411160057666
testvideo,194520,194770,194645,0.04012962937860376
testvideo,194560,194810,194685,0.035268849120852146
testvideo,194600,194850,194725,0.02930286199391366
testvideo,194640,194890,194765,0.028687143719436686
testvideo,194680,194930,194805,0.05301426093376295
testvideo,194720,194970,194845,0.12705211814606596
testvideo,194760,195010,194885,0.1945328960854348
testvideo,194800,195050,194925,0.28199332112550496
testvideo,194840,195090,194965,0.3362892114942294
testvideo,194880,195130,195005,0.3669455755162004
testvideo,194920,195170,195045,0.37807399840247163
testvideo,194960,195210,195085,0.34784802766821027
testvideo,195000,195250,195125,0.2961184114158154
testvideo,195040,195290,195165,0.2854206461439766
testvideo,195080,195330,195205,0.31185308106611254
testvideo,195120,195370,195245,0.3297469905550745
testvideo,195160,195410,195285,0.337722711260765
testvideo,195200,195450,195325,0.3162830701521006
testvideo,195240,195490,195365,0.2261517847130787
testvideo,195280,195530,195405,0.20813213913056464
testvideo,195320,195570,195445,0.17076866402278906
testvideo,195360,195610,195485,0.10093564192105865
testvideo,195400,195650,195525,0.08475497997989705
testvideo,195440,195690,195565,0.10735644885974256
testvideo,195480,195730,195605,0.23538327149196053
testvideo,195520,195770,195645,0.2164103126767416
testvideo,195560,195810,195685,0.22926756050169117
testvideo,195600,195850,195725,0.24337438954940135
testvideo,195640,195890,195765,0.22753958774287705
testvideo,195680,195930,195805,0.10066517248993957
testvideo,195720,195970,195845,0.08413027077657198
testvideo,195760,196010,195885,0.07662706251087122
testvideo,195800,196050,195925,0.05932400256790744
testvideo,195840,196090,195965,0.09790781226640814
testvideo,195880,196130,196005,0.12887471342026247
testvideo,195920,196170,196045,0.10768215549688016
testvideo,195960,196210,196085,0.11164460571434842
testvideo,196000,196250,196125,0.14927761775038392
testvideo,196040,196290,196165,0.1405229034125693
testvideo,196080,196330,196205,0.17499183885890807
testvideo,196120,196370,196245,0.18501140554584367
testvideo,196160,196410,196285,0.20315101025787488
testvideo,196200,196450,196325,0.2373834295152881
testvideo,196240,196490,196365,0.22496093433824227
testvideo,196280,196530,196405,0.18978528407456546
testvideo,196320,196570,196445,0.1845441114874042
testvideo,196360,196610,196485,0.15473305967439718
testvideo,196400,196650,196525,0.12281244360560628
testvideo,196440,196690,196565,0.10691812366232113
testvideo,196480,196730,196605,0.092062623815817
testvideo,196520,196770,196645,0.08107847746456662
testvideo,196560,196810,196685,0.09309415220348424
testvideo,196600,196850,196725,0.14059463202253117
testvideo,196640,196890,196765,0.18554558149623898
testvideo,196680,196930,196805,0.22268067639718173
testvideo,196720,196970,196845,0.21385895571983485
testvideo,196760,197010,196885,0.20760039640330988
testvideo,196800,197050,196925,0.15518520432103855
testvideo,196840,197090,196965,0.123702051443283
testvideo,196880,197130,197005,0.10944633852380109
testvideo,196920,197170,197045,0.09988893909074732
testvideo,196960,197210,197085,0.10292774058651807
testvideo,197000,197250,197125,0.10923402977993822
testvideo,197040,197290,197165,0.13052111700301072
testvideo,197080,197330,197205,0.10819844613271402
testvideo,197120,197370,197245,0.0908191547989047
testvideo,197160,197410,197285,0.1288733619651983
testvideo,197200,197450,197325,0.1729998788777251
testvideo,197240,197490,197365,0.20181434159879721
testvideo,197280,197530,197405,0.243211326446351
testvideo,197320,197570,197445,0.25026415345063613
testvideo,197360,197610,197485,0.23783058812966965
testvideo,197400,197650,197525,0.19563228061715168
testvideo,197440,197690,197565,0.1242352629296621
testvideo,197480,197730,197605,0.07322681888734474
testvideo,197520,197770,197645,0.0429021430532503
testvideo,197560,197810,197685,0.02986385938936482
testvideo,197600,197850,197725,0.024922720391601767
testvideo,197640,197890,197765,0.027651509435062057
testvideo,197680,197930,197805,0.02635131238399092
testvideo,197720,197970,197845,0.024120048306531864
testvideo,197760,198010,197885,0.017890931029933943
testvideo,197800,198050,197925,0.01313065800363834
testvideo,197840,198090,197965,0.004992503605076056
testvideo,197880,198130,198005,0.012504486220572352
testvideo,197920,198170,198045,0.014809020077456145
testvideo,197960,198210,198085,0.031908118316817016
testvideo,198000,198250,198125,0.0329400746342899
testvideo,198040,198290,198165,0.04467677940412924
testvideo,198080,198330,198205,0.06581387176265664
testvideo,198120,198370,198245,0.12003255110730433
testvideo,198160,198410,198285,0.16350053802511888
testvideo,198200,198450,198325,0.15067586752322518
testvideo,198240,198490,198365,0.1550090948966656
testvideo,198280,198530,198405,0.14351983418396885
testvideo,198320,198570,198445,0.11042963588177042
testvideo,198360,198610,198485,0.0718216478224262
testvideo,198400,198650,198525,0.03878854778300923
testvideo,198440,198690,198565,0.03617402948905624
testvideo,198480,198730,198605,0.039867582924594115
testvideo,198520,198770,198645,0.018174600693071568
testvideo,198560,198810,198685,0.01753316568998591
testvideo,198600,198850,198725,0.017215827133577593
testvideo,198640,198890,198765,0.014800586826928122
testvideo,198680,198930,198805,0.024991418595437118
testvideo,198720,198970,198845,0.026009840684159933
testvideo,198760,199010,198885,0.02798500889392967
testvideo,198800,199050,198925,0.0993191859578312
testvideo,198840,199090,198965,0.12800012115694379
testvideo,198880,199130,199005,0.13428149864848393
testvideo,198920,199170,199045,0.14092782108415633
testvideo,198960,199210,199085,0.14004523671405691
testvideo,199000,199250,199125,0.16144699777846166
testvideo,199040,199290,199165,0.14929414459730578
testvideo,199080,199330,199205,0.12392167117952266
testvideo,199120,199370,199245,0.15291989463350408
testvideo,199160,199410,199285,0.16446447719618015
testvideo,199200,199450,199325,0.139779908487146
testvideo,199240,199490,199365,0.13358100330170122
testvideo,199280,199530,199405,0.13289390701470952
testvideo,199320,199570,199445,0.17902193903045535
testvideo,199360,199610,199485,0.22939903904480927
testvideo,199400,199650,199525,0.24509208415334746
testvideo,199440,199690,199565,0.25604882535071233
testvideo,199480,199730,199605,0.2743914561974206
testvideo,199520,199770,199645,0.24974143067512344
testvideo,199560,199810,199685,0.1859714436829815
testvideo,199600,199850,199725,0.12778844733776523
testvideo,199640,199890,199765,0.08035491679722594
testvideo,199680,199930,199805,0.05762374374271317
testvideo,199720,199970,199845,0.020831830744993222
testvideo,199760,200010,199885,0.03253297779706932
testvideo,199800,200050,199925,0.03423527582091045
testvideo,199840,200090,199965,0.11060444583074933
testvideo,199880,200130,200005,0.17061017949723428
testvideo,199920,200170,200045,0.2572909070774454
testvideo,199960,200210,200085,0.3458173127003212
testvideo,200000,200250,200125,0.3900050084877289
testvideo,200040,200290,200165,0.4004744998102714
testvideo,200080,200330,200205,0.4061047940827088
testvideo,200120,200370,200245,0.36662431234389375
testvideo,200160,200410,200285,0.28649206627766954
testvideo,200200,200450,200325,0.24718328087983313
testvideo,200240,200490,200365,0.1912570332419055
testvideo,200280,200530,200405,0.14376575331413882
testvideo,200320,200570,200445,0.08913914575263475
testvideo,200360,200610,200485,0.05154663864053035
testvideo,200400,200650,200525,0.0443780601777768
testvideo,200440,200690,200565,0.03912301238489193
testvideo,200480,200730,200605,0.026036580499885574
testvideo,200520,200770,200645,0.022455857901133254
testvideo,200560,200810,200685,0.01579559770147766
testvideo,200600,200850,200725,0.013245787377151508
testvideo,200640,200890,200765,0.013879806942011874
testvideo,200680,200930,200805,0.026862685236137884
testvideo,200720,200970,200845,0.04003359922836932
testvideo,200760,201010,200885,0.05692867230105475
testvideo,200800,201050,200925,0.07984710247681277
testvideo,200840,201090,200965,0.08420626489609856
testvideo,200880,201130,201005,0.06976718150130316
testvideo,200920,201170,201045,0.08559465489572629
testvideo,200960,201210,201085,0.0816452167854204
testvideo,201000,201250,201125,0.10850700820580987
testvideo,201040,201290,201165,0.18522899942163884
testvideo,201080,201330,201205,0.27141733770811777
testvideo,201120,201370,201245,0.3595815593261827
testvideo,201160,201410,201285,0.4166075424069475
testvideo,201200,201450,201325,0.5157997785608605
testvideo,201240,201490,201365,0.518045842916821
testvideo,201280,201530,201405,0.4997104255386006
testvideo,201320,201570,201445,0.47104634563815706
testvideo,201360,201610,201485,0.40071747236708927
testvideo,201400,201650,201525,0.3078209244418489
testvideo,201440,201690,201565,0.24554559485696095
testvideo,201480,201730,201605,0.183275283326341
testvideo,201520,201770,201645,0.14916911088498536
testvideo,201560,201810,201685,0.12350014012379965
testvideo,201600,201850,201725,0.1038562303490741
testvideo,201640,201890,201765,0.08270510757075587
testvideo,201680,201930,201805,0.07997339619615011
testvideo,201720,201970,201845,0.06408209505673443
testvideo,201760,202010,201885,0.04846625184533992
testvideo,201800,202050,201925,0.04122827927125953
testvideo,201840,202090,201965,0.040617421834113494
testvideo,201880,202130,202005,0.035047838131521236
testvideo,201920,202170,202045,0.03012885792690395
testvideo,201960,202210,202085,0.02047177379017931
testvideo,202000,202250,202125,0.018348837727195113
testvideo,202040,202290,202165,0.017160971359232308
testvideo,202080,202330,202205,0.01867861120135322
testvideo,202120,202370,202245,0.027443300201698686
testvideo,202160,202410,202285,0.03697836659573334
testvideo,202200,202450,202325,0.05865469792537884
testvideo,202240,202490,202365,0.08084033004727272
testvideo,202280,202530,202405,0.08994493419573539
testvideo,202320,202570,202445,0.08526859781858295
testvideo,202360,202610,202485,0.08337173506875059
testvideo,202400,202650,202525,0.08260655693470309
testvideo,202440,202690,202565,0.08291644692907703
testvideo,202480,202730,202605,0.11035839690418296
testvideo,202520,202770,202645,0.1543087270089197
testvideo,202560,202810,202685,0.2069883885333606
testvideo,202600,202850,202725,0.25199713161819515
testvideo,202640,202890,202765,0.2736194183974514
testvideo,202680,202930,202805,0.30304434044988043
testvideo,202720,202970,202845,0.27226047789488955
testvideo,202760,203010,202885,0.2672482080484607
testvideo,202800,203050,202925,0.2778425205099838
testvideo,202840,203090,202965,0.2551803095712293
testvideo,202880,203130,203005,0.22310858984867332
testvideo,202920,203170,203045,0.21578069120697374
testvideo,202960,203210,203085,0.14250718096964676
testvideo,203000,203250,203125,0.12559025667638993
testvideo,203040,203290,203165,0.07968214827158729
testvideo,203080,203330,203205,0.04535798438304722
testvideo,203120,203370,203245,0.053167285061064384
testvideo,203160,203410,203285,0.05050962170320585
testvideo,203200,203450,203325,0.05888219085503655
testvideo,203240,203490,203365,0.10112616935822727
testvideo,203280,203530,203405,0.1585507167202295
testvideo,203320,203570,203445,0.19323723661389214
testvideo,203360,203610,203485,0.26028142608666377
testvideo,203400,203650,203525,0.3084622015276025
testvideo,203440,203690,203565,0.37908873807930743
testvideo,203480,203730,203605,0.3548575607252242
testvideo,203520,203770,203645,0.31028924880602804
testvideo,203560,203810,203685,0.2637353942162109
testvideo,203600,203850,203725,0.1734147161045259
testvideo,203640,203890,203765,0.13353936570252872
testvideo,203680,203930,203805,0.047589948925431336
testvideo,203720,203970,203845,0.040418152579242576
testvideo,203760,204010,203885,0.045501863908934785
testvideo,203800,204050,203925,0.1496739029371181
testvideo,203840,204090,203965,0.1587087979076216
testvideo,203880,204130,204005,0.20440362977340498
testvideo,203920,204170,204045,0.24324869282469952
testvideo,203960,204210,204085,0.3076860362436756
testvideo,204000,204250,204125,0.4197054440851072
testvideo,204040,204290,204165,0.4360652643924568
testvideo,204080,204330,204205,0.4903396562259196
testvideo,204120,204370,204245,0.5749276459059749
testvideo,204160,204410,204285,0.5562200874565408
testvideo,204200,204450,204325,0.45440572747354885
testvideo,204240,204490,204365,0.38248858700561
testvideo,204280,204530,204405,0.2923204247470132
testvideo,204320,204570,204445,0.1857035456762377
testvideo,204360,204610,204485,0.14379709726729883
testvideo,204400,204650,204525,0.09956821743196889
testvideo,204440,204690,204565,0.07946983702837561
testvideo,204480,204730,204605,0.060755614071217864
testvideo,204520,204770,204645,0.05884170068758135
testvideo,204560,204810,204685,0.05086850293890224
testvideo,204600,204850,204725,0.05340714602832334
testvideo,204640,204890,204765,0.1201035710760396
testvideo,204680,204930,204805,0.15793750976436063
testvideo,204720,204970,204845,0.193751474081555
testvideo,204760,205010,204885,0.1978655850917593
testvideo,204800,205050,204925,0.19601246380302081
testvideo,204840,205090,204965,0.15275669408177892
testvideo,204880,205130,205005,0.1100235703893081
testvideo,204920,205170,205045,0.04883459732134012
testvideo,204960,205210,205085,0.039631483360268976
testvideo,205000,205250,205125,0.027979164349070038
testvideo,205040,205290,205165,0.01611997932564819
testvideo,205080,205330,205205,0.011676206451400809
testvideo,205120,205370,205245,0.007921125919074552
testvideo,205160,205410,205285,0.013129587788128427
testvideo,205200,205450,205325,0.01466638988240661
testvideo,205240,205490,205365,0.029897212165236005
testvideo,205280,205530,205405,0.049007339852420055
testvideo,205320,205570,205445,0.08528385470464017
testvideo,205360,205610,205485,0.14461765215800404
testvideo,205400,205650,205525,0.1916192825506432
testvideo,205440,205690,205565,0.2253656202685592
testvideo,205480,205730,205605,0.2826190810722805
testvideo,205520,205770,205645,0.34249967915618884
testvideo,205560,205810,205685,0.40301945964462504
testvideo,205600,205850,205725,0.45005654890275776
testvideo,205640,205890,205765,0.5118246497669302
testvideo,205680,205930,205805,0.5037408016558239
testvideo,205720,205970,205845,0.47756009202577004
testvideo,205760,206010,205885,0.3818835126042082
testvideo,205800,206050,205925,0.3118998400190485
