video_id,start_ms,end_ms,center_ms,punch_volume
testvideo,0,250,125,0
testvideo,40,290,165,0
testvideo,80,330,205,0
testvideo,120,370,245,0
testvideo,160,410,285,0
testvideo,200,450,325,0
testvideo,240,490,365,0
testvideo,280,530,405,0
testvideo,320,570,445,0
testvideo,360,610,485,0
testvideo,400,650,525,0
testvideo,440,690,565,0
testvideo,480,730,605,1
testvideo,520,770,645,1
testvideo,560,810,685,1
testvideo,600,850,725,1
testvideo,640,890,765,1
testvideo,680,930,805,1
testvideo,720,970,845,1
testvideo,760,1010,885,1
testvideo,800,1050,925,1
testvideo,840,1090,965,1
testvideo,880,1130,1005,1
testvideo,920,1170,1045,1
testvideo,960,1210,1085,1
testvideo,1000,1250,1125,1
testvideo,1040,1290,1165,1
testvideo,1080,1330,1205,1
testvideo,1120,1370,1245,1
testvideo,1160,1410,1285,0
testvideo,1200,1450,1325,0
testvideo,1240,1490,1365,0
testvideo,1280,1530,1405,0
testvideo,1320,1570,1445,0
testvideo,1360,1610,1485,0
testvideo,1400,1650,1525,0
testvideo,1440,1690,1565,0
testvideo,1480,1730,1605,0
testvideo,1520,1770,1645,0
testvideo,1560,1810,1685,0
testvideo,1600,1850,1725,0
testvideo,1640,1890,1765,0
testvideo,1680,1930,1805,0
testvideo,1720,1970,1845,0
testvideo,1760,2010,1885,0
testvideo,1800,2050,1925,0
testvideo,1840,2090,1965,0
testvideo,1880,2130,2005,0
testvideo,1920,2170,2045,0
testvideo,1960,2210,2085,0
testvideo,2000,2250,2125,0
testvideo,2040,2290,2165,0
testvideo,2080,2330,2205,0
testvideo,2120,2370,2245,0
testvideo,2160,2410,2285,0
testvideo,2200,2450,2325,0
testvideo,2240,2490,2365,0
testvideo,2280,2530,2405,0
testvideo,2320,2570,2445,0
testvideo,2360,2610,2485,0
testvideo,2400,2650,2525,0
testvideo,2440,2690,2565,0
testvideo,2480,2730,2605,0
testvideo,2520,2770,2645,0
testvideo,2560,2810,2685,0
testvideo,2600,2850,2725,1
testvideo,2640,2890,2765,1
testvideo,2680,2930,2805,1
testvideo,2720,2970,2845,1
testvideo,2760,3010,2885,1
testvideo,2800,3050,2925,1
testvideo,2840,3090,2965,1
testvideo,2880,3130,3005,1
testvideo,2920,3170,3045,1
testvideo,2960,3210,3085,1
testvideo,3000,3250,3125,1
testvideo,3040,3290,3165,1
testvideo,3080,3330,3205,1
testvideo,3120,3370,3245,1
testvideo,3160,3410,3285,1
testvideo,3200,3450,3325,1
testvideo,3240,3490,3365,1
testvideo,3280,3530,3405,1
testvideo,3320,3570,3445,1
testvideo,3360,3610,3485,1
testvideo,3400,3650,3525,1
testvideo,3440,3690,3565,1
testvideo,3480,3730,3605,1
testvideo,3520,3770,3645,1
testvideo,3560,3810,3685,1
testvideo,3600,3850,3725,1
testvideo,3640,3890,3765,1
testvideo,3680,3930,3805,1
testvideo,3720,3970,3845,1
testvideo,3760,4010,3885,1
testvideo,3800,4050,3925,1
testvideo,3840,4090,3965,1
testvideo,3880,4130,4005,1
testvideo,3920,4170,4045,1
testvideo,3960,4210,4085,1
testvideo,4000,4250,4125,1
testvideo,4040,4290,4165,1
testvideo,4080,4330,4205,1
testvideo,4120,4370,4245,0
testvideo,4160,4410,4285,0
testvideo,4200,4450,4325,0
testvideo,4240,4490,4365,0
testvideo,4280,4530,4405,0
testvideo,4320,4570,4445,0
testvideo,4360,4610,4485,0
testvideo,4400,4650,4525,0
testvideo,4440,4690,4565,0
testvideo,4480,4730,4605,0
testvideo,4520,4770,4645,0
testvideo,4560,4810,4685,0
testvideo,4600,4850,4725,0
testvideo,4640,4890,4765,0
testvideo,4680,4930,4805,0
testvideo,4720,4970,4845,0
testvideo,4760,5010,4885,0
testvideo,4800,5050,4925,0
testvideo,4840,5090,4965,0
testvideo,4880,5130,5005,0
testvideo,4920,5170,5045,0
testvideo,4960,5210,5085,0
testvideo,5000,5250,5125,0
testvideo,5040,5290,5165,0
testvideo,5080,5330,5205,0
testvideo,5120,5370,5245,0
testvideo,5160,5410,5285,0
testvideo,5200,5450,5325,0
testvideo,5240,5490,5365,0
testvideo,5280,5530,5405,0
testvideo,5320,5570,5445,0
testvideo,5360,5610,5485,0
testvideo,5400,5650,5525,0
testvideo,5440,5690,5565,0
testvideo,5480,5730,5605,0
testvideo,5520,5770,5645,0
testvideo,5560,5810,5685,0
testvideo,5600,5850,5725,0
testvideo,5640,5890,5765,0
testvideo,5680,5930,5805,0
testvideo,5720,5970,5845,0
testvideo,5760,6010,5885,0
testvideo,5800,6050,5925,0
testvideo,5840,6090,5965,0
testvideo,5880,6130,6005,0
testvideo,5920,6170,6045,0
testvideo,5960,6210,6085,0
testvideo,6000,6250,6125,0
testvideo,6040,6290,6165,0
testvideo,6080,6330,6205,0
testvideo,6120,6370,6245,0
testvideo,6160,6410,6285,0
testvideo,6200,6450,6325,0
testvideo,6240,6490,6365,0
testvideo,6280,6530,6405,0
testvideo,6320,6570,6445,0
testvideo,6360,6610,6485,0
testvideo,6400,6650,6525,0
testvideo,6440,6690,6565,0
testvideo,6480,6730,6605,0
testvideo,6520,6770,6645,0
testvideo,6560,6810,6685,0
testvideo,6600,6850,6725,0
testvideo,6640,6890,6765,0
testvideo,6680,6930,6805,0
testvideo,6720,6970,6845,0
testvideo,6760,7010,6885,0
testvideo,6800,7050,6925,0
testvideo,6840,7090,6965,0
testvideo,6880,7130,7005,0
testvideo,6920,7170,7045,0
testvideo,6960,7210,7085,0
testvideo,7000,7250,7125,0
testvideo,7040,7290,7165,0
testvideo,7080,7330,7205,0
testvideo,7120,7370,7245,0
testvideo,7160,7410,7285,0
testvideo,7200,7450,7325,0
testvideo,7240,7490,7365,0
testvideo,7280,7530,7405,0
testvideo,7320,7570,7445,0
testvideo,7360,7610,7485,0
testvideo,7400,7650,7525,0
testvideo,7440,7690,7565,0
testvideo,7480,7730,7605,0
testvideo,7520,7770,7645,0
testvideo,7560,7810,7685,0
testvideo,7600,7850,7725,0
testvideo,7640,7890,7765,0
testvideo,7680,7930,7805,0
testvideo,7720,7970,7845,0
testvideo,7760,8010,7885,0
testvideo,7800,8050,7925,1
testvideo,7840,8090,7965,1
testvideo,7880,8130,8005,1
testvideo,7920,8170,8045,1
testvideo,7960,8210,8085,1
testvideo,8000,8250,8125,1
testvideo,8040,8290,8165,1
testvideo,8080,8330,8205,1
testvideo,8120,8370,8245,1
testvideo,8160,8410,8285,1
testvideo,8200,8450,8325,1
testvideo,8240,8490,8365,1
testvideo,8280,8530,8405,1
testvideo,8320,8570,8445,0
testvideo,8360,8610,8485,0
testvideo,8400,8650,8525,0
testvideo,8440,8690,8565,0
testvideo,8480,8730,8605,0
testvideo,8520,8770,8645,0
testvideo,8560,8810,8685,0
testvideo,8600,8850,8725,0
testvideo,8640,8890,8765,0
testvideo,8680,8930,8805,0
testvideo,8720,8970,8845,0
testvideo,8760,9010,8885,0
testvideo,8800,9050,8925,0
testvideo,8840,9090,8965,0
testvideo,8880,9130,9005,0
testvideo,8920,9170,9045,0
testvideo,8960,9210,9085,0
testvideo,9000,9250,9125,0
testvideo,9040,9290,9165,0
testvideo,9080,9330,9205,0
testvideo,9120,9370,9245,0
testvideo,9160,9410,9285,0
testvideo,9200,9450,9325,0
testvideo,9240,9490,9365,0
testvideo,9280,9530,9405,0
testvideo,9320,9570,9445,0
testvideo,9360,9610,9485,0
testvideo,9400,9650,9525,0
testvideo,9440,9690,9565,0
testvideo,9480,9730,9605,0
testvideo,9520,9770,9645,0
testvideo,9560,9810,9685,0
testvideo,9600,9850,9725,0
testvideo,9640,9890,9765,0
testvideo,9680,9930,9805,0
testvideo,9720,9970,9845,0
testvideo,9760,10010,9885,0
testvideo,9800,10050,9925,0
testvideo,9840,10090,9965,0
testvideo,9880,10130,10005,0
testvideo,9920,10170,10045,0
testvideo,9960,10210,10085,0
testvideo,10000,10250,10125,0
testvideo,10040,10290,10165,0
testvideo,10080,10330,10205,0
testvideo,10120,10370,10245,0
testvideo,10160,10410,10285,0
testvideo,10200,10450,10325,0
testvideo,10240,10490,10365,0
testvideo,10280,10530,10405,0
testvideo,10320,10570,10445,0
testvideo,10360,10610,10485,0
testvideo,10400,10650,10525,0
testvideo,10440,10690,10565,0
testvideo,10480,10730,10605,0
testvideo,10520,10770,10645,0
testvideo,10560,10810,10685,0
testvideo,10600,10850,10725,0
testvideo,10640,10890,10765,0
testvideo,10680,10930,10805,0
testvideo,10720,10970,10845,0
testvideo,10760,11010,10885,0
testvideo,10800,11050,10925,0
testvideo,10840,11090,10965,0
testvideo,10880,11130,11005,0
testvideo,10920,11170,11045,0
testvideo,10960,11210,11085,0
testvideo,11000,11250,11125,0
testvideo,11040,11290,11165,0
testvideo,11080,11330,11205,0
testvideo,11120,11370,11245,0
testvideo,11160,11410,11285,0
testvideo,11200,11450,11325,0
testvideo,11240,11490,11365,0
testvideo,11280,11530,11405,0
testvideo,11320,11570,11445,0
testvideo,11360,11610,11485,0
testvideo,11400,11650,11525,0
testvideo,11440,11690,11565,0
testvideo,11480,11730,11605,0
testvideo,11520,11770,11645,0
testvideo,11560,11810,11685,0
testvideo,11600,11850,11725,0
testvideo,11640,11890,11765,0
testvideo,11680,11930,11805,0
testvideo,11720,11970,11845,0
testvideo,11760,12010,11885,0
testvideo,11800,12050,11925,0
testvideo,11840,12090,11965,0
testvideo,11880,12130,12005,0
testvideo,11920,12170,12045,0
testvideo,11960,12210,12085,0
testvideo,12000,12250,12125,0
testvideo,12040,12290,12165,0
testvideo,12080,12330,12205,0
testvideo,12120,12370,12245,0
testvideo,12160,12410,12285,0
testvideo,12200,12450,12325,0
testvideo,12240,12490,12365,0
testvideo,12280,12530,12405,0
testvideo,12320,12570,12445,1
testvideo,12360,12610,12485,1
testvideo,12400,12650,12525,1
testvideo,12440,12690,12565,1
testvideo,12480,12730,12605,1
testvideo,12520,12770,12645,1
testvideo,12560,12810,12685,1
testvideo,12600,12850,12725,1
testvideo,12640,12890,12765,1
testvideo,12680,12930,12805,1
testvideo,12720,12970,12845,1
testvideo,12760,13010,12885,0
testvideo,12800,13050,12925,0
testvideo,12840,13090,12965,0
testvideo,12880,13130,13005,0
testvideo,12920,13170,13045,0
testvideo,12960,13210,13085,0
testvideo,13000,13250,13125,0
testvideo,13040,13290,13165,0
testvideo,13080,13330,13205,0
testvideo,13120,13370,13245,0
testvideo,13160,13410,13285,0
testvideo,13200,13450,13325,0
testvideo,13240,13490,13365,0
testvideo,13280,13530,13405,0
testvideo,13320,13570,13445,0
testvideo,13360,13610,13485,0
testvideo,13400,13650,13525,0
testvideo,13440,13690,13565,0
testvideo,13480,13730,13605,0
testvideo,13520,13770,13645,0
testvideo,13560,13810,13685,0
testvideo,13600,13850,13725,0
testvideo,13640,13890,13765,0
testvideo,13680,13930,13805,0
testvideo,13720,13970,13845,0
testvideo,13760,14010,13885,0
testvideo,13800,14050,13925,0
testvideo,13840,14090,13965,0
testvideo,13880,14130,14005,0
testvideo,13920,14170,14045,0
testvideo,13960,14210,14085,0
testvideo,14000,14250,14125,0
testvideo,14040,14290,14165,0
testvideo,14080,14330,14205,0
testvideo,14120,14370,14245,0
testvideo,14160,14410,14285,0
testvideo,14200,14450,14325,0
testvideo,14240,14490,14365,0
testvideo,14280,14530,14405,0
testvideo,14320,14570,14445,0
testvideo,14360,14610,14485,0
testvideo,14400,14650,14525,0
testvideo,14440,14690,14565,0
testvideo,14480,14730,14605,0
testvideo,14520,14770,14645,0
testvideo,14560,14810,14685,0
testvideo,14600,14850,14725,0
testvideo,14640,14890,14765,1
testvideo,14680,14930,14805,1
testvideo,14720,14970,14845,1
testvideo,14760,15010,14885,1
testvideo,14800,15050,14925,1
testvideo,14840,15090,14965,1
testvideo,14880,15130,15005,1
testvideo,14920,15170,15045,1
testvideo,14960,15210,15085,1
testvideo,15000,15250,15125,1
testvideo,15040,15290,15165,1
testvideo,15080,15330,15205,1
testvideo,15120,15370,15245,1
testvideo,15160,15410,15285,1
testvideo,15200,15450,15325,0
testvideo,15240,15490,15365,0
testvideo,15280,15530,15405,0
testvideo,15320,15570,15445,0
testvideo,15360,15610,15485,0
testvideo,15400,15650,15525,0
testvideo,15440,15690,15565,0
testvideo,15480,15730,15605,0
testvideo,15520,15770,15645,0
testvideo,15560,15810,15685,0
testvideo,15600,15850,15725,0
testvideo,15640,15890,15765,0
testvideo,15680,15930,15805,0
testvideo,15720,15970,15845,0
testvideo,15760,16010,15885,0
testvideo,15800,16050,15925,0
testvideo,15840,16090,15965,0
testvideo,15880,16130,16005,0
testvideo,15920,16170,16045,0
testvideo,15960,16210,16085,0
testvideo,16000,16250,16125,0
testvideo,16040,16290,16165,0
testvideo,16080,16330,16205,0
testvideo,16120,16370,16245,0
testvideo,16160,16410,16285,0
testvideo,16200,16450,16325,0
testvideo,16240,16490,16365,0
testvideo,16280,16530,16405,0
testvideo,16320,16570,16445,0
testvideo,16360,16610,16485,0
testvideo,16400,16650,16525,0
testvideo,16440,16690,16565,0
testvideo,16480,16730,16605,0
testvideo,16520,16770,16645,0
testvideo,16560,16810,16685,0
testvideo,16600,16850,16725,0
testvideo,16640,16890,16765,1
testvideo,16680,16930,16805,1
testvideo,16720,16970,16845,1
testvideo,16760,17010,16885,1
testvideo,16800,17050,16925,1
testvideo,16840,17090,16965,1
testvideo,16880,17130,17005,1
testvideo,16920,17170,17045,1
testvideo,16960,17210,17085,1
testvideo,17000,17250,17125,1
testvideo,17040,17290,17165,1
testvideo,17080,17330,17205,1
testvideo,17120,17370,17245,1
testvideo,17160,17410,17285,1
testvideo,17200,17450,17325,1
testvideo,17240,17490,17365,1
testvideo,17280,17530,17405,1
testvideo,17320,17570,17445,1
testvideo,17360,17610,17485,1
testvideo,17400,17650,17525,1
testvideo,17440,17690,17565,1
testvideo,17480,17730,17605,1
testvideo,17520,17770,17645,1
testvideo,17560,17810,17685,1
testvideo,17600,17850,17725,1
testvideo,17640,17890,17765,1
testvideo,17680,17930,17805,1
testvideo,17720,17970,17845,1
testvideo,17760,18010,17885,1
testvideo,17800,18050,17925,1
testvideo,17840,18090,17965,2
testvideo,17880,18130,18005,2
testvideo,17920,18170,18045,2
testvideo,17960,18210,18085,2
testvideo,18000,18250,18125,2
testvideo,18040,18290,18165,2
testvideo,18080,18330,18205,2
testvideo,18120,18370,18245,2
testvideo,18160,18410,18285,2
testvideo,18200,18450,18325,2
testvideo,18240,18490,18365,2
testvideo,18280,18530,18405,2
testvideo,18320,18570,18445,2
testvideo,18360,18610,18485,2
testvideo,18400,18650,18525,2
testvideo,18440,18690,18565,0
testvideo,18480,18730,18605,0
testvideo,18520,18770,18645,0
testvideo,18560,18810,18685,0
testvideo,18600,18850,18725,0
testvideo,18640,18890,18765,0
testvideo,18680,18930,18805,0
testvideo,18720,18970,18845,0
testvideo,18760,19010,18885,0
testvideo,18800,19050,18925,0
testvideo,18840,19090,18965,0
testvideo,18880,19130,19005,0
testvideo,18920,19170,19045,0
testvideo,18960,19210,19085,0
testvideo,19000,19250,19125,0
testvideo,19040,19290,19165,0
testvideo,19080,19330,19205,0
testvideo,19120,19370,19245,0
testvideo,19160,19410,19285,0
testvideo,19200,19450,19325,0
testvideo,19240,19490,19365,0
testvideo,19280,19530,19405,0
testvideo,19320,19570,19445,0
testvideo,19360,19610,19485,0
testvideo,19400,19650,19525,0
testvideo,19440,19690,19565,0
testvideo,19480,19730,19605,0
testvideo,19520,19770,19645,0
testvideo,19560,19810,19685,0
testvideo,19600,19850,19725,0
testvideo,19640,19890,19765,0
testvideo,19680,19930,19805,0
testvideo,19720,19970,19845,0
testvideo,19760,20010,19885,0
testvideo,19800,20050,19925,0
testvideo,19840,20090,19965,0
testvideo,19880,20130,20005,0
testvideo,19920,20170,20045,0
testvideo,19960,20210,20085,0
testvideo,20000,20250,20125,0
testvideo,20040,20290,20165,0
testvideo,20080,20330,20205,0
testvideo,20120,20370,20245,0
testvideo,20160,20410,20285,0
testvideo,20200,20450,20325,0
testvideo,20240,20490,20365,0
testvideo,20280,20530,20405,0
testvideo,20320,20570,20445,0
testvideo,20360,20610,20485,0
testvideo,20400,20650,20525,0
testvideo,20440,20690,20565,0
testvideo,20480,20730,20605,0
testvideo,20520,20770,20645,0
testvideo,20560,20810,20685,0
testvideo,20600,20850,20725,0
testvideo,20640,20890,20765,0
testvideo,20680,20930,20805,0
testvideo,20720,20970,20845,0
testvideo,20760,21010,20885,0
testvideo,20800,21050,20925,0
testvideo,20840,21090,20965,0
testvideo,20880,21130,21005,0
testvideo,20920,21170,21045,0
testvideo,20960,21210,21085,1
testvideo,21000,21250,21125,1
testvideo,21040,21290,21165,1
testvideo,21080,21330,21205,1
testvideo,21120,21370,21245,1
testvideo,21160,21410,21285,1
testvideo,21200,21450,21325,1
testvideo,21240,21490,21365,1
testvideo,21280,21530,21405,1
testvideo,21320,21570,21445,1
testvideo,21360,21610,21485,1
testvideo,21400,21650,21525,1
testvideo,21440,21690,21565,1
testvideo,21480,21730,21605,1
testvideo,21520,21770,21645,1
testvideo,21560,21810,21685,2
testvideo,21600,21850,21725,2
testvideo,21640,21890,21765,2
testvideo,21680,21930,21805,2
testvideo,21720,21970,21845,2
testvideo,21760,22010,21885,2
testvideo,21800,22050,21925,2
testvideo,21840,22090,21965,2
testvideo,21880,22130,22005,2
testvideo,21920,22170,22045,2
testvideo,21960,22210,22085,2
testvideo,22000,22250,22125,2
testvideo,22040,22290,22165,2
testvideo,22080,22330,22205,2
testvideo,22120,22370,22245,2
testvideo,22160,22410,22285,0
testvideo,22200,22450,22325,0
testvideo,22240,22490,22365,0
testvideo,22280,22530,22405,0
testvideo,22320,22570,22445,0
testvideo,22360,22610,22485,0
testvideo,22400,22650,22525,0
testvideo,22440,22690,22565,0
testvideo,22480,22730,22605,0
testvideo,22520,22770,22645,0
testvideo,22560,22810,22685,0
testvideo,22600,22850,22725,0
testvideo,22640,22890,22765,0
testvideo,22680,22930,22805,0
testvideo,22720,22970,22845,0
testvideo,22760,23010,22885,0
testvideo,22800,23050,22925,0
testvideo,22840,23090,22965,0
testvideo,22880,23130,23005,0
testvideo,22920,23170,23045,0
testvideo,22960,23210,23085,0
testvideo,23000,23250,23125,0
testvideo,23040,23290,23165,0
testvideo,23080,23330,23205,0
testvideo,23120,23370,23245,0
testvideo,23160,23410,23285,0
testvideo,23200,23450,23325,0
testvideo,23240,23490,23365,0
testvideo,23280,23530,23405,0
testvideo,23320,23570,23445,0
testvideo,23360,23610,23485,0
testvideo,23400,23650,23525,0
testvideo,23440,23690,23565,0
testvideo,23480,23730,23605,0
testvideo,23520,23770,23645,0
testvideo,23560,23810,23685,0
testvideo,23600,23850,23725,0
testvideo,23640,23890,23765,0
testvideo,23680,23930,23805,0
testvideo,23720,23970,23845,0
testvideo,23760,24010,23885,0
testvideo,23800,24050,23925,0
testvideo,23840,24090,23965,0
testvideo,23880,24130,24005,0
testvideo,23920,24170,24045,0
testvideo,23960,24210,24085,0
testvideo,24000,24250,24125,0
testvideo,24040,24290,24165,0
testvideo,24080,24330,24205,0
testvideo,24120,24370,24245,0
testvideo,24160,24410,24285,0
testvideo,24200,24450,24325,0
testvideo,24240,24490,24365,0
testvideo,24280,24530,24405,0
testvideo,24320,24570,24445,0
testvideo,24360,24610,24485,0
testvideo,24400,24650,24525,0
testvideo,24440,24690,24565,1
testvideo,24480,24730,24605,1
testvideo,24520,24770,24645,1
testvideo,24560,24810,24685,1
testvideo,24600,24850,24725,1
testvideo,24640,24890,24765,1
testvideo,24680,24930,24805,1
testvideo,24720,24970,24845,1
testvideo,24760,25010,24885,1
testvideo,24800,25050,24925,1
testvideo,24840,25090,24965,1
testvideo,24880,25130,25005,1
testvideo,24920,25170,25045,1
testvideo,24960,25210,25085,1
testvideo,25000,25250,25125,2
testvideo,25040,25290,25165,2
testvideo,25080,25330,25205,2
testvideo,25120,25370,25245,2
testvideo,25160,25410,25285,2
testvideo,25200,25450,25325,2
testvideo,25240,25490,25365,2
testvideo,25280,25530,25405,2
testvideo,25320,25570,25445,2
testvideo,25360,25610,25485,2
testvideo,25400,25650,25525,2
testvideo,25440,25690,25565,2
testvideo,25480,25730,25605,2
testvideo,25520,25770,25645,2
testvideo,25560,25810,25685,0
testvideo,25600,25850,25725,0
testvideo,25640,25890,25765,0
testvideo,25680,25930,25805,0
testvideo,25720,25970,25845,0
testvideo,25760,26010,25885,0
testvideo,25800,26050,25925,0
testvideo,25840,26090,25965,0
testvideo,25880,26130,26005,0
testvideo,25920,26170,26045,0
testvideo,25960,26210,26085,0
testvideo,26000,26250,26125,0
testvideo,26040,26290,26165,0
testvideo,26080,26330,26205,0
testvideo,26120,26370,26245,0
testvideo,26160,26410,26285,0
testvideo,26200,26450,26325,0
testvideo,26240,26490,26365,0
testvideo,26280,26530,26405,0
testvideo,26320,26570,26445,0
testvideo,26360,26610,26485,0
testvideo,26400,26650,26525,0
testvideo,26440,26690,26565,0
testvideo,26480,26730,26605,0
testvideo,26520,26770,26645,0
testvideo,26560,26810,26685,0
testvideo,26600,26850,26725,0
testvideo,26640,26890,26765,0
testvideo,26680,26930,26805,0
testvideo,26720,26970,26845,0
testvideo,26760,27010,26885,0
testvideo,26800,27050,26925,0
testvideo,26840,27090,26965,0
testvideo,26880,27130,27005,0
testvideo,26920,27170,27045,0
testvideo,26960,27210,27085,0
testvideo,27000,27250,27125,0
testvideo,27040,27290,27165,0
testvideo,27080,27330,27205,1
testvideo,27120,27370,27245,1
testvideo,27160,27410,27285,1
testvideo,27200,27450,27325,1
testvideo,27240,27490,27365,1
testvideo,27280,27530,27405,1
testvideo,27320,27570,27445,1
testvideo,27360,27610,27485,1
testvideo,27400,27650,27525,1
testvideo,27440,27690,27565,1
testvideo,27480,27730,27605,1
testvideo,27520,27770,27645,2
testvideo,27560,27810,27685,2
testvideo,27600,27850,27725,2
testvideo,27640,27890,27765,2
testvideo,27680,27930,27805,2
testvideo,27720,27970,27845,2
testvideo,27760,28010,27885,2
testvideo,27800,28050,27925,2
testvideo,27840,28090,27965,2
testvideo,27880,28130,28005,2
testvideo,27920,28170,28045,2
testvideo,27960,28210,28085,2
testvideo,28000,28250,28125,2
testvideo,28040,28290,28165,2
testvideo,28080,28330,28205,2
testvideo,28120,28370,28245,2
testvideo,28160,28410,28285,2
testvideo,28200,28450,28325,3
testvideo,28240,28490,28365,3
testvideo,28280,28530,28405,3
testvideo,28320,28570,28445,3
testvideo,28360,28610,28485,3
testvideo,28400,28650,28525,3
testvideo,28440,28690,28565,3
testvideo,28480,28730,28605,3
testvideo,28520,28770,28645,3
testvideo,28560,28810,28685,3
testvideo,28600,28850,28725,0
testvideo,28640,28890,28765,0
testvideo,28680,28930,28805,0
testvideo,28720,28970,28845,0
testvideo,28760,29010,28885,0
testvideo,28800,29050,28925,0
testvideo,28840,29090,28965,0
testvideo,28880,29130,29005,0
testvideo,28920,29170,29045,0
testvideo,28960,29210,29085,0
testvideo,29000,29250,29125,0
testvideo,29040,29290,29165,0
testvideo,29080,29330,29205,0
testvideo,29120,29370,29245,0
testvideo,29160,29410,29285,0
testvideo,29200,29450,29325,0
testvideo,29240,29490,29365,0
testvideo,29280,29530,29405,0
testvideo,29320,29570,29445,0
testvideo,29360,29610,29485,0
testvideo,29400,29650,29525,0
testvideo,29440,29690,29565,0
testvideo,29480,29730,29605,0
testvideo,29520,29770,29645,0
testvideo,29560,29810,29685,0
testvideo,29600,29850,29725,0
testvideo,29640,29890,29765,0
testvideo,29680,29930,29805,0
testvideo,29720,29970,29845,0
testvideo,29760,30010,29885,0
testvideo,29800,30050,29925,0
testvideo,29840,30090,29965,0
testvideo,29880,30130,30005,0
testvideo,29920,30170,30045,0
testvideo,29960,30210,30085,0
testvideo,30000,30250,30125,0
testvideo,30040,30290,30165,0
testvideo,30080,30330,30205,0
testvideo,30120,30370,30245,0
testvideo,30160,30410,30285,0
testvideo,30200,30450,30325,0
testvideo,30240,30490,30365,0
testvideo,30280,30530,30405,0
testvideo,30320,30570,30445,0
testvideo,30360,30610,30485,0
testvideo,30400,30650,30525,0
testvideo,30440,30690,30565,0
testvideo,30480,30730,30605,0
testvideo,30520,30770,30645,0
testvideo,30560,30810,30685,0
testvideo,30600,30850,30725,0
testvideo,30640,30890,30765,0
testvideo,30680,30930,30805,0
testvideo,30720,30970,30845,0
testvideo,30760,31010,30885,0
testvideo,30800,31050,30925,0
testvideo,30840,31090,30965,0
testvideo,30880,31130,31005,0
testvideo,30920,31170,31045,0
testvideo,30960,31210,31085,0
testvideo,31000,31250,31125,0
testvideo,31040,31290,31165,0
testvideo,31080,31330,31205,0
testvideo,31120,31370,31245,0
testvideo,31160,31410,31285,0
testvideo,31200,31450,31325,0
testvideo,31240,31490,31365,0
testvideo,31280,31530,31405,0
testvideo,31320,31570,31445,0
testvideo,31360,31610,31485,0
testvideo,31400,31650,31525,0
testvideo,31440,31690,31565,0
testvideo,31480,31730,31605,0
testvideo,31520,31770,31645,0
testvideo,31560,31810,31685,0
testvideo,31600,31850,31725,0
testvideo,31640,31890,31765,0
testvideo,31680,31930,31805,0
testvideo,31720,31970,31845,0
testvideo,31760,32010,31885,0
testvideo,31800,32050,31925,0
testvideo,31840,32090,31965,0
testvideo,31880,32130,32005,0
testvideo,31920,32170,32045,0
testvideo,31960,32210,32085,0
testvideo,32000,32250,32125,0
testvideo,32040,32290,32165,0
testvideo,32080,32330,32205,0
testvideo,32120,32370,32245,0
testvideo,32160,32410,32285,0
testvideo,32200,32450,32325,0
testvideo,32240,32490,32365,0
testvideo,32280,32530,32405,0
testvideo,32320,32570,32445,0
testvideo,32360,32610,32485,0
testvideo,32400,32650,32525,0
testvideo,32440,32690,32565,0
testvideo,32480,32730,32605,0
testvideo,32520,32770,32645,0
testvideo,32560,32810,32685,0
testvideo,32600,32850,32725,0
testvideo,32640,32890,32765,0
testvideo,32680,32930,32805,0
testvideo,32720,32970,32845,0
testvideo,32760,33010,32885,0
testvideo,32800,33050,32925,0
testvideo,32840,33090,32965,0
testvideo,32880,33130,33005,0
testvideo,32920,33170,33045,0
testvideo,32960,33210,33085,0
testvideo,33000,33250,33125,0
testvideo,33040,33290,33165,0
testvideo,33080,33330,33205,0
testvideo,33120,33370,33245,0
testvideo,33160,33410,33285,0
testvideo,33200,33450,33325,0
testvideo,33240,33490,33365,0
testvideo,33280,33530,33405,0
testvideo,33320,33570,33445,0
testvideo,33360,33610,33485,0
testvideo,33400,33650,33525,0
testvideo,33440,33690,33565,0
testvideo,33480,33730,33605,0
testvideo,33520,33770,33645,0
testvideo,33560,33810,33685,0
testvideo,33600,33850,33725,0
testvideo,33640,33890,33765,0
testvideo,33680,33930,33805,0
testvideo,33720,33970,33845,0
testvideo,33760,34010,33885,0
testvideo,33800,34050,33925,0
testvideo,33840,34090,33965,0
testvideo,33880,34130,34005,0
testvideo,33920,34170,34045,0
testvideo,33960,34210,34085,0
testvideo,34000,34250,34125,0
testvideo,34040,34290,34165,1
testvideo,34080,34330,34205,1
testvideo,34120,34370,34245,1
testvideo,34160,34410,34285,1
testvideo,34200,34450,34325,1
testvideo,34240,34490,34365,1
testvideo,34280,34530,34405,1
testvideo,34320,34570,34445,1
testvideo,34360,34610,34485,1
testvideo,34400,34650,34525,1
testvideo,34440,34690,34565,1
testvideo,34480,34730,34605,1
testvideo,34520,34770,34645,2
testvideo,34560,34810,34685,2
testvideo,34600,34850,34725,2
testvideo,34640,34890,34765,2
testvideo,34680,34930,34805,2
testvideo,34720,34970,34845,2
testvideo,34760,35010,34885,2
testvideo,34800,35050,34925,2
testvideo,34840,35090,34965,2
testvideo,34880,35130,35005,2
testvideo,34920,35170,35045,2
testvideo,34960,35210,35085,2
testvideo,35000,35250,35125,0
testvideo,35040,35290,35165,0
testvideo,35080,35330,35205,0
testvideo,35120,35370,35245,0
testvideo,35160,35410,35285,0
testvideo,35200,35450,35325,0
testvideo,35240,35490,35365,0
testvideo,35280,35530,35405,0
testvideo,35320,35570,35445,0
testvideo,35360,35610,35485,0
testvideo,35400,35650,35525,0
testvideo,35440,35690,35565,0
testvideo,35480,35730,35605,0
testvideo,35520,35770,35645,0
testvideo,35560,35810,35685,0
testvideo,35600,35850,35725,0
testvideo,35640,35890,35765,0
testvideo,35680,35930,35805,0
testvideo,35720,35970,35845,0
testvideo,35760,36010,35885,0
testvideo,35800,36050,35925,0
testvideo,35840,36090,35965,0
testvideo,35880,36130,36005,0
testvideo,35920,36170,36045,0
testvideo,35960,36210,36085,0
testvideo,36000,36250,36125,0
testvideo,36040,36290,36165,0
testvideo,36080,36330,36205,0
testvideo,36120,36370,36245,0
testvideo,36160,36410,36285,0
testvideo,36200,36450,36325,0
testvideo,36240,36490,36365,0
testvideo,36280,36530,36405,0
testvideo,36320,36570,36445,0
testvideo,36360,36610,36485,0
testvideo,36400,36650,36525,0
testvideo,36440,36690,36565,0
testvideo,36480,36730,36605,0
testvideo,36520,36770,36645,0
testvideo,36560,36810,36685,0
testvideo,36600,36850,36725,0
testvideo,36640,36890,36765,0
testvideo,36680,36930,36805,0
testvideo,36720,36970,36845,0
testvideo,36760,37010,36885,0
testvideo,36800,37050,36925,0
testvideo,36840,37090,36965,0
testvideo,36880,37130,37005,0
testvideo,36920,37170,37045,0
testvideo,36960,37210,37085,0
testvideo,37000,37250,37125,0
testvideo,37040,37290,37165,0
testvideo,37080,37330,37205,0
testvideo,37120,37370,37245,0
testvideo,37160,37410,37285,0
testvideo,37200,37450,37325,0
testvideo,37240,37490,37365,0
testvideo,37280,37530,37405,0
testvideo,37320,37570,37445,1
testvideo,37360,37610,37485,1
testvideo,37400,37650,37525,1
testvideo,37440,37690,37565,1
testvideo,37480,37730,37605,1
testvideo,37520,37770,37645,1
testvideo,37560,37810,37685,1
testvideo,37600,37850,37725,1
testvideo,37640,37890,37765,1
testvideo,37680,37930,37805,1
testvideo,37720,37970,37845,1
testvideo,37760,38010,37885,1
testvideo,37800,38050,37925,1
testvideo,37840,38090,37965,2
testvideo,37880,38130,38005,2
testvideo,37920,38170,38045,2
testvideo,37960,38210,38085,2
testvideo,38000,38250,38125,2
testvideo,38040,38290,38165,2
testvideo,38080,38330,38205,2
testvideo,38120,38370,38245,2
testvideo,38160,38410,38285,2
testvideo,38200,38450,38325,2
testvideo,38240,38490,38365,2
testvideo,38280,38530,38405,2
testvideo,38320,38570,38445,3
testvideo,38360,38610,38485,3
testvideo,38400,38650,38525,3
testvideo,38440,38690,38565,3
testvideo,38480,38730,38605,3
testvideo,38520,38770,38645,3
testvideo,38560,38810,38685,3
testvideo,38600,38850,38725,3
testvideo,38640,38890,38765,0
testvideo,38680,38930,38805,0
testvideo,38720,38970,38845,0
testvideo,38760,39010,38885,0
testvideo,38800,39050,38925,0
testvideo,38840,39090,38965,0
testvideo,38880,39130,39005,0
testvideo,38920,39170,39045,0
testvideo,38960,39210,39085,0
testvideo,39000,39250,39125,0
testvideo,39040,39290,39165,0
testvideo,39080,39330,39205,0
testvideo,39120,39370,39245,0
testvideo,39160,39410,39285,0
testvideo,39200,39450,39325,0
testvideo,39240,39490,39365,0
testvideo,39280,39530,39405,0
testvideo,39320,39570,39445,0
testvideo,39360,39610,39485,0
testvideo,39400,39650,39525,0
testvideo,39440,39690,39565,0
testvideo,39480,39730,39605,0
testvideo,39520,39770,39645,0
testvideo,39560,39810,39685,0
testvideo,39600,39850,39725,0
testvideo,39640,39890,39765,0
testvideo,39680,39930,39805,0
testvideo,39720,39970,39845,0
testvideo,39760,40010,39885,0
testvideo,39800,40050,39925,0
testvideo,39840,40090,39965,0
testvideo,39880,40130,40005,0
testvideo,39920,40170,40045,0
testvideo,39960,40210,40085,0
testvideo,40000,40250,40125,0
testvideo,40040,40290,40165,0
testvideo,40080,40330,40205,0
testvideo,40120,40370,40245,0
testvideo,40160,40410,40285,0
testvideo,40200,40450,40325,0
testvideo,40240,40490,40365,0
testvideo,40280,40530,40405,0
testvideo,40320,40570,40445,0
testvideo,40360,40610,40485,0
testvideo,40400,40650,40525,0
testvideo,40440,40690,40565,0
testvideo,40480,40730,40605,0
testvideo,40520,40770,40645,0
testvideo,40560,40810,40685,0
testvideo,40600,40850,40725,0
testvideo,40640,40890,40765,0
testvideo,40680,40930,40805,0
testvideo,40720,40970,40845,0
testvideo,40760,41010,40885,0
testvideo,40800,41050,40925,0
testvideo,40840,41090,40965,0
testvideo,40880,41130,41005,0
testvideo,40920,41170,41045,0
testvideo,40960,41210,41085,0
testvideo,41000,41250,41125,0
testvideo,41040,41290,41165,1
testvideo,41080,41330,41205,1
testvideo,41120,41370,41245,1
testvideo,41160,41410,41285,1
testvideo,41200,41450,41325,1
testvideo,41240,41490,41365,1
testvideo,41280,41530,41405,1
testvideo,41320,41570,41445,1
testvideo,41360,41610,41485,1
testvideo,41400,41650,41525,1
testvideo,41440,41690,41565,1
testvideo,41480,41730,41605,1
testvideo,41520,41770,41645,1
testvideo,41560,41810,41685,1
testvideo,41600,41850,41725,1
testvideo,41640,41890,41765,1
testvideo,41680,41930,41805,1
testvideo,41720,41970,41845,2
testvideo,41760,42010,41885,2
testvideo,41800,42050,41925,2
testvideo,41840,42090,41965,2
testvideo,41880,42130,42005,2
testvideo,41920,42170,42045,2
testvideo,41960,42210,42085,2
testvideo,42000,42250,42125,2
testvideo,42040,42290,42165,2
testvideo,42080,42330,42205,2
testvideo,42120,42370,42245,2
testvideo,42160,42410,42285,2
testvideo,42200,42450,42325,3
testvideo,42240,42490,42365,3
testvideo,42280,42530,42405,3
testvideo,42320,42570,42445,3
testvideo,42360,42610,42485,3
testvideo,42400,42650,42525,3
testvideo,42440,42690,42565,3
testvideo,42480,42730,42605,3
testvideo,42520,42770,42645,3
testvideo,42560,42810,42685,3
testvideo,42600,42850,42725,3
testvideo,42640,42890,42765,3
testvideo,42680,42930,42805,3
testvideo,42720,42970,42845,3
testvideo,42760,43010,42885,3
testvideo,42800,43050,42925,3
testvideo,42840,43090,42965,3
testvideo,42880,43130,43005,0
testvideo,42920,43170,43045,0
testvideo,42960,43210,43085,0
testvideo,43000,43250,43125,0
testvideo,43040,43290,43165,0
testvideo,43080,43330,43205,0
testvideo,43120,43370,43245,0
testvideo,43160,43410,43285,0
testvideo,43200,43450,43325,0
testvideo,43240,43490,43365,0
testvideo,43280,43530,43405,0
testvideo,43320,43570,43445,0
testvideo,43360,43610,43485,0
testvideo,43400,43650,43525,0
testvideo,43440,43690,43565,0
testvideo,43480,43730,43605,0
testvideo,43520,43770,43645,0
testvideo,43560,43810,43685,0
testvideo,43600,43850,43725,0
testvideo,43640,43890,43765,0
testvideo,43680,43930,43805,0
testvideo,43720,43970,43845,0
testvideo,43760,44010,43885,0
testvideo,43800,44050,43925,0
testvideo,43840,44090,43965,0
testvideo,43880,44130,44005,0
testvideo,43920,44170,44045,0
testvideo,43960,44210,44085,0
testvideo,44000,44250,44125,0
testvideo,44040,44290,44165,0
testvideo,44080,44330,44205,0
testvideo,44120,44370,44245,0
testvideo,44160,44410,44285,0
testvideo,44200,44450,44325,0
testvideo,44240,44490,44365,0
testvideo,44280,44530,44405,0
testvideo,44320,44570,44445,0
testvideo,44360,44610,44485,0
testvideo,44400,44650,44525,0
testvideo,44440,44690,44565,0
testvideo,44480,44730,44605,0
testvideo,44520,44770,44645,0
testvideo,44560,44810,44685,0
testvideo,44600,44850,44725,0
testvideo,44640,44890,44765,0
testvideo,44680,44930,44805,0
testvideo,44720,44970,44845,0
testvideo,44760,45010,44885,0
testvideo,44800,45050,44925,0
testvideo,44840,45090,44965,0
testvideo,44880,45130,45005,0
testvideo,44920,45170,45045,0
testvideo,44960,45210,45085,0
testvideo,45000,45250,45125,0
testvideo,45040,45290,45165,0
testvideo,45080,45330,45205,0
testvideo,45120,45370,45245,0
testvideo,45160,45410,45285,0
testvideo,45200,45450,45325,0
testvideo,45240,45490,45365,0
testvideo,45280,45530,45405,0
testvideo,45320,45570,45445,0
testvideo,45360,45610,45485,0
testvideo,45400,45650,45525,0
testvideo,45440,45690,45565,0
testvideo,45480,45730,45605,0
testvideo,45520,45770,45645,0
testvideo,45560,45810,45685,1
testvideo,45600,45850,45725,1
testvideo,45640,45890,45765,1
testvideo,45680,45930,45805,1
testvideo,45720,45970,45845,1
testvideo,45760,46010,45885,1
testvideo,45800,46050,45925,1
testvideo,45840,46090,45965,1
testvideo,45880,46130,46005,1
testvideo,45920,46170,46045,1
testvideo,45960,46210,46085,1
testvideo,46000,46250,46125,0
testvideo,46040,46290,46165,0
testvideo,46080,46330,46205,0
testvideo,46120,46370,46245,0
testvideo,46160,46410,46285,0
testvideo,46200,46450,46325,0
testvideo,46240,46490,46365,0
testvideo,46280,46530,46405,0
testvideo,46320,46570,46445,0
testvideo,46360,46610,46485,0
testvideo,46400,46650,46525,0
testvideo,46440,46690,46565,0
testvideo,46480,46730,46605,0
testvideo,46520,46770,46645,0
testvideo,46560,46810,46685,0
testvideo,46600,46850,46725,0
testvideo,46640,46890,46765,0
testvideo,46680,46930,46805,0
testvideo,46720,46970,46845,0
testvideo,46760,47010,46885,0
testvideo,46800,47050,46925,0
testvideo,46840,47090,46965,0
testvideo,46880,47130,47005,0
testvideo,46920,47170,47045,0
testvideo,46960,47210,47085,0
testvideo,47000,47250,47125,0
testvideo,47040,47290,47165,0
testvideo,47080,47330,47205,0
testvideo,47120,47370,47245,0
testvideo,47160,47410,47285,0
testvideo,47200,47450,47325,0
testvideo,47240,47490,47365,0
testvideo,47280,47530,47405,0
testvideo,47320,47570,47445,0
testvideo,47360,47610,47485,0
testvideo,47400,47650,47525,0
testvideo,47440,47690,47565,0
testvideo,47480,47730,47605,0
testvideo,47520,47770,47645,0
testvideo,47560,47810,47685,0
testvideo,47600,47850,47725,0
testvideo,47640,47890,47765,0
testvideo,47680,47930,47805,0
testvideo,47720,47970,47845,0
testvideo,47760,48010,47885,0
testvideo,47800,48050,47925,0
testvideo,47840,48090,47965,0
testvideo,47880,48130,48005,0
testvideo,47920,48170,48045,0
testvideo,47960,48210,48085,0
testvideo,48000,48250,48125,0
testvideo,48040,48290,48165,0
testvideo,48080,48330,48205,0
testvideo,48120,48370,48245,0
testvideo,48160,48410,48285,0
testvideo,48200,48450,48325,0
testvideo,48240,48490,48365,0
testvideo,48280,48530,48405,0
testvideo,48320,48570,48445,0
testvideo,48360,48610,48485,0
testvideo,48400,48650,48525,0
testvideo,48440,48690,48565,0
testvideo,48480,48730,48605,0
testvideo,48520,48770,48645,0
testvideo,48560,48810,48685,0
testvideo,48600,48850,48725,0
testvideo,48640,48890,48765,0
testvideo,48680,48930,48805,0
testvideo,48720,48970,48845,0
testvideo,48760,49010,48885,0
testvideo,48800,49050,48925,1
testvideo,48840,49090,48965,1
testvideo,48880,49130,49005,1
testvideo,48920,49170,49045,1
testvideo,48960,49210,49085,1
testvideo,49000,49250,49125,1
testvideo,49040,49290,49165,1
testvideo,49080,49330,49205,1
testvideo,49120,49370,49245,1
testvideo,49160,49410,49285,1
testvideo,49200,49450,49325,1
testvideo,49240,49490,49365,1
testvideo,49280,49530,49405,1
testvideo,49320,49570,49445,1
testvideo,49360,49610,49485,1
testvideo,49400,49650,49525,1
testvideo,49440,49690,49565,1
testvideo,49480,49730,49605,0
testvideo,49520,49770,49645,0
testvideo,49560,49810,49685,0
testvideo,49600,49850,49725,0
testvideo,49640,49890,49765,0
testvideo,49680,49930,49805,0
testvideo,49720,49970,49845,0
testvideo,49760,50010,49885,0
testvideo,49800,50050,49925,0
testvideo,49840,50090,49965,0
testvideo,49880,50130,50005,0
testvideo,49920,50170,50045,0
testvideo,49960,50210,50085,0
testvideo,50000,50250,50125,0
testvideo,50040,50290,50165,0
testvideo,50080,50330,50205,0
testvideo,50120,50370,50245,0
testvideo,50160,50410,50285,0
testvideo,50200,50450,50325,0
testvideo,50240,50490,50365,0
testvideo,50280,50530,50405,0
testvideo,50320,50570,50445,0
testvideo,50360,50610,50485,0
testvideo,50400,50650,50525,0
testvideo,50440,50690,50565,0
testvideo,50480,50730,50605,0
testvideo,50520,50770,50645,0
testvideo,50560,50810,50685,0
testvideo,50600,50850,50725,0
testvideo,50640,50890,50765,0
testvideo,50680,50930,50805,0
testvideo,50720,50970,50845,0
testvideo,50760,51010,50885,0
testvideo,50800,51050,50925,0
testvideo,50840,51090,50965,0
testvideo,50880,51130,51005,0
testvideo,50920,51170,51045,0
testvideo,50960,51210,51085,0
testvideo,51000,51250,51125,0
testvideo,51040,51290,51165,0
testvideo,51080,51330,51205,0
testvideo,51120,51370,51245,0
testvideo,51160,51410,51285,0
testvideo,51200,51450,51325,0
testvideo,51240,51490,51365,0
testvideo,51280,51530,51405,0
testvideo,51320,51570,51445,0
testvideo,51360,51610,51485,0
testvideo,51400,51650,51525,0
testvideo,51440,51690,51565,0
testvideo,51480,51730,51605,0
testvideo,51520,51770,51645,0
testvideo,51560,51810,51685,0
testvideo,51600,51850,51725,0
testvideo,51640,51890,51765,0
testvideo,51680,51930,51805,0
testvideo,51720,51970,51845,0
testvideo,51760,52010,51885,0
testvideo,51800,52050,51925,0
testvideo,51840,52090,51965,0
testvideo,51880,52130,52005,0
testvideo,51920,52170,52045,0
testvideo,51960,52210,52085,0
testvideo,52000,52250,52125,0
testvideo,52040,52290,52165,1
testvideo,52080,52330,52205,1
testvideo,52120,52370,52245,1
testvideo,52160,52410,52285,1
testvideo,52200,52450,52325,1
testvideo,52240,52490,52365,1
testvideo,52280,52530,52405,1
testvideo,52320,52570,52445,1
testvideo,52360,52610,52485,1
testvideo,52400,52650,52525,1
testvideo,52440,52690,52565,1
testvideo,52480,52730,52605,1
testvideo,52520,52770,52645,1
testvideo,52560,52810,52685,1
testvideo,52600,52850,52725,1
testvideo,52640,52890,52765,1
testvideo,52680,52930,52805,1
testvideo,52720,52970,52845,1
testvideo,52760,53010,52885,1
testvideo,52800,53050,52925,1
testvideo,52840,53090,52965,1
testvideo,52880,53130,53005,2
testvideo,52920,53170,53045,2
testvideo,52960,53210,53085,2
testvideo,53000,53250,53125,2
testvideo,53040,53290,53165,2
testvideo,53080,53330,53205,2
testvideo,53120,53370,53245,2
testvideo,53160,53410,53285,2
testvideo,53200,53450,53325,2
testvideo,53240,53490,53365,3
testvideo,53280,53530,53405,3
testvideo,53320,53570,53445,3
testvideo,53360,53610,53485,3
testvideo,53400,53650,53525,3
testvideo,53440,53690,53565,3
testvideo,53480,53730,53605,3
testvideo,53520,53770,53645,3
testvideo,53560,53810,53685,3
testvideo,53600,53850,53725,3
testvideo,53640,53890,53765,3
testvideo,53680,53930,53805,3
testvideo,53720,53970,53845,3
testvideo,53760,54010,53885,0
testvideo,53800,54050,53925,0
testvideo,53840,54090,53965,0
testvideo,53880,54130,54005,0
testvideo,53920,54170,54045,0
testvideo,53960,54210,54085,0
testvideo,54000,54250,54125,0
testvideo,54040,54290,54165,0
testvideo,54080,54330,54205,0
testvideo,54120,54370,54245,0
testvideo,54160,54410,54285,0
testvideo,54200,54450,54325,0
testvideo,54240,54490,54365,0
testvideo,54280,54530,54405,0
testvideo,54320,54570,54445,0
testvideo,54360,54610,54485,0
testvideo,54400,54650,54525,0
testvideo,54440,54690,54565,0
testvideo,54480,54730,54605,0
testvideo,54520,54770,54645,0
testvideo,54560,54810,54685,0
testvideo,54600,54850,54725,0
testvideo,54640,54890,54765,0
testvideo,54680,54930,54805,0
testvideo,54720,54970,54845,0
testvideo,54760,55010,54885,0
testvideo,54800,55050,54925,0
testvideo,54840,55090,54965,0
testvideo,54880,55130,55005,0
testvideo,54920,55170,55045,0
testvideo,54960,55210,55085,0
testvideo,55000,55250,55125,0
testvideo,55040,55290,55165,0
testvideo,55080,55330,55205,0
testvideo,55120,55370,55245,0
testvideo,55160,55410,55285,0
testvideo,55200,55450,55325,0
testvideo,55240,55490,55365,0
testvideo,55280,55530,55405,0
testvideo,55320,55570,55445,0
testvideo,55360,55610,55485,0
testvideo,55400,55650,55525,0
testvideo,55440,55690,55565,0
testvideo,55480,55730,55605,0
testvideo,55520,55770,55645,0
testvideo,55560,55810,55685,0
testvideo,55600,55850,55725,0
testvideo,55640,55890,55765,0
testvideo,55680,55930,55805,0
testvideo,55720,55970,55845,0
testvideo,55760,56010,55885,0
testvideo,55800,56050,55925,0
testvideo,55840,56090,55965,0
testvideo,55880,56130,56005,0
testvideo,55920,56170,56045,0
testvideo,55960,56210,56085,0
testvideo,56000,56250,56125,0
testvideo,56040,56290,56165,0
testvideo,56080,56330,56205,0
testvideo,56120,56370,56245,0
testvideo,56160,56410,56285,0
testvideo,56200,56450,56325,0
testvideo,56240,56490,56365,0
testvideo,56280,56530,56405,0
testvideo,56320,56570,56445,0
testvideo,56360,56610,56485,0
testvideo,56400,56650,56525,0
testvideo,56440,56690,56565,0
testvideo,56480,56730,56605,0
testvideo,56520,56770,56645,0
testvideo,56560,56810,56685,0
testvideo,56600,56850,56725,0
testvideo,56640,56890,56765,0
testvideo,56680,56930,56805,0
testvideo,56720,56970,56845,0
testvideo,56760,57010,56885,0
testvideo,56800,57050,56925,0
testvideo,56840,57090,56965,0
testvideo,56880,57130,57005,0
testvideo,56920,57170,57045,0
testvideo,56960,57210,57085,0
testvideo,57000,57250,57125,0
testvideo,57040,57290,57165,0
testvideo,57080,57330,57205,0
testvideo,57120,57370,57245,0
testvideo,57160,57410,57285,0
testvideo,57200,57450,57325,0
testvideo,57240,57490,57365,0
testvideo,57280,57530,57405,0
testvideo,57320,57570,57445,0
testvideo,57360,57610,57485,0
testvideo,57400,57650,57525,0
testvideo,57440,57690,57565,0
testvideo,57480,57730,57605,0
testvideo,57520,57770,57645,0
testvideo,57560,57810,57685,0
testvideo,57600,57850,57725,0
testvideo,57640,57890,57765,0
testvideo,57680,57930,57805,0
testvideo,57720,57970,57845,0
testvideo,57760,58010,57885,0
testvideo,57800,58050,57925,0
testvideo,57840,58090,57965,0
testvideo,57880,58130,58005,0
testvideo,57920,58170,58045,0
testvideo,57960,58210,58085,0
testvideo,58000,58250,58125,0
testvideo,58040,58290,58165,0
testvideo,58080,58330,58205,0
testvideo,58120,58370,58245,0
testvideo,58160,58410,58285,0
testvideo,58200,58450,58325,0
testvideo,58240,58490,58365,0
testvideo,58280,58530,58405,0
testvideo,58320,58570,58445,0
testvideo,58360,58610,58485,0
testvideo,58400,58650,58525,0
testvideo,58440,58690,58565,0
testvideo,58480,58730,58605,0
testvideo,58520,58770,58645,0
testvideo,58560,58810,58685,0
testvideo,58600,58850,58725,0
testvideo,58640,58890,58765,0
testvideo,58680,58930,58805,0
testvideo,58720,58970,58845,0
testvideo,58760,59010,58885,1
testvideo,58800,59050,58925,1
testvideo,58840,59090,58965,1
testvideo,58880,59130,59005,1
testvideo,58920,59170,59045,1
testvideo,58960,59210,59085,1
testvideo,59000,59250,59125,1
testvideo,59040,59290,59165,1
testvideo,59080,59330,59205,1
testvideo,59120,59370,59245,1
testvideo,59160,59410,59285,1
testvideo,59200,59450,59325,1
testvideo,59240,59490,59365,1
testvideo,59280,59530,59405,1
testvideo,59320,59570,59445,1
testvideo,59360,59610,59485,1
testvideo,59400,59650,59525,1
testvideo,59440,59690,59565,2
testvideo,59480,59730,59605,2
testvideo,59520,59770,59645,2
testvideo,59560,59810,59685,2
testvideo,59600,59850,59725,2
testvideo,59640,59890,59765,2
testvideo,59680,59930,59805,2
testvideo,59720,59970,59845,2
testvideo,59760,60010,59885,2
testvideo,59800,60050,59925,2
testvideo,59840,60090,59965,2
testvideo,59880,60130,60005,2
testvideo,59920,60170,60045,2
testvideo,59960,60210,60085,0
testvideo,60000,60250,60125,0
testvideo,60040,60290,60165,0
testvideo,60080,60330,60205,0
testvideo,60120,60370,60245,0
testvideo,60160,60410,60285,0
testvideo,60200,60450,60325,0
testvideo,60240,60490,60365,0
testvideo,60280,60530,60405,0
testvideo,60320,60570,60445,0
testvideo,60360,60610,60485,0
testvideo,60400,60650,60525,0
testvideo,60440,60690,60565,0
testvideo,60480,60730,60605,0
testvideo,60520,60770,60645,0
testvideo,60560,60810,60685,0
testvideo,60600,60850,60725,0
testvideo,60640,60890,60765,0
testvideo,60680,60930,60805,0
testvideo,60720,60970,60845,0
testvideo,60760,61010,60885,0
testvideo,60800,61050,60925,0
testvideo,60840,61090,60965,0
testvideo,60880,61130,61005,0
testvideo,60920,61170,61045,0
testvideo,60960,61210,61085,0
testvideo,61000,61250,61125,0
testvideo,61040,61290,61165,0
testvideo,61080,61330,61205,0
testvideo,61120,61370,61245,0
testvideo,61160,61410,61285,0
testvideo,61200,61450,61325,0
testvideo,61240,61490,61365,0
testvideo,61280,61530,61405,0
testvideo,61320,61570,61445,0
testvideo,61360,61610,61485,0
testvideo,61400,61650,61525,0
testvideo,61440,61690,61565,0
testvideo,61480,61730,61605,0
testvideo,61520,61770,61645,0
testvideo,61560,61810,61685,0
testvideo,61600,61850,61725,0
testvideo,61640,61890,61765,0
testvideo,61680,61930,61805,0
testvideo,61720,61970,61845,0
testvideo,61760,62010,61885,0
testvideo,61800,62050,61925,0
testvideo,61840,62090,61965,0
testvideo,61880,62130,62005,0
testvideo,61920,62170,62045,0
testvideo,61960,62210,62085,0
testvideo,62000,62250,62125,0
testvideo,62040,62290,62165,0
testvideo,62080,62330,62205,0
testvideo,62120,62370,62245,0
testvideo,62160,62410,62285,0
testvideo,62200,62450,62325,1
testvideo,62240,62490,62365,1
testvideo,62280,62530,62405,1
testvideo,62320,62570,62445,1
testvideo,62360,62610,62485,1
testvideo,62400,62650,62525,1
testvideo,62440,62690,62565,1
testvideo,62480,62730,62605,1
testvideo,62520,62770,62645,1
testvideo,62560,62810,62685,1
testvideo,62600,62850,62725,1
testvideo,62640,62890,62765,1
testvideo,62680,62930,62805,1
testvideo,62720,62970,62845,1
testvideo,62760,63010,62885,1
testvideo,62800,63050,62925,1
testvideo,62840,63090,62965,1
testvideo,62880,63130,63005,1
testvideo,62920,63170,63045,1
testvideo,62960,63210,63085,1
testvideo,63000,63250,63125,1
testvideo,63040,63290,63165,1
testvideo,63080,63330,63205,2
testvideo,63120,63370,63245,2
testvideo,63160,63410,63285,2
testvideo,63200,63450,63325,2
testvideo,63240,63490,63365,2
testvideo,63280,63530,63405,2
testvideo,63320,63570,63445,2
testvideo,63360,63610,63485,2
testvideo,63400,63650,63525,2
testvideo,63440,63690,63565,2
testvideo,63480,63730,63605,2
testvideo,63520,63770,63645,2
testvideo,63560,63810,63685,2
testvideo,63600,63850,63725,2
testvideo,63640,63890,63765,0
testvideo,63680,63930,63805,0
testvideo,63720,63970,63845,0
testvideo,63760,64010,63885,0
testvideo,63800,64050,63925,0
testvideo,63840,64090,63965,0
testvideo,63880,64130,64005,0
testvideo,63920,64170,64045,0
testvideo,63960,64210,64085,0
testvideo,64000,64250,64125,0
testvideo,64040,64290,64165,0
testvideo,64080,64330,64205,0
testvideo,64120,64370,64245,0
testvideo,64160,64410,64285,0
testvideo,64200,64450,64325,0
testvideo,64240,64490,64365,0
testvideo,64280,64530,64405,0
testvideo,64320,64570,64445,0
testvideo,64360,64610,64485,0
testvideo,64400,64650,64525,0
testvideo,64440,64690,64565,0
testvideo,64480,64730,64605,0
testvideo,64520,64770,64645,0
testvideo,64560,64810,64685,0
testvideo,64600,64850,64725,0
testvideo,64640,64890,64765,0
testvideo,64680,64930,64805,0
testvideo,64720,64970,64845,0
testvideo,64760,65010,64885,0
testvideo,64800,65050,64925,0
testvideo,64840,65090,64965,0
testvideo,64880,65130,65005,0
testvideo,64920,65170,65045,0
testvideo,64960,65210,65085,0
testvideo,65000,65250,65125,0
testvideo,65040,65290,65165,0
testvideo,65080,65330,65205,0
testvideo,65120,65370,65245,0
testvideo,65160,65410,65285,0
testvideo,65200,65450,65325,0
testvideo,65240,65490,65365,0
testvideo,65280,65530,65405,0
testvideo,65320,65570,65445,0
testvideo,65360,65610,65485,0
testvideo,65400,65650,65525,0
testvideo,65440,65690,65565,0
testvideo,65480,65730,65605,0
testvideo,65520,65770,65645,0
testvideo,65560,65810,65685,0
testvideo,65600,65850,65725,0
testvideo,65640,65890,65765,0
testvideo,65680,65930,65805,0
testvideo,65720,65970,65845,0
testvideo,65760,66010,65885,0
testvideo,65800,66050,65925,0
testvideo,65840,66090,65965,0
testvideo,65880,66130,66005,0
testvideo,65920,66170,66045,0
testvideo,65960,66210,66085,1
testvideo,66000,66250,66125,1
testvideo,66040,66290,66165,1
testvideo,66080,66330,66205,1
testvideo,66120,66370,66245,1
testvideo,66160,66410,66285,1
testvideo,66200,66450,66325,1
testvideo,66240,66490,66365,1
testvideo,66280,66530,66405,1
testvideo,66320,66570,66445,1
testvideo,66360,66610,66485,1
testvideo,66400,66650,66525,1
testvideo,66440,66690,66565,1
testvideo,66480,66730,66605,1
testvideo,66520,66770,66645,1
testvideo,66560,66810,66685,2
testvideo,66600,66850,66725,2
testvideo,66640,66890,66765,2
testvideo,66680,66930,66805,2
testvideo,66720,66970,66845,2
testvideo,66760,67010,66885,2
testvideo,66800,67050,66925,2
testvideo,66840,67090,66965,2
testvideo,66880,67130,67005,2
testvideo,66920,67170,67045,2
testvideo,66960,67210,67085,2
testvideo,67000,67250,67125,3
testvideo,67040,67290,67165,3
testvideo,67080,67330,67205,3
testvideo,67120,67370,67245,3
testvideo,67160,67410,67285,3
testvideo,67200,67450,67325,3
testvideo,67240,67490,67365,3
testvideo,67280,67530,67405,3
testvideo,67320,67570,67445,3
testvideo,67360,67610,67485,3
testvideo,67400,67650,67525,0
testvideo,67440,67690,67565,0
testvideo,67480,67730,67605,0
testvideo,67520,67770,67645,0
testvideo,67560,67810,67685,0
testvideo,67600,67850,67725,0
testvideo,67640,67890,67765,0
testvideo,67680,67930,67805,0
testvideo,67720,67970,67845,0
testvideo,67760,68010,67885,0
testvideo,67800,68050,67925,0
testvideo,67840,68090,67965,0
testvideo,67880,68130,68005,0
testvideo,67920,68170,68045,0
testvideo,67960,68210,68085,0
testvideo,68000,68250,68125,0
testvideo,68040,68290,68165,0
testvideo,68080,68330,68205,0
testvideo,68120,68370,68245,0
testvideo,68160,68410,68285,0
testvideo,68200,68450,68325,0
testvideo,68240,68490,68365,0
testvideo,68280,68530,68405,0
testvideo,68320,68570,68445,0
testvideo,68360,68610,68485,0
testvideo,68400,68650,68525,0
testvideo,68440,68690,68565,0
testvideo,68480,68730,68605,0
testvideo,68520,68770,68645,0
testvideo,68560,68810,68685,0
testvideo,68600,68850,68725,0
testvideo,68640,68890,68765,0
testvideo,68680,68930,68805,0
testvideo,68720,68970,68845,0
testvideo,68760,69010,68885,0
testvideo,68800,69050,68925,0
testvideo,68840,69090,68965,0
testvideo,68880,69130,69005,0
testvideo,68920,69170,69045,0
testvideo,68960,69210,69085,0
testvideo,69000,69250,69125,0
testvideo,69040,69290,69165,0
testvideo,69080,69330,69205,0
testvideo,69120,69370,69245,0
testvideo,69160,69410,69285,0
testvideo,69200,69450,69325,0
testvideo,69240,69490,69365,0
testvideo,69280,69530,69405,0
testvideo,69320,69570,69445,0
testvideo,69360,69610,69485,0
testvideo,69400,69650,69525,0
testvideo,69440,69690,69565,0
testvideo,69480,69730,69605,0
testvideo,69520,69770,69645,0
testvideo,69560,69810,69685,0
testvideo,69600,69850,69725,0
testvideo,69640,69890,69765,0
testvideo,69680,69930,69805,0
testvideo,69720,69970,69845,0
testvideo,69760,70010,69885,0
testvideo,69800,70050,69925,0
testvideo,69840,70090,69965,0
testvideo,69880,70130,70005,0
testvideo,69920,70170,70045,0
testvideo,69960,70210,70085,0
testvideo,70000,70250,70125,0
testvideo,70040,70290,70165,0
testvideo,70080,70330,70205,0
testvideo,70120,70370,70245,1
testvideo,70160,70410,70285,1
testvideo,70200,70450,70325,1
testvideo,70240,70490,70365,1
testvideo,70280,70530,70405,1
testvideo,70320,70570,70445,1
testvideo,70360,70610,70485,1
testvideo,70400,70650,70525,1
testvideo,70440,70690,70565,1
testvideo,70480,70730,70605,1
testvideo,70520,70770,70645,1
testvideo,70560,70810,70685,1
testvideo,70600,70850,70725,1
testvideo,70640,70890,70765,1
testvideo,70680,70930,70805,1
testvideo,70720,70970,70845,1
testvideo,70760,71010,70885,2
testvideo,70800,71050,70925,2
testvideo,70840,71090,70965,2
testvideo,70880,71130,71005,2
testvideo,70920,71170,71045,2
testvideo,70960,71210,71085,2
testvideo,71000,71250,71125,2
testvideo,71040,71290,71165,2
testvideo,71080,71330,71205,2
testvideo,71120,71370,71245,2
testvideo,71160,71410,71285,2
testvideo,71200,71450,71325,2
testvideo,71240,71490,71365,2
testvideo,71280,71530,71405,2
testvideo,71320,71570,71445,2
testvideo,71360,71610,71485,2
testvideo,71400,71650,71525,2
testvideo,71440,71690,71565,0
testvideo,71480,71730,71605,0
testvideo,71520,71770,71645,0
testvideo,71560,71810,71685,0
testvideo,71600,71850,71725,0
testvideo,71640,71890,71765,0
testvideo,71680,71930,71805,0
testvideo,71720,71970,71845,0
testvideo,71760,72010,71885,0
testvideo,71800,72050,71925,0
testvideo,71840,72090,71965,0
testvideo,71880,72130,72005,0
testvideo,71920,72170,72045,0
testvideo,71960,72210,72085,0
testvideo,72000,72250,72125,0
testvideo,72040,72290,72165,0
testvideo,72080,72330,72205,0
testvideo,72120,72370,72245,0
testvideo,72160,72410,72285,0
testvideo,72200,72450,72325,0
testvideo,72240,72490,72365,0
testvideo,72280,72530,72405,0
testvideo,72320,72570,72445,0
testvideo,72360,72610,72485,0
testvideo,72400,72650,72525,0
testvideo,72440,72690,72565,0
testvideo,72480,72730,72605,0
testvideo,72520,72770,72645,0
testvideo,72560,72810,72685,0
testvideo,72600,72850,72725,0
testvideo,72640,72890,72765,0
testvideo,72680,72930,72805,0
testvideo,72720,72970,72845,0
testvideo,72760,73010,72885,0
testvideo,72800,73050,72925,0
testvideo,72840,73090,72965,0
testvideo,72880,73130,73005,0
testvideo,72920,73170,73045,0
testvideo,72960,73210,73085,0
testvideo,73000,73250,73125,1
testvideo,73040,73290,73165,1
testvideo,73080,73330,73205,1
testvideo,73120,73370,73245,1
testvideo,73160,73410,73285,1
testvideo,73200,73450,73325,1
testvideo,73240,73490,73365,1
testvideo,73280,73530,73405,1
testvideo,73320,73570,73445,1
testvideo,73360,73610,73485,1
testvideo,73400,73650,73525,1
testvideo,73440,73690,73565,1
testvideo,73480,73730,73605,1
testvideo,73520,73770,73645,1
testvideo,73560,73810,73685,1
testvideo,73600,73850,73725,1
testvideo,73640,73890,73765,1
testvideo,73680,73930,73805,1
testvideo,73720,73970,73845,1
testvideo,73760,74010,73885,1
testvideo,73800,74050,73925,1
testvideo,73840,74090,73965,1
testvideo,73880,74130,74005,0
testvideo,73920,74170,74045,0
testvideo,73960,74210,74085,0
testvideo,74000,74250,74125,0
testvideo,74040,74290,74165,0
testvideo,74080,74330,74205,0
testvideo,74120,74370,74245,0
testvideo,74160,74410,74285,0
testvideo,74200,74450,74325,0
testvideo,74240,74490,74365,0
testvideo,74280,74530,74405,0
testvideo,74320,74570,74445,0
testvideo,74360,74610,74485,0
testvideo,74400,74650,74525,0
testvideo,74440,74690,74565,0
testvideo,74480,74730,74605,0
testvideo,74520,74770,74645,0
testvideo,74560,74810,74685,0
testvideo,74600,74850,74725,0
testvideo,74640,74890,74765,0
testvideo,74680,74930,74805,0
testvideo,74720,74970,74845,0
testvideo,74760,75010,74885,0
testvideo,74800,75050,74925,0
testvideo,74840,75090,74965,0
testvideo,74880,75130,75005,0
testvideo,74920,75170,75045,0
testvideo,74960,75210,75085,0
testvideo,75000,75250,75125,0
testvideo,75040,75290,75165,0
testvideo,75080,75330,75205,0
testvideo,75120,75370,75245,0
testvideo,75160,75410,75285,0
testvideo,75200,75450,75325,0
testvideo,75240,75490,75365,0
testvideo,75280,75530,75405,0
testvideo,75320,75570,75445,0
testvideo,75360,75610,75485,0
testvideo,75400,75650,75525,0
testvideo,75440,75690,75565,0
testvideo,75480,75730,75605,0
testvideo,75520,75770,75645,0
testvideo,75560,75810,75685,0
testvideo,75600,75850,75725,0
testvideo,75640,75890,75765,0
testvideo,75680,75930,75805,1
testvideo,75720,75970,75845,1
testvideo,75760,76010,75885,1
testvideo,75800,76050,75925,1
testvideo,75840,76090,75965,1
testvideo,75880,76130,76005,1
testvideo,75920,76170,76045,1
testvideo,75960,76210,76085,1
testvideo,76000,76250,76125,1
testvideo,76040,76290,76165,1
testvideo,76080,76330,76205,1
testvideo,76120,76370,76245,1
testvideo,76160,76410,76285,1
testvideo,76200,76450,76325,1
testvideo,76240,76490,76365,1
testvideo,76280,76530,76405,1
testvideo,76320,76570,76445,1
testvideo,76360,76610,76485,1
testvideo,76400,76650,76525,1
testvideo,76440,76690,76565,1
testvideo,76480,76730,76605,2
testvideo,76520,76770,76645,2
testvideo,76560,76810,76685,2
testvideo,76600,76850,76725,2
testvideo,76640,76890,76765,2
testvideo,76680,76930,76805,2
testvideo,76720,76970,76845,2
testvideo,76760,77010,76885,2
testvideo,76800,77050,76925,2
testvideo,76840,77090,76965,2
testvideo,76880,77130,77005,2
testvideo,76920,77170,77045,2
testvideo,76960,77210,77085,0
testvideo,77000,77250,77125,0
testvideo,77040,77290,77165,0
testvideo,77080,77330,77205,0
testvideo,77120,77370,77245,0
testvideo,77160,77410,77285,0
testvideo,77200,77450,77325,0
testvideo,77240,77490,77365,0
testvideo,77280,77530,77405,0
testvideo,77320,77570,77445,0
testvideo,77360,77610,77485,0
testvideo,77400,77650,77525,0
testvideo,77440,77690,77565,0
testvideo,77480,77730,77605,0
testvideo,77520,77770,77645,0
testvideo,77560,77810,77685,0
testvideo,77600,77850,77725,0
testvideo,77640,77890,77765,0
testvideo,77680,77930,77805,0
testvideo,77720,77970,77845,0
testvideo,77760,78010,77885,0
testvideo,77800,78050,77925,0
testvideo,77840,78090,77965,0
testvideo,77880,78130,78005,0
testvideo,77920,78170,78045,0
testvideo,77960,78210,78085,0
testvideo,78000,78250,78125,0
testvideo,78040,78290,78165,0
testvideo,78080,78330,78205,0
testvideo,78120,78370,78245,0
testvideo,78160,78410,78285,0
testvideo,78200,78450,78325,0
testvideo,78240,78490,78365,0
testvideo,78280,78530,78405,0
testvideo,78320,78570,78445,0
testvideo,78360,78610,78485,0
testvideo,78400,78650,78525,0
testvideo,78440,78690,78565,0
testvideo,78480,78730,78605,0
testvideo,78520,78770,78645,0
testvideo,78560,78810,78685,0
testvideo,78600,78850,78725,0
testvideo,78640,78890,78765,0
testvideo,78680,78930,78805,0
testvideo,78720,78970,78845,0
testvideo,78760,79010,78885,0
testvideo,78800,79050,78925,0
testvideo,78840,79090,78965,0
testvideo,78880,79130,79005,0
testvideo,78920,79170,79045,0
testvideo,78960,79210,79085,0
testvideo,79000,79250,79125,0
testvideo,79040,79290,79165,0
testvideo,79080,79330,79205,0
testvideo,79120,79370,79245,0
testvideo,79160,79410,79285,0
testvideo,79200,79450,79325,0
testvideo,79240,79490,79365,0
testvideo,79280,79530,79405,0
testvideo,79320,79570,79445,0
testvideo,79360,79610,79485,0
testvideo,79400,79650,79525,0
testvideo,79440,79690,79565,0
testvideo,79480,79730,79605,0
testvideo,79520,79770,79645,0
testvideo,79560,79810,79685,0
testvideo,79600,79850,79725,0
testvideo,79640,79890,79765,0
testvideo,79680,79930,79805,0
testvideo,79720,79970,79845,0
testvideo,79760,80010,79885,0
testvideo,79800,80050,79925,0
testvideo,79840,80090,79965,0
testvideo,79880,80130,80005,0
testvideo,79920,80170,80045,0
testvideo,79960,80210,80085,0
testvideo,80000,80250,80125,0
testvideo,80040,80290,80165,0
testvideo,80080,80330,80205,0
testvideo,80120,80370,80245,0
testvideo,80160,80410,80285,0
testvideo,80200,80450,80325,0
testvideo,80240,80490,80365,0
testvideo,80280,80530,80405,0
testvideo,80320,80570,80445,0
testvideo,80360,80610,80485,0
testvideo,80400,80650,80525,0
testvideo,80440,80690,80565,0
testvideo,80480,80730,80605,0
testvideo,80520,80770,80645,0
testvideo,80560,80810,80685,0
testvideo,80600,80850,80725,0
testvideo,80640,80890,80765,0
testvideo,80680,80930,80805,0
testvideo,80720,80970,80845,0
testvideo,80760,81010,80885,0
testvideo,80800,81050,80925,0
testvideo,80840,81090,80965,0
testvideo,80880,81130,81005,0
testvideo,80920,81170,81045,0
testvideo,80960,81210,81085,0
testvideo,81000,81250,81125,0
testvideo,81040,81290,81165,0
testvideo,81080,81330,81205,0
testvideo,81120,81370,81245,0
testvideo,81160,81410,81285,0
testvideo,81200,81450,81325,0
testvideo,81240,81490,81365,0
testvideo,81280,81530,81405,0
testvideo,81320,81570,81445,0
testvideo,81360,81610,81485,0
testvideo,81400,81650,81525,0
testvideo,81440,81690,81565,0
testvideo,81480,81730,81605,0
testvideo,81520,81770,81645,0
testvideo,81560,81810,81685,0
testvideo,81600,81850,81725,0
testvideo,81640,81890,81765,0
testvideo,81680,81930,81805,0
testvideo,81720,81970,81845,0
testvideo,81760,82010,81885,0
testvideo,81800,82050,81925,0
testvideo,81840,82090,81965,0
testvideo,81880,82130,82005,0
testvideo,81920,82170,82045,0
testvideo,81960,82210,82085,0
testvideo,82000,82250,82125,0
testvideo,82040,82290,82165,0
testvideo,82080,82330,82205,0
testvideo,82120,82370,82245,0
testvideo,82160,82410,82285,0
testvideo,82200,82450,82325,0
testvideo,82240,82490,82365,0
testvideo,82280,82530,82405,0
testvideo,82320,82570,82445,0
testvideo,82360,82610,82485,0
testvideo,82400,82650,82525,0
testvideo,82440,82690,82565,0
testvideo,82480,82730,82605,0
testvideo,82520,82770,82645,0
testvideo,82560,82810,82685,0
testvideo,82600,82850,82725,0
testvideo,82640,82890,82765,0
testvideo,82680,82930,82805,0
testvideo,82720,82970,82845,0
testvideo,82760,83010,82885,0
testvideo,82800,83050,82925,0
testvideo,82840,83090,82965,0
testvideo,82880,83130,83005,0
testvideo,82920,83170,83045,0
testvideo,82960,83210,83085,0
testvideo,83000,83250,83125,0
testvideo,83040,83290,83165,0
testvideo,83080,83330,83205,0
testvideo,83120,83370,83245,0
testvideo,83160,83410,83285,0
testvideo,83200,83450,83325,0
testvideo,83240,83490,83365,0
testvideo,83280,83530,83405,0
testvideo,83320,83570,83445,0
testvideo,83360,83610,83485,0
testvideo,83400,83650,83525,0
testvideo,83440,83690,83565,0
testvideo,83480,83730,83605,0
testvideo,83520,83770,83645,0
testvideo,83560,83810,83685,0
testvideo,83600,83850,83725,0
testvideo,83640,83890,83765,0
testvideo,83680,83930,83805,0
testvideo,83720,83970,83845,0
testvideo,83760,84010,83885,0
testvideo,83800,84050,83925,0
testvideo,83840,84090,83965,0
testvideo,83880,84130,84005,0
testvideo,83920,84170,84045,0
testvideo,83960,84210,84085,0
testvideo,84000,84250,84125,0
testvideo,84040,84290,84165,0
testvideo,84080,84330,84205,0
testvideo,84120,84370,84245,0
testvideo,84160,84410,84285,0
testvideo,84200,84450,84325,0
testvideo,84240,84490,84365,0
testvideo,84280,84530,84405,0
testvideo,84320,84570,84445,0
testvideo,84360,84610,84485,0
testvideo,84400,84650,84525,0
testvideo,84440,84690,84565,0
testvideo,84480,84730,84605,0
testvideo,84520,84770,84645,0
testvideo,84560,84810,84685,0
testvideo,84600,84850,84725,0
testvideo,84640,84890,84765,0
testvideo,84680,84930,84805,0
testvideo,84720,84970,84845,0
testvideo,84760,85010,84885,0
testvideo,84800,85050,84925,0
testvideo,84840,85090,84965,0
testvideo,84880,85130,85005,0
testvideo,84920,85170,85045,0
testvideo,84960,85210,85085,0
testvideo,85000,85250,85125,0
testvideo,85040,85290,85165,0
testvideo,85080,85330,85205,0
testvideo,85120,85370,85245,0
testvideo,85160,85410,85285,0
testvideo,85200,85450,85325,0
testvideo,85240,85490,85365,0
testvideo,85280,85530,85405,0
testvideo,85320,85570,85445,0
testvideo,85360,85610,85485,0
testvideo,85400,85650,85525,0
testvideo,85440,85690,85565,0
testvideo,85480,85730,85605,0
testvideo,85520,85770,85645,0
testvideo,85560,85810,85685,0
testvideo,85600,85850,85725,0
testvideo,85640,85890,85765,0
testvideo,85680,85930,85805,0
testvideo,85720,85970,85845,0
testvideo,85760,86010,85885,0
testvideo,85800,86050,85925,0
testvideo,85840,86090,85965,0
testvideo,85880,86130,86005,0
testvideo,85920,86170,86045,0
testvideo,85960,86210,86085,0
testvideo,86000,86250,86125,0
testvideo,86040,86290,86165,0
testvideo,86080,86330,86205,0
testvideo,86120,86370,86245,0
testvideo,86160,86410,86285,0
testvideo,86200,86450,86325,0
testvideo,86240,86490,86365,0
testvideo,86280,86530,86405,0
testvideo,86320,86570,86445,0
testvideo,86360,86610,86485,0
testvideo,86400,86650,86525,0
testvideo,86440,86690,86565,0
testvideo,86480,86730,86605,0
testvideo,86520,86770,86645,0
testvideo,86560,86810,86685,0
testvideo,86600,86850,86725,0
testvideo,86640,86890,86765,1
testvideo,86680,86930,86805,1
testvideo,86720,86970,86845,1
testvideo,86760,87010,86885,1
testvideo,86800,87050,86925,1
testvideo,86840,87090,86965,1
testvideo,86880,87130,87005,1
testvideo,86920,87170,87045,1
testvideo,86960,87210,87085,1
testvideo,87000,87250,87125,1
testvideo,87040,87290,87165,1
testvideo,87080,87330,87205,1
testvideo,87120,87370,87245,1
testvideo,87160,87410,87285,1
testvideo,87200,87450,87325,1
testvideo,87240,87490,87365,1
testvideo,87280,87530,87405,1
testvideo,87320,87570,87445,1
testvideo,87360,87610,87485,1
testvideo,87400,87650,87525,1
testvideo,87440,87690,87565,1
testvideo,87480,87730,87605,1
testvideo,87520,87770,87645,1
testvideo,87560,87810,87685,1
testvideo,87600,87850,87725,2
testvideo,87640,87890,87765,2
testvideo,87680,87930,87805,2
testvideo,87720,87970,87845,2
testvideo,87760,88010,87885,2
testvideo,87800,88050,87925,2
testvideo,87840,88090,87965,2
testvideo,87880,88130,88005,2
testvideo,87920,88170,88045,2
testvideo,87960,88210,88085,2
testvideo,88000,88250,88125,2
testvideo,88040,88290,88165,3
testvideo,88080,88330,88205,3
testvideo,88120,88370,88245,3
testvideo,88160,88410,88285,3
testvideo,88200,88450,88325,3
testvideo,88240,88490,88365,3
testvideo,88280,88530,88405,3
testvideo,88320,88570,88445,3
testvideo,88360,88610,88485,3
testvideo,88400,88650,88525,3
testvideo,88440,88690,88565,0
testvideo,88480,88730,88605,0
testvideo,88520,88770,88645,0
testvideo,88560,88810,88685,0
testvideo,88600,88850,88725,0
testvideo,88640,88890,88765,0
testvideo,88680,88930,88805,0
testvideo,88720,88970,88845,0
testvideo,88760,89010,88885,0
testvideo,88800,89050,88925,0
testvideo,88840,89090,88965,0
testvideo,88880,89130,89005,0
testvideo,88920,89170,89045,0
testvideo,88960,89210,89085,0
testvideo,89000,89250,89125,0
testvideo,89040,89290,89165,0
testvideo,89080,89330,89205,0
testvideo,89120,89370,89245,0
testvideo,89160,89410,89285,0
testvideo,89200,89450,89325,0
testvideo,89240,89490,89365,0
testvideo,89280,89530,89405,0
testvideo,89320,89570,89445,0
testvideo,89360,89610,89485,0
testvideo,89400,89650,89525,0
testvideo,89440,89690,89565,0
testvideo,89480,89730,89605,0
testvideo,89520,89770,89645,0
testvideo,89560,89810,89685,0
testvideo,89600,89850,89725,0
testvideo,89640,89890,89765,0
testvideo,89680,89930,89805,0
testvideo,89720,89970,89845,0
testvideo,89760,90010,89885,0
testvideo,89800,90050,89925,0
testvideo,89840,90090,89965,0
testvideo,89880,90130,90005,0
testvideo,89920,90170,90045,0
testvideo,89960,90210,90085,0
testvideo,90000,90250,90125,0
testvideo,90040,90290,90165,0
testvideo,90080,90330,90205,0
testvideo,90120,90370,90245,0
testvideo,90160,90410,90285,0
testvideo,90200,90450,90325,0
testvideo,90240,90490,90365,0
testvideo,90280,90530,90405,0
testvideo,90320,90570,90445,0
testvideo,90360,90610,90485,1
testvideo,90400,90650,90525,1
testvideo,90440,90690,90565,1
testvideo,90480,90730,90605,1
testvideo,90520,90770,90645,1
testvideo,90560,90810,90685,1
testvideo,90600,90850,90725,1
testvideo,90640,90890,90765,1
testvideo,90680,90930,90805,1
testvideo,90720,90970,90845,1
testvideo,90760,91010,90885,1
testvideo,90800,91050,90925,1
testvideo,90840,91090,90965,1
testvideo,90880,91130,91005,1
testvideo,90920,91170,91045,1
testvideo,90960,91210,91085,0
testvideo,91000,91250,91125,0
testvideo,91040,91290,91165,0
testvideo,91080,91330,91205,0
testvideo,91120,91370,91245,0
testvideo,91160,91410,91285,0
testvideo,91200,91450,91325,0
testvideo,91240,91490,91365,0
testvideo,91280,91530,91405,0
testvideo,91320,91570,91445,0
testvideo,91360,91610,91485,0
testvideo,91400,91650,91525,0
testvideo,91440,91690,91565,0
testvideo,91480,91730,91605,0
testvideo,91520,91770,91645,0
testvideo,91560,91810,91685,0
testvideo,91600,91850,91725,0
testvideo,91640,91890,91765,0
testvideo,91680,91930,91805,0
testvideo,91720,91970,91845,0
testvideo,91760,92010,91885,0
testvideo,91800,92050,91925,0
testvideo,91840,92090,91965,0
testvideo,91880,92130,92005,0
testvideo,91920,92170,92045,0
testvideo,91960,92210,92085,0
testvideo,92000,92250,92125,0
testvideo,92040,92290,92165,0
testvideo,92080,92330,92205,0
testvideo,92120,92370,92245,0
testvideo,92160,92410,92285,0
testvideo,92200,92450,92325,0
testvideo,92240,92490,92365,0
testvideo,92280,92530,92405,0
testvideo,92320,92570,92445,0
testvideo,92360,92610,92485,0
testvideo,92400,92650,92525,0
testvideo,92440,92690,92565,0
testvideo,92480,92730,92605,0
testvideo,92520,92770,92645,0
testvideo,92560,92810,92685,0
testvideo,92600,92850,92725,0
testvideo,92640,92890,92765,0
testvideo,92680,92930,92805,0
testvideo,92720,92970,92845,0
testvideo,92760,93010,92885,0
testvideo,92800,93050,92925,0
testvideo,92840,93090,92965,0
testvideo,92880,93130,93005,0
testvideo,92920,93170,93045,0
testvideo,92960,93210,93085,0
testvideo,93000,93250,93125,0
testvideo,93040,93290,93165,0
testvideo,93080,93330,93205,0
testvideo,93120,93370,93245,0
testvideo,93160,93410,93285,0
testvideo,93200,93450,93325,0
testvideo,93240,93490,93365,0
testvideo,93280,93530,93405,0
testvideo,93320,93570,93445,0
testvideo,93360,93610,93485,0
testvideo,93400,93650,93525,1
testvideo,93440,93690,93565,1
testvideo,93480,93730,93605,1
testvideo,93520,93770,93645,1
testvideo,93560,93810,93685,1
testvideo,93600,93850,93725,1
testvideo,93640,93890,93765,1
testvideo,93680,93930,93805,1
testvideo,93720,93970,93845,1
testvideo,93760,94010,93885,1
testvideo,93800,94050,93925,1
testvideo,93840,94090,93965,1
testvideo,93880,94130,94005,1
testvideo,93920,94170,94045,1
testvideo,93960,94210,94085,1
testvideo,94000,94250,94125,1
testvideo,94040,94290,94165,1
testvideo,94080,94330,94205,1
testvideo,94120,94370,94245,1
testvideo,94160,94410,94285,1
testvideo,94200,94450,94325,1
testvideo,94240,94490,94365,1
testvideo,94280,94530,94405,1
testvideo,94320,94570,94445,1
testvideo,94360,94610,94485,1
testvideo,94400,94650,94525,1
testvideo,94440,94690,94565,1
testvideo,94480,94730,94605,1
testvideo,94520,94770,94645,1
testvideo,94560,94810,94685,0
testvideo,94600,94850,94725,0
testvideo,94640,94890,94765,0
testvideo,94680,94930,94805,0
testvideo,94720,94970,94845,0
testvideo,94760,95010,94885,0
testvideo,94800,95050,94925,0
testvideo,94840,95090,94965,0
testvideo,94880,95130,95005,0
testvideo,94920,95170,95045,0
testvideo,94960,95210,95085,0
testvideo,95000,95250,95125,0
testvideo,95040,95290,95165,0
testvideo,95080,95330,95205,0
testvideo,95120,95370,95245,0
testvideo,95160,95410,95285,0
testvideo,95200,95450,95325,0
testvideo,95240,95490,95365,0
testvideo,95280,95530,95405,0
testvideo,95320,95570,95445,0
testvideo,95360,95610,95485,0
testvideo,95400,95650,95525,0
testvideo,95440,95690,95565,0
testvideo,95480,95730,95605,0
testvideo,95520,95770,95645,0
testvideo,95560,95810,95685,0
testvideo,95600,95850,95725,0
testvideo,95640,95890,95765,0
testvideo,95680,95930,95805,0
testvideo,95720,95970,95845,0
testvideo,95760,96010,95885,0
testvideo,95800,96050,95925,0
testvideo,95840,96090,95965,0
testvideo,95880,96130,96005,0
testvideo,95920,96170,96045,0
testvideo,95960,96210,96085,0
testvideo,96000,96250,96125,0
testvideo,96040,96290,96165,0
testvideo,96080,96330,96205,0
testvideo,96120,96370,96245,0
testvideo,96160,96410,96285,0
testvideo,96200,96450,96325,0
testvideo,96240,96490,96365,0
testvideo,96280,96530,96405,0
testvideo,96320,96570,96445,0
testvideo,96360,96610,96485,0
testvideo,96400,96650,96525,0
testvideo,96440,96690,96565,0
testvideo,96480,96730,96605,0
testvideo,96520,96770,96645,0
testvideo,96560,96810,96685,0
testvideo,96600,96850,96725,0
testvideo,96640,96890,96765,0
testvideo,96680,96930,96805,0
testvideo,96720,96970,96845,0
testvideo,96760,97010,96885,0
testvideo,96800,97050,96925,0
testvideo,96840,97090,96965,0
testvideo,96880,97130,97005,0
testvideo,96920,97170,97045,0
testvideo,96960,97210,97085,0
testvideo,97000,97250,97125,0
testvideo,97040,97290,97165,0
testvideo,97080,97330,97205,0
testvideo,97120,97370,97245,0
testvideo,97160,97410,97285,0
testvideo,97200,97450,97325,0
testvideo,97240,97490,97365,0
testvideo,97280,97530,97405,0
testvideo,97320,97570,97445,0
testvideo,97360,97610,97485,0
testvideo,97400,97650,97525,0
testvideo,97440,97690,97565,0
testvideo,97480,97730,97605,0
testvideo,97520,97770,97645,0
testvideo,97560,97810,97685,0
testvideo,97600,97850,97725,0
testvideo,97640,97890,97765,1
testvideo,97680,97930,97805,1
testvideo,97720,97970,97845,1
testvideo,97760,98010,97885,1
testvideo,97800,98050,97925,1
testvideo,97840,98090,97965,1
testvideo,97880,98130,98005,1
testvideo,97920,98170,98045,1
testvideo,97960,98210,98085,1
testvideo,98000,98250,98125,1
testvideo,98040,98290,98165,1
testvideo,98080,98330,98205,0
testvideo,98120,98370,98245,0
testvideo,98160,98410,98285,0
testvideo,98200,98450,98325,0
testvideo,98240,98490,98365,0
testvideo,98280,98530,98405,0
testvideo,98320,98570,98445,0
testvideo,98360,98610,98485,0
testvideo,98400,98650,98525,0
testvideo,98440,98690,98565,0
testvideo,98480,98730,98605,0
testvideo,98520,98770,98645,0
testvideo,98560,98810,98685,0
testvideo,98600,98850,98725,0
testvideo,98640,98890,98765,0
testvideo,98680,98930,98805,0
testvideo,98720,98970,98845,0
testvideo,98760,99010,98885,0
testvideo,98800,99050,98925,0
testvideo,98840,99090,98965,0
testvideo,98880,99130,99005,0
testvideo,98920,99170,99045,0
testvideo,98960,99210,99085,0
testvideo,99000,99250,99125,0
testvideo,99040,99290,99165,0
testvideo,99080,99330,99205,0
testvideo,99120,99370,99245,0
testvideo,99160,99410,99285,0
testvideo,99200,99450,99325,0
testvideo,99240,99490,99365,0
testvideo,99280,99530,99405,0
testvideo,99320,99570,99445,0
testvideo,99360,99610,99485,0
testvideo,99400,99650,99525,0
testvideo,99440,99690,99565,0
testvideo,99480,99730,99605,0
testvideo,99520,99770,99645,0
testvideo,99560,99810,99685,0
testvideo,99600,99850,99725,0
testvideo,99640,99890,99765,0
testvideo,99680,99930,99805,0
testvideo,99720,99970,99845,0
testvideo,99760,100010,99885,0
testvideo,99800,100050,99925,0
testvideo,99840,100090,99965,0
testvideo,99880,100130,100005,0
testvideo,99920,100170,100045,0
testvideo,99960,100210,100085,0
testvideo,100000,100250,100125,0
testvideo,100040,100290,100165,0
testvideo,100080,100330,100205,0
testvideo,100120,100370,100245,0
testvideo,100160,100410,100285,0
testvideo,100200,100450,100325,0
testvideo,100240,100490,100365,0
testvideo,100280,100530,100405,0
testvideo,100320,100570,100445,0
testvideo,100360,100610,100485,0
testvideo,100400,100650,100525,0
testvideo,100440,100690,100565,0
testvideo,100480,100730,100605,0
testvideo,100520,100770,100645,0
testvideo,100560,100810,100685,0
testvideo,100600,100850,100725,0
testvideo,100640,100890,100765,0
testvideo,100680,100930,100805,0
testvideo,100720,100970,100845,0
testvideo,100760,101010,100885,0
testvideo,100800,101050,100925,0
testvideo,100840,101090,100965,0
testvideo,100880,101130,101005,0
testvideo,100920,101170,101045,1
testvideo,100960,101210,101085,1
testvideo,101000,101250,101125,1
testvideo,101040,101290,101165,1
testvideo,101080,101330,101205,1
testvideo,101120,101370,101245,1
testvideo,101160,101410,101285,1
testvideo,101200,101450,101325,1
testvideo,101240,101490,101365,1
testvideo,101280,101530,101405,1
testvideo,101320,101570,101445,1
testvideo,101360,101610,101485,2
testvideo,101400,101650,101525,2
testvideo,101440,101690,101565,2
testvideo,101480,101730,101605,2
testvideo,101520,101770,101645,2
testvideo,101560,101810,101685,2
testvideo,101600,101850,101725,2
testvideo,101640,101890,101765,2
testvideo,101680,101930,101805,2
testvideo,101720,101970,101845,2
testvideo,101760,102010,101885,2
testvideo,101800,102050,101925,2
testvideo,101840,102090,101965,2
testvideo,101880,102130,102005,2
testvideo,101920,102170,102045,2
testvideo,101960,102210,102085,2
testvideo,102000,102250,102125,0
testvideo,102040,102290,102165,0
testvideo,102080,102330,102205,0
testvideo,102120,102370,102245,0
testvideo,102160,102410,102285,0
testvideo,102200,102450,102325,0
testvideo,102240,102490,102365,0
testvideo,102280,102530,102405,0
testvideo,102320,102570,102445,0
testvideo,102360,102610,102485,0
testvideo,102400,102650,102525,0
testvideo,102440,102690,102565,0
testvideo,102480,102730,102605,0
testvideo,102520,102770,102645,0
testvideo,102560,102810,102685,0
testvideo,102600,102850,102725,0
testvideo,102640,102890,102765,0
testvideo,102680,102930,102805,0
testvideo,102720,102970,102845,0
testvideo,102760,103010,102885,0
testvideo,102800,103050,102925,0
testvideo,102840,103090,102965,0
testvideo,102880,103130,103005,0
testvideo,102920,103170,103045,0
testvideo,102960,103210,103085,0
testvideo,103000,103250,103125,0
testvideo,103040,103290,103165,0
testvideo,103080,103330,103205,0
testvideo,103120,103370,103245,0
testvideo,103160,103410,103285,0
testvideo,103200,103450,103325,0
testvideo,103240,103490,103365,0
testvideo,103280,103530,103405,0
testvideo,103320,103570,103445,0
testvideo,103360,103610,103485,0
testvideo,103400,103650,103525,0
testvideo,103440,103690,103565,0
testvideo,103480,103730,103605,0
testvideo,103520,103770,103645,0
testvideo,103560,103810,103685,0
testvideo,103600,103850,103725,0
testvideo,103640,103890,103765,0
testvideo,103680,103930,103805,0
testvideo,103720,103970,103845,0
testvideo,103760,104010,103885,0
testvideo,103800,104050,103925,0
testvideo,103840,104090,103965,0
testvideo,103880,104130,104005,0
testvideo,103920,104170,104045,0
testvideo,103960,104210,104085,0
testvideo,104000,104250,104125,0
testvideo,104040,104290,104165,0
testvideo,104080,104330,104205,0
testvideo,104120,104370,104245,0
testvideo,104160,104410,104285,0
testvideo,104200,104450,104325,0
testvideo,104240,104490,104365,0
testvideo,104280,104530,104405,0
testvideo,104320,104570,104445,0
testvideo,104360,104610,104485,0
testvideo,104400,104650,104525,0
testvideo,104440,104690,104565,0
testvideo,104480,104730,104605,0
testvideo,104520,104770,104645,0
testvideo,104560,104810,104685,0
testvideo,104600,104850,104725,0
testvideo,104640,104890,104765,0
testvideo,104680,104930,104805,0
testvideo,104720,104970,104845,0
testvideo,104760,105010,104885,0
testvideo,104800,105050,104925,0
testvideo,104840,105090,104965,0
testvideo,104880,105130,105005,0
testvideo,104920,105170,105045,0
testvideo,104960,105210,105085,0
testvideo,105000,105250,105125,0
testvideo,105040,105290,105165,0
testvideo,105080,105330,105205,0
testvideo,105120,105370,105245,0
testvideo,105160,105410,105285,0
testvideo,105200,105450,105325,0
testvideo,105240,105490,105365,0
testvideo,105280,105530,105405,0
testvideo,105320,105570,105445,0
testvideo,105360,105610,105485,0
testvideo,105400,105650,105525,0
testvideo,105440,105690,105565,0
testvideo,105480,105730,105605,0
testvideo,105520,105770,105645,0
testvideo,105560,105810,105685,0
testvideo,105600,105850,105725,0
testvideo,105640,105890,105765,0
testvideo,105680,105930,105805,0
testvideo,105720,105970,105845,0
testvideo,105760,106010,105885,0
testvideo,105800,106050,105925,0
testvideo,105840,106090,105965,0
testvideo,105880,106130,106005,0
testvideo,105920,106170,106045,0
testvideo,105960,106210,106085,0
testvideo,106000,106250,106125,0
testvideo,106040,106290,106165,0
testvideo,106080,106330,106205,0
testvideo,106120,106370,106245,0
testvideo,106160,106410,106285,0
testvideo,106200,106450,106325,0
testvideo,106240,106490,106365,0
testvideo,106280,106530,106405,0
testvideo,106320,106570,106445,0
testvideo,106360,106610,106485,0
testvideo,106400,106650,106525,0
testvideo,106440,106690,106565,0
testvideo,106480,106730,106605,0
testvideo,106520,106770,106645,0
testvideo,106560,106810,106685,0
testvideo,106600,106850,106725,0
testvideo,106640,106890,106765,0
testvideo,106680,106930,106805,0
testvideo,106720,106970,106845,0
testvideo,106760,107010,106885,0
testvideo,106800,107050,106925,0
testvideo,106840,107090,106965,0
testvideo,106880,107130,107005,0
testvideo,106920,107170,107045,0
testvideo,106960,107210,107085,0
testvideo,107000,107250,107125,0
testvideo,107040,107290,107165,0
testvideo,107080,107330,107205,0
testvideo,107120,107370,107245,0
testvideo,107160,107410,107285,0
testvideo,107200,107450,107325,0
testvideo,107240,107490,107365,0
testvideo,107280,107530,107405,0
testvideo,107320,107570,107445,0
testvideo,107360,107610,107485,0
testvideo,107400,107650,107525,0
testvideo,107440,107690,107565,0
testvideo,107480,107730,107605,0
testvideo,107520,107770,107645,0
testvideo,107560,107810,107685,0
testvideo,107600,107850,107725,0
testvideo,107640,107890,107765,0
testvideo,107680,107930,107805,0
testvideo,107720,107970,107845,0
testvideo,107760,108010,107885,0
testvideo,107800,108050,107925,0
testvideo,107840,108090,107965,0
testvideo,107880,108130,108005,0
testvideo,107920,108170,108045,0
testvideo,107960,108210,108085,0
testvideo,108000,108250,108125,0
testvideo,108040,108290,108165,0
testvideo,108080,108330,108205,0
testvideo,108120,108370,108245,0
testvideo,108160,108410,108285,0
testvideo,108200,108450,108325,0
testvideo,108240,108490,108365,0
testvideo,108280,108530,108405,0
testvideo,108320,108570,108445,0
testvideo,108360,108610,108485,0
testvideo,108400,108650,108525,0
testvideo,108440,108690,108565,0
testvideo,108480,108730,108605,0
testvideo,108520,108770,108645,0
testvideo,108560,108810,108685,0
testvideo,108600,108850,108725,0
testvideo,108640,108890,108765,0
testvideo,108680,108930,108805,0
testvideo,108720,108970,108845,0
testvideo,108760,109010,108885,0
testvideo,108800,109050,108925,0
testvideo,108840,109090,108965,0
testvideo,108880,109130,109005,0
testvideo,108920,109170,109045,0
testvideo,108960,109210,109085,0
testvideo,109000,109250,109125,0
testvideo,109040,109290,109165,0
testvideo,109080,109330,109205,0
testvideo,109120,109370,109245,0
testvideo,109160,109410,109285,0
testvideo,109200,109450,109325,0
testvideo,109240,109490,109365,0
testvideo,109280,109530,109405,0
testvideo,109320,109570,109445,0
testvideo,109360,109610,109485,0
testvideo,109400,109650,109525,0
testvideo,109440,109690,109565,0
testvideo,109480,109730,109605,0
testvideo,109520,109770,109645,0
testvideo,109560,109810,109685,0
testvideo,109600,109850,109725,0
testvideo,109640,109890,109765,0
testvideo,109680,109930,109805,0
testvideo,109720,109970,109845,0
testvideo,109760,110010,109885,0
testvideo,109800,110050,109925,0
testvideo,109840,110090,109965,0
testvideo,109880,110130,110005,0
testvideo,109920,110170,110045,0
testvideo,109960,110210,110085,0
testvideo,110000,110250,110125,0
testvideo,110040,110290,110165,0
testvideo,110080,110330,110205,0
testvideo,110120,110370,110245,0
testvideo,110160,110410,110285,0
testvideo,110200,110450,110325,0
testvideo,110240,110490,110365,0
testvideo,110280,110530,110405,0
testvideo,110320,110570,110445,0
testvideo,110360,110610,110485,0
testvideo,110400,110650,110525,0
testvideo,110440,110690,110565,0
testvideo,110480,110730,110605,0
testvideo,110520,110770,110645,0
testvideo,110560,110810,110685,0
testvideo,110600,110850,110725,0
testvideo,110640,110890,110765,0
testvideo,110680,110930,110805,0
testvideo,110720,110970,110845,0
testvideo,110760,111010,110885,0
testvideo,110800,111050,110925,0
testvideo,110840,111090,110965,0
testvideo,110880,111130,111005,0
testvideo,110920,111170,111045,0
testvideo,110960,111210,111085,0
testvideo,111000,111250,111125,0
testvideo,111040,111290,111165,0
testvideo,111080,111330,111205,0
testvideo,111120,111370,111245,0
testvideo,111160,111410,111285,0
testvideo,111200,111450,111325,0
testvideo,111240,111490,111365,0
testvideo,111280,111530,111405,0
testvideo,111320,111570,111445,0
testvideo,111360,111610,111485,0
testvideo,111400,111650,111525,0
testvideo,111440,111690,111565,0
testvideo,111480,111730,111605,0
testvideo,111520,111770,111645,0
testvideo,111560,111810,111685,0
testvideo,111600,111850,111725,0
testvideo,111640,111890,111765,0
testvideo,111680,111930,111805,1
testvideo,111720,111970,111845,1
testvideo,111760,112010,111885,1
testvideo,111800,112050,111925,1
testvideo,111840,112090,111965,1
testvideo,111880,112130,112005,1
testvideo,111920,112170,112045,1
testvideo,111960,112210,112085,1
testvideo,112000,112250,112125,1
testvideo,112040,112290,112165,1
testvideo,112080,112330,112205,1
testvideo,112120,112370,112245,1
testvideo,112160,112410,112285,1
testvideo,112200,112450,112325,1
testvideo,112240,112490,112365,1
testvideo,112280,112530,112405,1
testvideo,112320,112570,112445,1
testvideo,112360,112610,112485,1
testvideo,112400,112650,112525,0
testvideo,112440,112690,112565,0
testvideo,112480,112730,112605,0
testvideo,112520,112770,112645,0
testvideo,112560,112810,112685,0
testvideo,112600,112850,112725,0
testvideo,112640,112890,112765,0
testvideo,112680,112930,112805,0
testvideo,112720,112970,112845,0
testvideo,112760,113010,112885,0
testvideo,112800,113050,112925,0
testvideo,112840,113090,112965,0
testvideo,112880,113130,113005,0
testvideo,112920,113170,113045,0
testvideo,112960,113210,113085,0
testvideo,113000,113250,113125,0
testvideo,113040,113290,113165,0
testvideo,113080,113330,113205,0
testvideo,113120,113370,113245,0
testvideo,113160,113410,113285,0
testvideo,113200,113450,113325,0
testvideo,113240,113490,113365,0
testvideo,113280,113530,113405,0
testvideo,113320,113570,113445,0
testvideo,113360,113610,113485,0
testvideo,113400,113650,113525,0
testvideo,113440,113690,113565,0
testvideo,113480,113730,113605,0
testvideo,113520,113770,113645,0
testvideo,113560,113810,113685,0
testvideo,113600,113850,113725,0
testvideo,113640,113890,113765,0
testvideo,113680,113930,113805,0
testvideo,113720,113970,113845,0
testvideo,113760,114010,113885,0
testvideo,113800,114050,113925,0
testvideo,113840,114090,113965,0
testvideo,113880,114130,114005,0
testvideo,113920,114170,114045,0
testvideo,113960,114210,114085,0
testvideo,114000,114250,114125,0
testvideo,114040,114290,114165,0
testvideo,114080,114330,114205,0
testvideo,114120,114370,114245,0
testvideo,114160,114410,114285,0
testvideo,114200,114450,114325,0
testvideo,114240,114490,114365,1
testvideo,114280,114530,114405,1
testvideo,114320,114570,114445,1
testvideo,114360,114610,114485,1
testvideo,114400,114650,114525,1
testvideo,114440,114690,114565,1
testvideo,114480,114730,114605,1
testvideo,114520,114770,114645,1
testvideo,114560,114810,114685,1
testvideo,114600,114850,114725,1
testvideo,114640,114890,114765,1
testvideo,114680,114930,114805,1
testvideo,114720,114970,114845,1
testvideo,114760,115010,114885,1
testvideo,114800,115050,114925,1
testvideo,114840,115090,114965,1
testvideo,114880,115130,115005,1
testvideo,114920,115170,115045,1
testvideo,114960,115210,115085,1
testvideo,115000,115250,115125,1
testvideo,115040,115290,115165,1
testvideo,115080,115330,115205,1
testvideo,115120,115370,115245,1
testvideo,115160,115410,115285,0
testvideo,115200,115450,115325,0
testvideo,115240,115490,115365,0
testvideo,115280,115530,115405,0
testvideo,115320,115570,115445,0
testvideo,115360,115610,115485,0
testvideo,115400,115650,115525,0
testvideo,115440,115690,115565,0
testvideo,115480,115730,115605,0
testvideo,115520,115770,115645,0
testvideo,115560,115810,115685,0
testvideo,115600,115850,115725,0
testvideo,115640,115890,115765,0
testvideo,115680,115930,115805,0
testvideo,115720,115970,115845,0
testvideo,115760,116010,115885,0
testvideo,115800,116050,115925,0
testvideo,115840,116090,115965,0
testvideo,115880,116130,116005,0
testvideo,115920,116170,116045,0
testvideo,115960,116210,116085,0
testvideo,116000,116250,116125,0
testvideo,116040,116290,116165,0
testvideo,116080,116330,116205,0
testvideo,116120,116370,116245,0
testvideo,116160,116410,116285,0
testvideo,116200,116450,116325,0
testvideo,116240,116490,116365,0
testvideo,116280,116530,116405,0
testvideo,116320,116570,116445,0
testvideo,116360,116610,116485,0
testvideo,116400,116650,116525,0
testvideo,116440,116690,116565,0
testvideo,116480,116730,116605,0
testvideo,116520,116770,116645,0
testvideo,116560,116810,116685,0
testvideo,116600,116850,116725,0
testvideo,116640,116890,116765,1
testvideo,116680,116930,116805,1
testvideo,116720,116970,116845,1
testvideo,116760,117010,116885,1
testvideo,116800,117050,116925,1
testvideo,116840,117090,116965,1
testvideo,116880,117130,117005,1
testvideo,116920,117170,117045,1
testvideo,116960,117210,117085,1
testvideo,117000,117250,117125,1
testvideo,117040,117290,117165,1
testvideo,117080,117330,117205,1
testvideo,117120,117370,117245,1
testvideo,117160,117410,117285,2
testvideo,117200,117450,117325,2
testvideo,117240,117490,117365,2
testvideo,117280,117530,117405,2
testvideo,117320,117570,117445,2
testvideo,117360,117610,117485,2
testvideo,117400,117650,117525,2
testvideo,117440,117690,117565,2
testvideo,117480,117730,117605,2
testvideo,117520,117770,117645,2
testvideo,117560,117810,117685,2
testvideo,117600,117850,117725,2
testvideo,117640,117890,117765,2
testvideo,117680,117930,117805,2
testvideo,117720,117970,117845,2
testvideo,117760,118010,117885,2
testvideo,117800,118050,117925,2
testvideo,117840,118090,117965,2
testvideo,117880,118130,118005,2
testvideo,117920,118170,118045,0
testvideo,117960,118210,118085,0
testvideo,118000,118250,118125,0
testvideo,118040,118290,118165,0
testvideo,118080,118330,118205,0
testvideo,118120,118370,118245,0
testvideo,118160,118410,118285,0
testvideo,118200,118450,118325,0
testvideo,118240,118490,118365,0
testvideo,118280,118530,118405,0
testvideo,118320,118570,118445,0
testvideo,118360,118610,118485,0
testvideo,118400,118650,118525,0
testvideo,118440,118690,118565,0
testvideo,118480,118730,118605,0
testvideo,118520,118770,118645,0
testvideo,118560,118810,118685,0
testvideo,118600,118850,118725,0
testvideo,118640,118890,118765,0
testvideo,118680,118930,118805,0
testvideo,118720,118970,118845,0
testvideo,118760,119010,118885,0
testvideo,118800,119050,118925,0
testvideo,118840,119090,118965,0
testvideo,118880,119130,119005,0
testvideo,118920,119170,119045,0
testvideo,118960,119210,119085,0
testvideo,119000,119250,119125,0
testvideo,119040,119290,119165,0
testvideo,119080,119330,119205,0
testvideo,119120,119370,119245,0
testvideo,119160,119410,119285,0
testvideo,119200,119450,119325,0
testvideo,119240,119490,119365,0
testvideo,119280,119530,119405,0
testvideo,119320,119570,119445,0
testvideo,119360,119610,119485,0
testvideo,119400,119650,119525,0
testvideo,119440,119690,119565,0
testvideo,119480,119730,119605,0
testvideo,119520,119770,119645,0
testvideo,119560,119810,119685,0
testvideo,119600,119850,119725,0
testvideo,119640,119890,119765,0
testvideo,119680,119930,119805,1
testvideo,119720,119970,119845,1
testvideo,119760,120010,119885,1
testvideo,119800,120050,119925,1
testvideo,119840,120090,119965,1
testvideo,119880,120130,120005,1
testvideo,119920,120170,120045,1
testvideo,119960,120210,120085,1
testvideo,120000,120250,120125,1
testvideo,120040,120290,120165,1
testvideo,120080,120330,120205,1
testvideo,120120,120370,120245,1
testvideo,120160,120410,120285,1
testvideo,120200,120450,120325,1
testvideo,120240,120490,120365,1
testvideo,120280,120530,120405,1
testvideo,120320,120570,120445,1
testvideo,120360,120610,120485,2
testvideo,120400,120650,120525,2
testvideo,120440,120690,120565,2
testvideo,120480,120730,120605,2
testvideo,120520,120770,120645,2
testvideo,120560,120810,120685,2
testvideo,120600,120850,120725,2
testvideo,120640,120890,120765,0
testvideo,120680,120930,120805,0
testvideo,120720,120970,120845,0
testvideo,120760,121010,120885,0
testvideo,120800,121050,120925,0
testvideo,120840,121090,120965,0
testvideo,120880,121130,121005,0
testvideo,120920,121170,121045,0
testvideo,120960,121210,121085,0
testvideo,121000,121250,121125,0
testvideo,121040,121290,121165,0
testvideo,121080,121330,121205,0
testvideo,121120,121370,121245,0
testvideo,121160,121410,121285,0
testvideo,121200,121450,121325,0
testvideo,121240,121490,121365,0
testvideo,121280,121530,121405,0
testvideo,121320,121570,121445,0
testvideo,121360,121610,121485,0
testvideo,121400,121650,121525,0
testvideo,121440,121690,121565,0
testvideo,121480,121730,121605,0
testvideo,121520,121770,121645,0
testvideo,121560,121810,121685,0
testvideo,121600,121850,121725,0
testvideo,121640,121890,121765,0
testvideo,121680,121930,121805,0
testvideo,121720,121970,121845,0
testvideo,121760,122010,121885,0
testvideo,121800,122050,121925,0
testvideo,121840,122090,121965,0
testvideo,121880,122130,122005,0
testvideo,121920,122170,122045,0
testvideo,121960,122210,122085,0
testvideo,122000,122250,122125,0
testvideo,122040,122290,122165,0
testvideo,122080,122330,122205,0
testvideo,122120,122370,122245,0
testvideo,122160,122410,122285,0
testvideo,122200,122450,122325,0
testvideo,122240,122490,122365,0
testvideo,122280,122530,122405,0
testvideo,122320,122570,122445,0
testvideo,122360,122610,122485,0
testvideo,122400,122650,122525,0
testvideo,122440,122690,122565,0
testvideo,122480,122730,122605,0
testvideo,122520,122770,122645,0
testvideo,122560,122810,122685,0
testvideo,122600,122850,122725,0
testvideo,122640,122890,122765,0
testvideo,122680,122930,122805,0
testvideo,122720,122970,122845,0
testvideo,122760,123010,122885,0
testvideo,122800,123050,122925,0
testvideo,122840,123090,122965,0
testvideo,122880,123130,123005,0
testvideo,122920,123170,123045,0
testvideo,122960,123210,123085,0
testvideo,123000,123250,123125,0
testvideo,123040,123290,123165,0
testvideo,123080,123330,123205,0
testvideo,123120,123370,123245,0
testvideo,123160,123410,123285,0
testvideo,123200,123450,123325,0
testvideo,123240,123490,123365,0
testvideo,123280,123530,123405,1
testvideo,123320,123570,123445,1
testvideo,123360,123610,123485,1
testvideo,123400,123650,123525,1
testvideo,123440,123690,123565,1
testvideo,123480,123730,123605,1
testvideo,123520,123770,123645,1
testvideo,123560,123810,123685,1
testvideo,123600,123850,123725,1
testvideo,123640,123890,123765,2
testvideo,123680,123930,123805,2
testvideo,123720,123970,123845,2
testvideo,123760,124010,123885,2
testvideo,123800,124050,123925,2
testvideo,123840,124090,123965,2
testvideo,123880,124130,124005,2
testvideo,123920,124170,124045,2
testvideo,123960,124210,124085,2
testvideo,124000,124250,124125,2
testvideo,124040,124290,124165,2
testvideo,124080,124330,124205,2
testvideo,124120,124370,124245,2
testvideo,124160,124410,124285,2
testvideo,124200,124450,124325,3
testvideo,124240,124490,124365,3
testvideo,124280,124530,124405,3
testvideo,124320,124570,124445,3
testvideo,124360,124610,124485,3
testvideo,124400,124650,124525,3
testvideo,124440,124690,124565,3
testvideo,124480,124730,124605,3
testvideo,124520,124770,124645,3
testvideo,124560,124810,124685,3
testvideo,124600,124850,124725,3
testvideo,124640,124890,124765,3
testvideo,124680,124930,124805,3
testvideo,124720,124970,124845,3
testvideo,124760,125010,124885,3
testvideo,124800,125050,124925,3
testvideo,124840,125090,124965,3
testvideo,124880,125130,125005,3
testvideo,124920,125170,125045,3
testvideo,124960,125210,125085,3
testvideo,125000,125250,125125,3
testvideo,125040,125290,125165,3
testvideo,125080,125330,125205,3
testvideo,125120,125370,125245,3
testvideo,125160,125410,125285,3
testvideo,125200,125450,125325,3
testvideo,125240,125490,125365,3
testvideo,125280,125530,125405,3
testvideo,125320,125570,125445,3
testvideo,125360,125610,125485,3
testvideo,125400,125650,125525,3
testvideo,125440,125690,125565,3
testvideo,125480,125730,125605,3
testvideo,125520,125770,125645,3
testvideo,125560,125810,125685,3
testvideo,125600,125850,125725,3
testvideo,125640,125890,125765,3
testvideo,125680,125930,125805,3
testvideo,125720,125970,125845,3
testvideo,125760,126010,125885,3
testvideo,125800,126050,125925,0
testvideo,125840,126090,125965,0
testvideo,125880,126130,126005,0
testvideo,125920,126170,126045,0
testvideo,125960,126210,126085,0
testvideo,126000,126250,126125,0
testvideo,126040,126290,126165,0
testvideo,126080,126330,126205,0
testvideo,126120,126370,126245,0
testvideo,126160,126410,126285,0
testvideo,126200,126450,126325,0
testvideo,126240,126490,126365,0
testvideo,126280,126530,126405,0
testvideo,126320,126570,126445,0
testvideo,126360,126610,126485,0
testvideo,126400,126650,126525,0
testvideo,126440,126690,126565,0
testvideo,126480,126730,126605,0
testvideo,126520,126770,126645,0
testvideo,126560,126810,126685,0
testvideo,126600,126850,126725,0
testvideo,126640,126890,126765,0
testvideo,126680,126930,126805,0
testvideo,126720,126970,126845,0
testvideo,126760,127010,126885,0
testvideo,126800,127050,126925,0
testvideo,126840,127090,126965,0
testvideo,126880,127130,127005,0
testvideo,126920,127170,127045,0
testvideo,126960,127210,127085,0
testvideo,127000,127250,127125,1
testvideo,127040,127290,127165,1
testvideo,127080,127330,127205,1
testvideo,127120,127370,127245,1
testvideo,127160,127410,127285,1
testvideo,127200,127450,127325,1
testvideo,127240,127490,127365,1
testvideo,127280,127530,127405,1
testvideo,127320,127570,127445,1
testvideo,127360,127610,127485,1
testvideo,127400,127650,127525,1
testvideo,127440,127690,127565,1
testvideo,127480,127730,127605,1
testvideo,127520,127770,127645,1
testvideo,127560,127810,127685,1
testvideo,127600,127850,127725,1
testvideo,127640,127890,127765,1
testvideo,127680,127930,127805,1
testvideo,127720,127970,127845,1
testvideo,127760,128010,127885,1
testvideo,127800,128050,127925,1
testvideo,127840,128090,127965,1
testvideo,127880,128130,128005,1
testvideo,127920,128170,128045,1
testvideo,127960,128210,128085,2
testvideo,128000,128250,128125,2
testvideo,128040,128290,128165,2
testvideo,128080,128330,128205,2
testvideo,128120,128370,128245,2
testvideo,128160,128410,128285,2
testvideo,128200,128450,128325,2
testvideo,128240,128490,128365,2
testvideo,128280,128530,128405,2
testvideo,128320,128570,128445,2
testvideo,128360,128610,128485,2
testvideo,128400,128650,128525,2
testvideo,128440,128690,128565,2
testvideo,128480,128730,128605,2
testvideo,128520,128770,128645,2
testvideo,128560,128810,128685,2
testvideo,128600,128850,128725,2
testvideo,128640,128890,128765,2
testvideo,128680,128930,128805,2
testvideo,128720,128970,128845,2
testvideo,128760,129010,128885,2
testvideo,128800,129050,128925,3
testvideo,128840,129090,128965,3
testvideo,128880,129130,129005,3
testvideo,128920,129170,129045,3
testvideo,128960,129210,129085,3
testvideo,129000,129250,129125,3
testvideo,129040,129290,129165,3
testvideo,129080,129330,129205,3
testvideo,129120,129370,129245,3
testvideo,129160,129410,129285,3
testvideo,129200,129450,129325,3
testvideo,129240,129490,129365,3
testvideo,129280,129530,129405,3
testvideo,129320,129570,129445,3
testvideo,129360,129610,129485,3
testvideo,129400,129650,129525,3
testvideo,129440,129690,129565,3
testvideo,129480,129730,129605,0
testvideo,129520,129770,129645,0
testvideo,129560,129810,129685,0
testvideo,129600,129850,129725,0
testvideo,129640,129890,129765,0
testvideo,129680,129930,129805,0
testvideo,129720,129970,129845,0
testvideo,129760,130010,129885,0
testvideo,129800,130050,129925,0
testvideo,129840,130090,129965,0
testvideo,129880,130130,130005,0
testvideo,129920,130170,130045,0
testvideo,129960,130210,130085,0
testvideo,130000,130250,130125,0
testvideo,130040,130290,130165,0
testvideo,130080,130330,130205,0
testvideo,130120,130370,130245,0
testvideo,130160,130410,130285,0
testvideo,130200,130450,130325,0
testvideo,130240,130490,130365,0
testvideo,130280,130530,130405,0
testvideo,130320,130570,130445,0
testvideo,130360,130610,130485,0
testvideo,130400,130650,130525,0
testvideo,130440,130690,130565,0
testvideo,130480,130730,130605,0
testvideo,130520,130770,130645,0
testvideo,130560,130810,130685,0
testvideo,130600,130850,130725,0
testvideo,130640,130890,130765,0
testvideo,130680,130930,130805,0
testvideo,130720,130970,130845,1
testvideo,130760,131010,130885,1
testvideo,130800,131050,130925,1
testvideo,130840,131090,130965,1
testvideo,130880,131130,131005,1
testvideo,130920,131170,131045,1
testvideo,130960,131210,131085,1
testvideo,131000,131250,131125,1
testvideo,131040,131290,131165,1
testvideo,131080,131330,131205,1
testvideo,131120,131370,131245,1
testvideo,131160,131410,131285,1
testvideo,131200,131450,131325,1
testvideo,131240,131490,131365,1
testvideo,131280,131530,131405,1
testvideo,131320,131570,131445,1
testvideo,131360,131610,131485,1
testvideo,131400,131650,131525,1
testvideo,131440,131690,131565,2
testvideo,131480,131730,131605,2
testvideo,131520,131770,131645,2
testvideo,131560,131810,131685,2
testvideo,131600,131850,131725,2
testvideo,131640,131890,131765,2
testvideo,131680,131930,131805,2
testvideo,131720,131970,131845,2
testvideo,131760,132010,131885,0
testvideo,131800,132050,131925,0
testvideo,131840,132090,131965,0
testvideo,131880,132130,132005,0
testvideo,131920,132170,132045,0
testvideo,131960,132210,132085,0
testvideo,132000,132250,132125,0
testvideo,132040,132290,132165,0
testvideo,132080,132330,132205,0
testvideo,132120,132370,132245,0
testvideo,132160,132410,132285,0
testvideo,132200,132450,132325,0
testvideo,132240,132490,132365,0
testvideo,132280,132530,132405,0
testvideo,132320,132570,132445,0
testvideo,132360,132610,132485,0
testvideo,132400,132650,132525,0
testvideo,132440,132690,132565,0
testvideo,132480,132730,132605,0
testvideo,132520,132770,132645,0
testvideo,132560,132810,132685,0
testvideo,132600,132850,132725,0
testvideo,132640,132890,132765,0
testvideo,132680,132930,132805,0
testvideo,132720,132970,132845,0
testvideo,132760,133010,132885,0
testvideo,132800,133050,132925,0
testvideo,132840,133090,132965,0
testvideo,132880,133130,133005,0
testvideo,132920,133170,133045,0
testvideo,132960,133210,133085,0
testvideo,133000,133250,133125,0
testvideo,133040,133290,133165,0
testvideo,133080,133330,133205,0
testvideo,133120,133370,133245,0
testvideo,133160,133410,133285,0
testvideo,133200,133450,133325,0
testvideo,133240,133490,133365,0
testvideo,133280,133530,133405,0
testvideo,133320,133570,133445,0
testvideo,133360,133610,133485,0
testvideo,133400,133650,133525,0
testvideo,133440,133690,133565,0
testvideo,133480,133730,133605,0
testvideo,133520,133770,133645,0
testvideo,133560,133810,133685,0
testvideo,133600,133850,133725,0
testvideo,133640,133890,133765,0
testvideo,133680,133930,133805,0
testvideo,133720,133970,133845,0
testvideo,133760,134010,133885,0
testvideo,133800,134050,133925,0
testvideo,133840,134090,133965,0
testvideo,133880,134130,134005,0
testvideo,133920,134170,134045,0
testvideo,133960,134210,134085,0
testvideo,134000,134250,134125,0
testvideo,134040,134290,134165,0
testvideo,134080,134330,134205,0
testvideo,134120,134370,134245,0
testvideo,134160,134410,134285,0
testvideo,134200,134450,134325,0
testvideo,134240,134490,134365,0
testvideo,134280,134530,134405,0
testvideo,134320,134570,134445,0
testvideo,134360,134610,134485,0
testvideo,134400,134650,134525,0
testvideo,134440,134690,134565,0
testvideo,134480,134730,134605,0
testvideo,134520,134770,134645,0
testvideo,134560,134810,134685,0
testvideo,134600,134850,134725,0
testvideo,134640,134890,134765,0
testvideo,134680,134930,134805,0
testvideo,134720,134970,134845,0
testvideo,134760,135010,134885,0
testvideo,134800,135050,134925,0
testvideo,134840,135090,134965,0
testvideo,134880,135130,135005,0
testvideo,134920,135170,135045,0
testvideo,134960,135210,135085,0
testvideo,135000,135250,135125,0
testvideo,135040,135290,135165,0
testvideo,135080,135330,135205,0
testvideo,135120,135370,135245,0
testvideo,135160,135410,135285,0
testvideo,135200,135450,135325,0
testvideo,135240,135490,135365,0
testvideo,135280,135530,135405,0
testvideo,135320,135570,135445,0
testvideo,135360,135610,135485,0
testvideo,135400,135650,135525,0
testvideo,135440,135690,135565,0
testvideo,135480,135730,135605,0
testvideo,135520,135770,135645,0
testvideo,135560,135810,135685,0
testvideo,135600,135850,135725,0
testvideo,135640,135890,135765,0
testvideo,135680,135930,135805,0
testvideo,135720,135970,135845,0
testvideo,135760,136010,135885,0
testvideo,135800,136050,135925,0
testvideo,135840,136090,135965,0
testvideo,135880,136130,136005,0
testvideo,135920,136170,136045,0
testvideo,135960,136210,136085,0
testvideo,136000,136250,136125,0
testvideo,136040,136290,136165,0
testvideo,136080,136330,136205,0
testvideo,136120,136370,136245,0
testvideo,136160,136410,136285,0
testvideo,136200,136450,136325,0
testvideo,136240,136490,136365,0
testvideo,136280,136530,136405,0
testvideo,136320,136570,136445,0
testvideo,136360,136610,136485,0
testvideo,136400,136650,136525,0
testvideo,136440,136690,136565,0
testvideo,136480,136730,136605,0
testvideo,136520,136770,136645,0
testvideo,136560,136810,136685,0
testvideo,136600,136850,136725,0
testvideo,136640,136890,136765,0
testvideo,136680,136930,136805,0
testvideo,136720,136970,136845,0
testvideo,136760,137010,136885,0
testvideo,136800,137050,136925,0
testvideo,136840,137090,136965,0
testvideo,136880,137130,137005,0
testvideo,136920,137170,137045,0
testvideo,136960,137210,137085,0
testvideo,137000,137250,137125,0
testvideo,137040,137290,137165,0
testvideo,137080,137330,137205,0
testvideo,137120,137370,137245,0
testvideo,137160,137410,137285,0
testvideo,137200,137450,137325,0
testvideo,137240,137490,137365,0
testvideo,137280,137530,137405,0
testvideo,137320,137570,137445,0
testvideo,137360,137610,137485,0
testvideo,137400,137650,137525,0
testvideo,137440,137690,137565,0
testvideo,137480,137730,137605,0
testvideo,137520,137770,137645,0
testvideo,137560,137810,137685,0
testvideo,137600,137850,137725,0
testvideo,137640,137890,137765,0
testvideo,137680,137930,137805,0
testvideo,137720,137970,137845,0
testvideo,137760,138010,137885,0
testvideo,137800,138050,137925,0
testvideo,137840,138090,137965,0
testvideo,137880,138130,138005,0
testvideo,137920,138170,138045,0
testvideo,137960,138210,138085,0
testvideo,138000,138250,138125,0
testvideo,138040,138290,138165,0
testvideo,138080,138330,138205,0
testvideo,138120,138370,138245,0
testvideo,138160,138410,138285,0
testvideo,138200,138450,138325,0
testvideo,138240,138490,138365,0
testvideo,138280,138530,138405,0
testvideo,138320,138570,138445,0
testvideo,138360,138610,138485,0
testvideo,138400,138650,138525,0
testvideo,138440,138690,138565,0
testvideo,138480,138730,138605,0
testvideo,138520,138770,138645,1
testvideo,138560,138810,138685,1
testvideo,138600,138850,138725,1
testvideo,138640,138890,138765,1
testvideo,138680,138930,138805,1
testvideo,138720,138970,138845,1
testvideo,138760,139010,138885,1
testvideo,138800,139050,138925,1
testvideo,138840,139090,138965,1
testvideo,138880,139130,139005,1
testvideo,138920,139170,139045,1
testvideo,138960,139210,139085,0
testvideo,139000,139250,139125,0
testvideo,139040,139290,139165,0
testvideo,139080,139330,139205,0
testvideo,139120,139370,139245,0
testvideo,139160,139410,139285,0
testvideo,139200,139450,139325,0
testvideo,139240,139490,139365,0
testvideo,139280,139530,139405,0
testvideo,139320,139570,139445,0
testvideo,139360,139610,139485,0
testvideo,139400,139650,139525,0
testvideo,139440,139690,139565,0
testvideo,139480,139730,139605,0
testvideo,139520,139770,139645,0
testvideo,139560,139810,139685,0
testvideo,139600,139850,139725,0
testvideo,139640,139890,139765,0
testvideo,139680,139930,139805,0
testvideo,139720,139970,139845,0
testvideo,139760,140010,139885,0
testvideo,139800,140050,139925,0
testvideo,139840,140090,139965,0
testvideo,139880,140130,140005,0
testvideo,139920,140170,140045,0
testvideo,139960,140210,140085,0
testvideo,140000,140250,140125,0
testvideo,140040,140290,140165,0
testvideo,140080,140330,140205,0
testvideo,140120,140370,140245,0
testvideo,140160,140410,140285,0
testvideo,140200,140450,140325,0
testvideo,140240,140490,140365,0
testvideo,140280,140530,140405,0
testvideo,140320,140570,140445,0
testvideo,140360,140610,140485,0
testvideo,140400,140650,140525,0
testvideo,140440,140690,140565,0
testvideo,140480,140730,140605,0
testvideo,140520,140770,140645,0
testvideo,140560,140810,140685,0
testvideo,140600,140850,140725,0
testvideo,140640,140890,140765,0
testvideo,140680,140930,140805,0
testvideo,140720,140970,140845,0
testvideo,140760,141010,140885,0
testvideo,140800,141050,140925,0
testvideo,140840,141090,140965,0
testvideo,140880,141130,141005,0
testvideo,140920,141170,141045,0
testvideo,140960,141210,141085,0
testvideo,141000,141250,141125,0
testvideo,141040,141290,141165,0
testvideo,141080,141330,141205,0
testvideo,141120,141370,141245,0
testvideo,141160,141410,141285,0
testvideo,141200,141450,141325,0
testvideo,141240,141490,141365,0
testvideo,141280,141530,141405,0
testvideo,141320,141570,141445,0
testvideo,141360,141610,141485,0
testvideo,141400,141650,141525,0
testvideo,141440,141690,141565,0
testvideo,141480,141730,141605,0
testvideo,141520,141770,141645,0
testvideo,141560,141810,141685,0
testvideo,141600,141850,141725,0
testvideo,141640,141890,141765,0
testvideo,141680,141930,141805,0
testvideo,141720,141970,141845,0
testvideo,141760,142010,141885,0
testvideo,141800,142050,141925,0
testvideo,141840,142090,141965,0
testvideo,141880,142130,142005,0
testvideo,141920,142170,142045,0
testvideo,141960,142210,142085,0
testvideo,142000,142250,142125,0
testvideo,142040,142290,142165,0
testvideo,142080,142330,142205,0
testvideo,142120,142370,142245,0
testvideo,142160,142410,142285,0
testvideo,142200,142450,142325,0
testvideo,142240,142490,142365,0
testvideo,142280,142530,142405,0
testvideo,142320,142570,142445,0
testvideo,142360,142610,142485,0
testvideo,142400,142650,142525,0
testvideo,142440,142690,142565,0
testvideo,142480,142730,142605,0
testvideo,142520,142770,142645,0
testvideo,142560,142810,142685,0
testvideo,142600,142850,142725,0
testvideo,142640,142890,142765,0
testvideo,142680,142930,142805,0
testvideo,142720,142970,142845,0
testvideo,142760,143010,142885,0
testvideo,142800,143050,142925,0
testvideo,142840,143090,142965,0
testvideo,142880,143130,143005,0
testvideo,142920,143170,143045,0
testvideo,142960,143210,143085,0
testvideo,143000,143250,143125,0
testvideo,143040,143290,143165,0
testvideo,143080,143330,143205,0
testvideo,143120,143370,143245,0
testvideo,143160,143410,143285,0
testvideo,143200,143450,143325,0
testvideo,143240,143490,143365,0
testvideo,143280,143530,143405,0
testvideo,143320,143570,143445,0
testvideo,143360,143610,143485,0
testvideo,143400,143650,143525,0
testvideo,143440,143690,143565,0
testvideo,143480,143730,143605,0
testvideo,143520,143770,143645,0
testvideo,143560,143810,143685,0
testvideo,143600,143850,143725,0
testvideo,143640,143890,143765,0
testvideo,143680,143930,143805,0
testvideo,143720,143970,143845,0
testvideo,143760,144010,143885,1
testvideo,143800,144050,143925,1
testvideo,143840,144090,143965,1
testvideo,143880,144130,144005,1
testvideo,143920,144170,144045,1
testvideo,143960,144210,144085,1
testvideo,144000,144250,144125,1
testvideo,144040,144290,144165,1
testvideo,144080,144330,144205,1
testvideo,144120,144370,144245,1
testvideo,144160,144410,144285,1
testvideo,144200,144450,144325,0
testvideo,144240,144490,144365,0
testvideo,144280,144530,144405,0
testvideo,144320,144570,144445,0
testvideo,144360,144610,144485,0
testvideo,144400,144650,144525,0
testvideo,144440,144690,144565,0
testvideo,144480,144730,144605,0
testvideo,144520,144770,144645,0
testvideo,144560,144810,144685,0
testvideo,144600,144850,144725,0
testvideo,144640,144890,144765,0
testvideo,144680,144930,144805,0
testvideo,144720,144970,144845,0
testvideo,144760,145010,144885,0
testvideo,144800,145050,144925,0
testvideo,144840,145090,144965,0
testvideo,144880,145130,145005,0
testvideo,144920,145170,145045,0
testvideo,144960,145210,145085,0
testvideo,145000,145250,145125,0
testvideo,145040,145290,145165,0
testvideo,145080,145330,145205,0
testvideo,145120,145370,145245,0
testvideo,145160,145410,145285,0
testvideo,145200,145450,145325,0
testvideo,145240,145490,145365,0
testvideo,145280,145530,145405,0
testvideo,145320,145570,145445,0
testvideo,145360,145610,145485,0
testvideo,145400,145650,145525,0
testvideo,145440,145690,145565,0
testvideo,145480,145730,145605,0
testvideo,145520,145770,145645,0
testvideo,145560,145810,145685,0
testvideo,145600,145850,145725,0
testvideo,145640,145890,145765,0
testvideo,145680,145930,145805,0
testvideo,145720,145970,145845,0
testvideo,145760,146010,145885,0
testvideo,145800,146050,145925,0
testvideo,145840,146090,145965,0
testvideo,145880,146130,146005,0
testvideo,145920,146170,146045,0
testvideo,145960,146210,146085,0
testvideo,146000,146250,146125,0
testvideo,146040,146290,146165,0
testvideo,146080,146330,146205,0
testvideo,146120,146370,146245,0
testvideo,146160,146410,146285,0
testvideo,146200,146450,146325,0
testvideo,146240,146490,146365,0
testvideo,146280,146530,146405,0
testvideo,146320,146570,146445,0
testvideo,146360,146610,146485,0
testvideo,146400,146650,146525,0
testvideo,146440,146690,146565,0
testvideo,146480,146730,146605,0
testvideo,146520,146770,146645,0
testvideo,146560,146810,146685,0
testvideo,146600,146850,146725,0
testvideo,146640,146890,146765,0
testvideo,146680,146930,146805,0
testvideo,146720,146970,146845,0
testvideo,146760,147010,146885,0
testvideo,146800,147050,146925,0
testvideo,146840,147090,146965,0
testvideo,146880,147130,147005,0
testvideo,146920,147170,147045,0
testvideo,146960,147210,147085,0
testvideo,147000,147250,147125,0
testvideo,147040,147290,147165,0
testvideo,147080,147330,147205,0
testvideo,147120,147370,147245,0
testvideo,147160,147410,147285,0
testvideo,147200,147450,147325,0
testvideo,147240,147490,147365,0
testvideo,147280,147530,147405,0
testvideo,147320,147570,147445,0
testvideo,147360,147610,147485,0
testvideo,147400,147650,147525,0
testvideo,147440,147690,147565,0
testvideo,147480,147730,147605,0
testvideo,147520,147770,147645,0
testvideo,147560,147810,147685,0
testvideo,147600,147850,147725,0
testvideo,147640,147890,147765,0
testvideo,147680,147930,147805,0
testvideo,147720,147970,147845,0
testvideo,147760,148010,147885,0
testvideo,147800,148050,147925,0
testvideo,147840,148090,147965,0
testvideo,147880,148130,148005,0
testvideo,147920,148170,148045,0
testvideo,147960,148210,148085,0
testvideo,148000,148250,148125,0
testvideo,148040,148290,148165,0
testvideo,148080,148330,148205,0
testvideo,148120,148370,148245,0
testvideo,148160,148410,148285,0
testvideo,148200,148450,148325,0
testvideo,148240,148490,148365,0
testvideo,148280,148530,148405,0
testvideo,148320,148570,148445,0
testvideo,148360,148610,148485,0
testvideo,148400,148650,148525,1
testvideo,148440,148690,148565,1
testvideo,148480,148730,148605,1
testvideo,148520,148770,148645,1
testvideo,148560,148810,148685,1
testvideo,148600,148850,148725,1
testvideo,148640,148890,148765,1
testvideo,148680,148930,148805,1
testvideo,148720,148970,148845,1
testvideo,148760,149010,148885,1
testvideo,148800,149050,148925,0
testvideo,148840,149090,148965,0
testvideo,148880,149130,149005,0
testvideo,148920,149170,149045,0
testvideo,148960,149210,149085,0
testvideo,149000,149250,149125,0
testvideo,149040,149290,149165,0
testvideo,149080,149330,149205,0
testvideo,149120,149370,149245,0
testvideo,149160,149410,149285,0
testvideo,149200,149450,149325,0
testvideo,149240,149490,149365,0
testvideo,149280,149530,149405,0
testvideo,149320,149570,149445,0
testvideo,149360,149610,149485,0
testvideo,149400,149650,149525,0
testvideo,149440,149690,149565,0
testvideo,149480,149730,149605,0
testvideo,149520,149770,149645,0
testvideo,149560,149810,149685,0
testvideo,149600,149850,149725,0
testvideo,149640,149890,149765,0
testvideo,149680,149930,149805,0
testvideo,149720,149970,149845,0
testvideo,149760,150010,149885,0
testvideo,149800,150050,149925,0
testvideo,149840,150090,149965,0
testvideo,149880,150130,150005,0
testvideo,149920,150170,150045,0
testvideo,149960,150210,150085,0
testvideo,150000,150250,150125,0
testvideo,150040,150290,150165,0
testvideo,150080,150330,150205,0
testvideo,150120,150370,150245,0
testvideo,150160,150410,150285,0
testvideo,150200,150450,150325,0
testvideo,150240,150490,150365,0
testvideo,150280,150530,150405,0
testvideo,150320,150570,150445,0
testvideo,150360,150610,150485,0
testvideo,150400,150650,150525,0
testvideo,150440,150690,150565,0
testvideo,150480,150730,150605,0
testvideo,150520,150770,150645,0
testvideo,150560,150810,150685,0
testvideo,150600,150850,150725,0
testvideo,150640,150890,150765,0
testvideo,150680,150930,150805,0
testvideo,150720,150970,150845,0
testvideo,150760,151010,150885,0
testvideo,150800,151050,150925,0
testvideo,150840,151090,150965,0
testvideo,150880,151130,151005,0
testvideo,150920,151170,151045,0
testvideo,150960,151210,151085,1
testvideo,151000,151250,151125,1
testvideo,151040,151290,151165,1
testvideo,151080,151330,151205,1
testvideo,151120,151370,151245,1
testvideo,151160,151410,151285,1
testvideo,151200,151450,151325,1
testvideo,151240,151490,151365,1
testvideo,151280,151530,151405,1
testvideo,151320,151570,151445,1
testvideo,151360,151610,151485,1
testvideo,151400,151650,151525,1
testvideo,151440,151690,151565,1
testvideo,151480,151730,151605,1
testvideo,151520,151770,151645,1
testvideo,151560,151810,151685,1
testvideo,151600,151850,151725,1
testvideo,151640,151890,151765,1
testvideo,151680,151930,151805,1
testvideo,151720,151970,151845,1
testvideo,151760,152010,151885,1
testvideo,151800,152050,151925,1
testvideo,151840,152090,151965,1
testvideo,151880,152130,152005,1
testvideo,151920,152170,152045,1
testvideo,151960,152210,152085,1
testvideo,152000,152250,152125,1
testvideo,152040,152290,152165,0
testvideo,152080,152330,152205,0
testvideo,152120,152370,152245,0
testvideo,152160,152410,152285,0
testvideo,152200,152450,152325,0
testvideo,152240,152490,152365,0
testvideo,152280,152530,152405,0
testvideo,152320,152570,152445,0
testvideo,152360,152610,152485,0
testvideo,152400,152650,152525,0
testvideo,152440,152690,152565,0
testvideo,152480,152730,152605,0
testvideo,152520,152770,152645,0
testvideo,152560,152810,152685,0
testvideo,152600,152850,152725,0
testvideo,152640,152890,152765,0
testvideo,152680,152930,152805,0
testvideo,152720,152970,152845,0
testvideo,152760,153010,152885,0
testvideo,152800,153050,152925,0
testvideo,152840,153090,152965,0
testvideo,152880,153130,153005,0
testvideo,152920,153170,153045,0
testvideo,152960,153210,153085,0
testvideo,153000,153250,153125,0
testvideo,153040,153290,153165,0
testvideo,153080,153330,153205,0
testvideo,153120,153370,153245,0
testvideo,153160,153410,153285,0
testvideo,153200,153450,153325,0
testvideo,153240,153490,153365,0
testvideo,153280,153530,153405,0
testvideo,153320,153570,153445,0
testvideo,153360,153610,153485,0
testvideo,153400,153650,153525,0
testvideo,153440,153690,153565,0
testvideo,153480,153730,153605,0
testvideo,153520,153770,153645,0
testvideo,153560,153810,153685,0
testvideo,153600,153850,153725,0
testvideo,153640,153890,153765,0
testvideo,153680,153930,153805,0
testvideo,153720,153970,153845,0
testvideo,153760,154010,153885,0
testvideo,153800,154050,153925,0
testvideo,153840,154090,153965,0
testvideo,153880,154130,154005,0
testvideo,153920,154170,154045,0
testvideo,153960,154210,154085,0
testvideo,154000,154250,154125,0
testvideo,154040,154290,154165,0
testvideo,154080,154330,154205,0
testvideo,154120,154370,154245,0
testvideo,154160,154410,154285,0
testvideo,154200,154450,154325,0
testvideo,154240,154490,154365,0
testvideo,154280,154530,154405,0
testvideo,154320,154570,154445,0
testvideo,154360,154610,154485,0
testvideo,154400,154650,154525,0
testvideo,154440,154690,154565,0
testvideo,154480,154730,154605,0
testvideo,154520,154770,154645,0
testvideo,154560,154810,154685,0
testvideo,154600,154850,154725,0
testvideo,154640,154890,154765,0
testvideo,154680,154930,154805,0
testvideo,154720,154970,154845,0
testvideo,154760,155010,154885,0
testvideo,154800,155050,154925,0
testvideo,154840,155090,154965,0
testvideo,154880,155130,155005,0
testvideo,154920,155170,155045,0
testvideo,154960,155210,155085,0
testvideo,155000,155250,155125,0
testvideo,155040,155290,155165,0
testvideo,155080,155330,155205,0
testvideo,155120,155370,155245,0
testvideo,155160,155410,155285,0
testvideo,155200,155450,155325,0
testvideo,155240,155490,155365,0
testvideo,155280,155530,155405,0
testvideo,155320,155570,155445,0
testvideo,155360,155610,155485,0
testvideo,155400,155650,155525,0
testvideo,155440,155690,155565,0
testvideo,155480,155730,155605,0
testvideo,155520,155770,155645,0
testvideo,155560,155810,155685,0
testvideo,155600,155850,155725,0
testvideo,155640,155890,155765,0
testvideo,155680,155930,155805,0
testvideo,155720,155970,155845,0
testvideo,155760,156010,155885,0
testvideo,155800,156050,155925,0
testvideo,155840,156090,155965,0
testvideo,155880,156130,156005,0
testvideo,155920,156170,156045,0
testvideo,155960,156210,156085,0
testvideo,156000,156250,156125,0
testvideo,156040,156290,156165,0
testvideo,156080,156330,156205,0
testvideo,156120,156370,156245,0
testvideo,156160,156410,156285,0
testvideo,156200,156450,156325,0
testvideo,156240,156490,156365,1
testvideo,156280,156530,156405,1
testvideo,156320,156570,156445,1
testvideo,156360,156610,156485,1
testvideo,156400,156650,156525,1
testvideo,156440,156690,156565,1
testvideo,156480,156730,156605,1
testvideo,156520,156770,156645,1
testvideo,156560,156810,156685,1
testvideo,156600,156850,156725,1
testvideo,156640,156890,156765,1
testvideo,156680,156930,156805,1
testvideo,156720,156970,156845,1
testvideo,156760,157010,156885,1
testvideo,156800,157050,156925,1
testvideo,156840,157090,156965,1
testvideo,156880,157130,157005,1
testvideo,156920,157170,157045,1
testvideo,156960,157210,157085,0
testvideo,157000,157250,157125,0
testvideo,157040,157290,157165,0
testvideo,157080,157330,157205,0
testvideo,157120,157370,157245,0
testvideo,157160,157410,157285,0
testvideo,157200,157450,157325,0
testvideo,157240,157490,157365,0
testvideo,157280,157530,157405,0
testvideo,157320,157570,157445,0
testvideo,157360,157610,157485,0
testvideo,157400,157650,157525,0
testvideo,157440,157690,157565,0
testvideo,157480,157730,157605,0
testvideo,157520,157770,157645,0
testvideo,157560,157810,157685,0
testvideo,157600,157850,157725,0
testvideo,157640,157890,157765,0
testvideo,157680,157930,157805,0
testvideo,157720,157970,157845,0
testvideo,157760,158010,157885,0
testvideo,157800,158050,157925,0
testvideo,157840,158090,157965,0
testvideo,157880,158130,158005,0
testvideo,157920,158170,158045,0
testvideo,157960,158210,158085,0
testvideo,158000,158250,158125,0
testvideo,158040,158290,158165,0
testvideo,158080,158330,158205,0
testvideo,158120,158370,158245,0
testvideo,158160,158410,158285,0
testvideo,158200,158450,158325,0
testvideo,158240,158490,158365,0
testvideo,158280,158530,158405,0
testvideo,158320,158570,158445,0
testvideo,158360,158610,158485,0
testvideo,158400,158650,158525,0
testvideo,158440,158690,158565,0
testvideo,158480,158730,158605,0
testvideo,158520,158770,158645,0
testvideo,158560,158810,158685,1
testvideo,158600,158850,158725,1
testvideo,158640,158890,158765,1
testvideo,158680,158930,158805,1
testvideo,158720,158970,158845,1
testvideo,158760,159010,158885,1
testvideo,158800,159050,158925,1
testvideo,158840,159090,158965,1
testvideo,158880,159130,159005,1
testvideo,158920,159170,159045,1
testvideo,158960,159210,159085,1
testvideo,159000,159250,159125,1
testvideo,159040,159290,159165,1
testvideo,159080,159330,159205,1
testvideo,159120,159370,159245,0
testvideo,159160,159410,159285,0
testvideo,159200,159450,159325,0
testvideo,159240,159490,159365,0
testvideo,159280,159530,159405,0
testvideo,159320,159570,159445,0
testvideo,159360,159610,159485,0
testvideo,159400,159650,159525,0
testvideo,159440,159690,159565,0
testvideo,159480,159730,159605,0
testvideo,159520,159770,159645,0
testvideo,159560,159810,159685,0
testvideo,159600,159850,159725,0
testvideo,159640,159890,159765,0
testvideo,159680,159930,159805,0
testvideo,159720,159970,159845,0
testvideo,159760,160010,159885,0
testvideo,159800,160050,159925,0
testvideo,159840,160090,159965,0
testvideo,159880,160130,160005,0
testvideo,159920,160170,160045,0
testvideo,159960,160210,160085,0
testvideo,160000,160250,160125,0
testvideo,160040,160290,160165,0
testvideo,160080,160330,160205,0
testvideo,160120,160370,160245,0
testvideo,160160,160410,160285,0
testvideo,160200,160450,160325,0
testvideo,160240,160490,160365,0
testvideo,160280,160530,160405,0
testvideo,160320,160570,160445,0
testvideo,160360,160610,160485,0
testvideo,160400,160650,160525,0
testvideo,160440,160690,160565,0
testvideo,160480,160730,160605,0
testvideo,160520,160770,160645,0
testvideo,160560,160810,160685,0
testvideo,160600,160850,160725,0
testvideo,160640,160890,160765,0
testvideo,160680,160930,160805,0
testvideo,160720,160970,160845,0
testvideo,160760,161010,160885,0
testvideo,160800,161050,160925,0
testvideo,160840,161090,160965,0
testvideo,160880,161130,161005,0
testvideo,160920,161170,161045,0
testvideo,160960,161210,161085,0
testvideo,161000,161250,161125,0
testvideo,161040,161290,161165,0
testvideo,161080,161330,161205,0
testvideo,161120,161370,161245,0
testvideo,161160,161410,161285,0
testvideo,161200,161450,161325,0
testvideo,161240,161490,161365,0
testvideo,161280,161530,161405,0
testvideo,161320,161570,161445,0
testvideo,161360,161610,161485,0
testvideo,161400,161650,161525,0
testvideo,161440,161690,161565,0
testvideo,161480,161730,161605,0
testvideo,161520,161770,161645,0
testvideo,161560,161810,161685,0
testvideo,161600,161850,161725,0
testvideo,161640,161890,161765,0
testvideo,161680,161930,161805,0
testvideo,161720,161970,161845,0
testvideo,161760,162010,161885,0
testvideo,161800,162050,161925,1
testvideo,161840,162090,161965,1
testvideo,161880,162130,162005,1
testvideo,161920,162170,162045,1
testvideo,161960,162210,162085,1
testvideo,162000,162250,162125,1
testvideo,162040,162290,162165,1
testvideo,162080,162330,162205,1
testvideo,162120,162370,162245,1
testvideo,162160,162410,162285,1
testvideo,162200,162450,162325,1
testvideo,162240,162490,162365,1
testvideo,162280,162530,162405,1
testvideo,162320,162570,162445,1
testvideo,162360,162610,162485,1
testvideo,162400,162650,162525,1
testvideo,162440,162690,162565,2
testvideo,162480,162730,162605,2
testvideo,162520,162770,162645,2
testvideo,162560,162810,162685,2
testvideo,162600,162850,162725,2
testvideo,162640,162890,162765,2
testvideo,162680,162930,162805,2
testvideo,162720,162970,162845,2
testvideo,162760,163010,162885,2
testvideo,162800,163050,162925,2
testvideo,162840,163090,162965,2
testvideo,162880,163130,163005,2
testvideo,162920,163170,163045,0
testvideo,162960,163210,163085,0
testvideo,163000,163250,163125,0
testvideo,163040,163290,163165,0
testvideo,163080,163330,163205,0
testvideo,163120,163370,163245,0
testvideo,163160,163410,163285,0
testvideo,163200,163450,163325,0
testvideo,163240,163490,163365,0
testvideo,163280,163530,163405,0
testvideo,163320,163570,163445,0
testvideo,163360,163610,163485,0
testvideo,163400,163650,163525,0
testvideo,163440,163690,163565,0
testvideo,163480,163730,163605,0
testvideo,163520,163770,163645,0
testvideo,163560,163810,163685,0
testvideo,163600,163850,163725,0
testvideo,163640,163890,163765,0
testvideo,163680,163930,163805,0
testvideo,163720,163970,163845,0
testvideo,163760,164010,163885,0
testvideo,163800,164050,163925,0
testvideo,163840,164090,163965,0
testvideo,163880,164130,164005,0
testvideo,163920,164170,164045,0
testvideo,163960,164210,164085,0
testvideo,164000,164250,164125,0
testvideo,164040,164290,164165,0
testvideo,164080,164330,164205,0
testvideo,164120,164370,164245,0
testvideo,164160,164410,164285,0
testvideo,164200,164450,164325,0
testvideo,164240,164490,164365,0
testvideo,164280,164530,164405,0
testvideo,164320,164570,164445,0
testvideo,164360,164610,164485,0
testvideo,164400,164650,164525,0
testvideo,164440,164690,164565,0
testvideo,164480,164730,164605,0
testvideo,164520,164770,164645,0
testvideo,164560,164810,164685,0
testvideo,164600,164850,164725,0
testvideo,164640,164890,164765,0
testvideo,164680,164930,164805,0
testvideo,164720,164970,164845,0
testvideo,164760,165010,164885,0
testvideo,164800,165050,164925,0
testvideo,164840,165090,164965,0
testvideo,164880,165130,165005,0
testvideo,164920,165170,165045,0
testvideo,164960,165210,165085,0
testvideo,165000,165250,165125,0
testvideo,165040,165290,165165,0
testvideo,165080,165330,165205,0
testvideo,165120,165370,165245,0
testvideo,165160,165410,165285,0
testvideo,165200,165450,165325,0
testvideo,165240,165490,165365,0
testvideo,165280,165530,165405,0
testvideo,165320,165570,165445,0
testvideo,165360,165610,165485,0
testvideo,165400,165650,165525,0
testvideo,165440,165690,165565,0
testvideo,165480,165730,165605,0
testvideo,165520,165770,165645,0
testvideo,165560,165810,165685,0
testvideo,165600,165850,165725,0
testvideo,165640,165890,165765,0
testvideo,165680,165930,165805,0
testvideo,165720,165970,165845,0
testvideo,165760,166010,165885,0
testvideo,165800,166050,165925,0
testvideo,165840,166090,165965,0
testvideo,165880,166130,166005,0
testvideo,165920,166170,166045,0
testvideo,165960,166210,166085,0
testvideo,166000,166250,166125,0
testvideo,166040,166290,166165,0
testvideo,166080,166330,166205,0
testvideo,166120,166370,166245,0
testvideo,166160,166410,166285,0
testvideo,166200,166450,166325,0
testvideo,166240,166490,166365,0
testvideo,166280,166530,166405,0
testvideo,166320,166570,166445,0
testvideo,166360,166610,166485,0
testvideo,166400,166650,166525,0
testvideo,166440,166690,166565,0
testvideo,166480,166730,166605,0
testvideo,166520,166770,166645,0
testvideo,166560,166810,166685,0
testvideo,166600,166850,166725,0
testvideo,166640,166890,166765,0
testvideo,166680,166930,166805,0
testvideo,166720,166970,166845,0
testvideo,166760,167010,166885,0
testvideo,166800,167050,166925,0
testvideo,166840,167090,166965,0
testvideo,166880,167130,167005,0
testvideo,166920,167170,167045,0
testvideo,166960,167210,167085,0
testvideo,167000,167250,167125,0
testvideo,167040,167290,167165,0
testvideo,167080,167330,167205,0
testvideo,167120,167370,167245,0
testvideo,167160,167410,167285,0
testvideo,167200,167450,167325,0
testvideo,167240,167490,167365,0
testvideo,167280,167530,167405,0
testvideo,167320,167570,167445,0
testvideo,167360,167610,167485,0
testvideo,167400,167650,167525,0
testvideo,167440,167690,167565,0
testvideo,167480,167730,167605,0
testvideo,167520,167770,167645,0
testvideo,167560,167810,167685,0
testvideo,167600,167850,167725,0
testvideo,167640,167890,167765,0
testvideo,167680,167930,167805,0
testvideo,167720,167970,167845,0
testvideo,167760,168010,167885,0
testvideo,167800,168050,167925,0
testvideo,167840,168090,167965,0
testvideo,167880,168130,168005,0
testvideo,167920,168170,168045,0
testvideo,167960,168210,168085,0
testvideo,168000,168250,168125,0
testvideo,168040,168290,168165,0
testvideo,168080,168330,168205,0
testvideo,168120,168370,168245,0
testvideo,168160,168410,168285,0
testvideo,168200,168450,168325,0
testvideo,168240,168490,168365,0
testvideo,168280,168530,168405,0
testvideo,168320,168570,168445,0
testvideo,168360,168610,168485,0
testvideo,168400,168650,168525,0
testvideo,168440,168690,168565,0
testvideo,168480,168730,168605,0
testvideo,168520,168770,168645,0
testvideo,168560,168810,168685,0
testvideo,168600,168850,168725,0
testvideo,168640,168890,168765,0
testvideo,168680,168930,168805,0
testvideo,168720,168970,168845,0
testvideo,168760,169010,168885,0
testvideo,168800,169050,168925,0
testvideo,168840,169090,168965,0
testvideo,168880,169130,169005,0
testvideo,168920,169170,169045,0
testvideo,168960,169210,169085,0
testvideo,169000,169250,169125,0
testvideo,169040,169290,169165,0
testvideo,169080,169330,169205,0
testvideo,169120,169370,169245,0
testvideo,169160,169410,169285,0
testvideo,169200,169450,169325,0
testvideo,169240,169490,169365,0
testvideo,169280,169530,169405,0
testvideo,169320,169570,169445,0
testvideo,169360,169610,169485,0
testvideo,169400,169650,169525,0
testvideo,169440,169690,169565,0
testvideo,169480,169730,169605,0
testvideo,169520,169770,169645,0
testvideo,169560,169810,169685,0
testvideo,169600,169850,169725,0
testvideo,169640,169890,169765,0
testvideo,169680,169930,169805,0
testvideo,169720,169970,169845,0
testvideo,169760,170010,169885,0
testvideo,169800,170050,169925,0
testvideo,169840,170090,169965,0
testvideo,169880,170130,170005,0
testvideo,169920,170170,170045,0
testvideo,169960,170210,170085,0
testvideo,170000,170250,170125,0
testvideo,170040,170290,170165,0
testvideo,170080,170330,170205,0
testvideo,170120,170370,170245,0
testvideo,170160,170410,170285,0
testvideo,170200,170450,170325,0
testvideo,170240,170490,170365,0
testvideo,170280,170530,170405,0
testvideo,170320,170570,170445,0
testvideo,170360,170610,170485,0
testvideo,170400,170650,170525,0
testvideo,170440,170690,170565,0
testvideo,170480,170730,170605,0
testvideo,170520,170770,170645,0
testvideo,170560,170810,170685,0
testvideo,170600,170850,170725,0
testvideo,170640,170890,170765,0
testvideo,170680,170930,170805,0
testvideo,170720,170970,170845,0
testvideo,170760,171010,170885,0
testvideo,170800,171050,170925,0
testvideo,170840,171090,170965,0
testvideo,170880,171130,171005,0
testvideo,170920,171170,171045,0
testvideo,170960,171210,171085,0
testvideo,171000,171250,171125,0
testvideo,171040,171290,171165,0
testvideo,171080,171330,171205,0
testvideo,171120,171370,171245,0
testvideo,171160,171410,171285,0
testvideo,171200,171450,171325,0
testvideo,171240,171490,171365,0
testvideo,171280,171530,171405,1
testvideo,171320,171570,171445,1
testvideo,171360,171610,171485,1
testvideo,171400,171650,171525,1
testvideo,171440,171690,171565,1
testvideo,171480,171730,171605,1
testvideo,171520,171770,171645,1
testvideo,171560,171810,171685,1
testvideo,171600,171850,171725,1
testvideo,171640,171890,171765,1
testvideo,171680,171930,171805,1
testvideo,171720,171970,171845,1
testvideo,171760,172010,171885,1
testvideo,171800,172050,171925,1
testvideo,171840,172090,171965,1
testvideo,171880,172130,172005,1
testvideo,171920,172170,172045,0
testvideo,171960,172210,172085,0
testvideo,172000,172250,172125,0
testvideo,172040,172290,172165,0
testvideo,172080,172330,172205,0
testvideo,172120,172370,172245,0
testvideo,172160,172410,172285,0
testvideo,172200,172450,172325,0
testvideo,172240,172490,172365,0
testvideo,172280,172530,172405,0
testvideo,172320,172570,172445,0
testvideo,172360,172610,172485,0
testvideo,172400,172650,172525,0
testvideo,172440,172690,172565,0
testvideo,172480,172730,172605,0
testvideo,172520,172770,172645,0
testvideo,172560,172810,172685,0
testvideo,172600,172850,172725,0
testvideo,172640,172890,172765,0
testvideo,172680,172930,172805,0
testvideo,172720,172970,172845,0
testvideo,172760,173010,172885,0
testvideo,172800,173050,172925,0
testvideo,172840,173090,172965,0
testvideo,172880,173130,173005,0
testvideo,172920,173170,173045,0
testvideo,172960,173210,173085,0
testvideo,173000,173250,173125,0
testvideo,173040,173290,173165,0
testvideo,173080,173330,173205,0
testvideo,173120,173370,173245,0
testvideo,173160,173410,173285,0
testvideo,173200,173450,173325,0
testvideo,173240,173490,173365,0
testvideo,173280,173530,173405,0
testvideo,173320,173570,173445,0
testvideo,173360,173610,173485,0
testvideo,173400,173650,173525,0
testvideo,173440,173690,173565,0
testvideo,173480,173730,173605,0
testvideo,173520,173770,173645,0
testvideo,173560,173810,173685,0
testvideo,173600,173850,173725,0
testvideo,173640,173890,173765,0
testvideo,173680,173930,173805,0
testvideo,173720,173970,173845,0
testvideo,173760,174010,173885,0
testvideo,173800,174050,173925,0
testvideo,173840,174090,173965,0
testvideo,173880,174130,174005,0
testvideo,173920,174170,174045,1
testvideo,173960,174210,174085,1
testvideo,174000,174250,174125,1
testvideo,174040,174290,174165,1
testvideo,174080,174330,174205,1
testvideo,174120,174370,174245,1
testvideo,174160,174410,174285,1
testvideo,174200,174450,174325,1
testvideo,174240,174490,174365,0
testvideo,174280,174530,174405,0
testvideo,174320,174570,174445,0
testvideo,174360,174610,174485,0
testvideo,174400,174650,174525,0
testvideo,174440,174690,174565,0
testvideo,174480,174730,174605,0
testvideo,174520,174770,174645,0
testvideo,174560,174810,174685,0
testvideo,174600,174850,174725,0
testvideo,174640,174890,174765,0
testvideo,174680,174930,174805,0
testvideo,174720,174970,174845,0
testvideo,174760,175010,174885,0
testvideo,174800,175050,174925,0
testvideo,174840,175090,174965,0
testvideo,174880,175130,175005,0
testvideo,174920,175170,175045,0
testvideo,174960,175210,175085,0
testvideo,175000,175250,175125,0
testvideo,175040,175290,175165,0
testvideo,175080,175330,175205,0
testvideo,175120,175370,175245,0
testvideo,175160,175410,175285,0
testvideo,175200,175450,175325,0
testvideo,175240,175490,175365,0
testvideo,175280,175530,175405,0
testvideo,175320,175570,175445,0
testvideo,175360,175610,175485,0
testvideo,175400,175650,175525,0
testvideo,175440,175690,175565,0
testvideo,175480,175730,175605,0
testvideo,175520,175770,175645,0
testvideo,175560,175810,175685,0
testvideo,175600,175850,175725,0
testvideo,175640,175890,175765,0
testvideo,175680,175930,175805,0
testvideo,175720,175970,175845,0
testvideo,175760,176010,175885,0
testvideo,175800,176050,175925,0
testvideo,175840,176090,175965,0
testvideo,175880,176130,176005,0
testvideo,175920,176170,176045,0
testvideo,175960,176210,176085,0
testvideo,176000,176250,176125,0
testvideo,176040,176290,176165,0
testvideo,176080,176330,176205,0
testvideo,176120,176370,176245,0
testvideo,176160,176410,176285,0
testvideo,176200,176450,176325,0
testvideo,176240,176490,176365,0
testvideo,176280,176530,176405,0
testvideo,176320,176570,176445,0
testvideo,176360,176610,176485,0
testvideo,176400,176650,176525,0
testvideo,176440,176690,176565,0
testvideo,176480,176730,176605,0
testvideo,176520,176770,176645,0
testvideo,176560,176810,176685,0
testvideo,176600,176850,176725,0
testvideo,176640,176890,176765,0
testvideo,176680,176930,176805,0
testvideo,176720,176970,176845,0
testvideo,176760,177010,176885,0
testvideo,176800,177050,176925,0
testvideo,176840,177090,176965,0
testvideo,176880,177130,177005,0
testvideo,176920,177170,177045,0
testvideo,176960,177210,177085,0
testvideo,177000,177250,177125,0
testvideo,177040,177290,177165,0
testvideo,177080,177330,177205,0
testvideo,177120,177370,177245,0
testvideo,177160,177410,177285,0
testvideo,177200,177450,177325,0
testvideo,177240,177490,177365,0
testvideo,177280,177530,177405,0
testvideo,177320,177570,177445,0
testvideo,177360,177610,177485,0
testvideo,177400,177650,177525,0
testvideo,177440,177690,177565,0
testvideo,177480,177730,177605,0
testvideo,177520,177770,177645,0
testvideo,177560,177810,177685,0
testvideo,177600,177850,177725,0
testvideo,177640,177890,177765,0
testvideo,177680,177930,177805,0
testvideo,177720,177970,177845,0
testvideo,177760,178010,177885,0
testvideo,177800,178050,177925,0
testvideo,177840,178090,177965,0
testvideo,177880,178130,178005,0
testvideo,177920,178170,178045,0
testvideo,177960,178210,178085,0
testvideo,178000,178250,178125,0
testvideo,178040,178290,178165,0
testvideo,178080,178330,178205,0
testvideo,178120,178370,178245,0
testvideo,178160,178410,178285,0
testvideo,178200,178450,178325,0
testvideo,178240,178490,178365,0
testvideo,178280,178530,178405,0
testvideo,178320,178570,178445,0
testvideo,178360,178610,178485,0
testvideo,178400,178650,178525,0
testvideo,178440,178690,178565,0
testvideo,178480,178730,178605,0
testvideo,178520,178770,178645,0
testvideo,178560,178810,178685,0
testvideo,178600,178850,178725,0
testvideo,178640,178890,178765,0
testvideo,178680,178930,178805,0
testvideo,178720,178970,178845,0
testvideo,178760,179010,178885,0
testvideo,178800,179050,178925,0
testvideo,178840,179090,178965,0
testvideo,178880,179130,179005,0
testvideo,178920,179170,179045,0
testvideo,178960,179210,179085,0
testvideo,179000,179250,179125,0
testvideo,179040,179290,179165,0
testvideo,179080,179330,179205,0
testvideo,179120,179370,179245,0
testvideo,179160,179410,179285,0
testvideo,179200,179450,179325,0
testvideo,179240,179490,179365,0
testvideo,179280,179530,179405,0
testvideo,179320,179570,179445,0
testvideo,179360,179610,179485,0
testvideo,179400,179650,179525,0
testvideo,179440,179690,179565,0
testvideo,179480,179730,179605,0
testvideo,179520,179770,179645,0
testvideo,179560,179810,179685,0
testvideo,179600,179850,179725,0
testvideo,179640,179890,179765,0
testvideo,179680,179930,179805,0
testvideo,179720,179970,179845,0
testvideo,179760,180010,179885,0
testvideo,179800,180050,179925,0
testvideo,179840,180090,179965,0
testvideo,179880,180130,180005,0
testvideo,179920,180170,180045,0
testvideo,179960,180210,180085,0
testvideo,180000,180250,180125,0
testvideo,180040,180290,180165,0
testvideo,180080,180330,180205,0
testvideo,180120,180370,180245,0
testvideo,180160,180410,180285,0
testvideo,180200,180450,180325,0
testvideo,180240,180490,180365,0
testvideo,180280,180530,180405,0
testvideo,180320,180570,180445,0
testvideo,180360,180610,180485,0
testvideo,180400,180650,180525,0
testvideo,180440,180690,180565,0
testvideo,180480,180730,180605,0
testvideo,180520,180770,180645,0
testvideo,180560,180810,180685,0
testvideo,180600,180850,180725,0
testvideo,180640,180890,180765,0
testvideo,180680,180930,180805,0
testvideo,180720,180970,180845,0
testvideo,180760,181010,180885,0
testvideo,180800,181050,180925,0
testvideo,180840,181090,180965,0
testvideo,180880,181130,181005,0
testvideo,180920,181170,181045,0
testvideo,180960,181210,181085,0
testvideo,181000,181250,181125,0
testvideo,181040,181290,181165,0
testvideo,181080,181330,181205,0
testvideo,181120,181370,181245,0
testvideo,181160,181410,181285,0
testvideo,181200,181450,181325,0
testvideo,181240,181490,181365,0
testvideo,181280,181530,181405,0
testvideo,181320,181570,181445,0
testvideo,181360,181610,181485,0
testvideo,181400,181650,181525,0
testvideo,181440,181690,181565,0
testvideo,181480,181730,181605,0
testvideo,181520,181770,181645,0
testvideo,181560,181810,181685,0
testvideo,181600,181850,181725,0
testvideo,181640,181890,181765,0
testvideo,181680,181930,181805,0
testvideo,181720,181970,181845,0
testvideo,181760,182010,181885,0
testvideo,181800,182050,181925,0
testvideo,181840,182090,181965,0
testvideo,181880,182130,182005,0
testvideo,181920,182170,182045,0
testvideo,181960,182210,182085,0
testvideo,182000,182250,182125,0
testvideo,182040,182290,182165,0
testvideo,182080,182330,182205,0
testvideo,182120,182370,182245,0
testvideo,182160,182410,182285,0
testvideo,182200,182450,182325,0
testvideo,182240,182490,182365,0
testvideo,182280,182530,182405,0
testvideo,182320,182570,182445,0
testvideo,182360,182610,182485,0
testvideo,182400,182650,182525,0
testvideo,182440,182690,182565,0
testvideo,182480,182730,182605,0
testvideo,182520,182770,182645,0
testvideo,182560,182810,182685,0
testvideo,182600,182850,182725,0
testvideo,182640,182890,182765,0
testvideo,182680,182930,182805,0
testvideo,182720,182970,182845,0
testvideo,182760,183010,182885,0
testvideo,182800,183050,182925,0
testvideo,182840,183090,182965,0
testvideo,182880,183130,183005,0
testvideo,182920,183170,183045,0
testvideo,182960,183210,183085,0
testvideo,183000,183250,183125,0
testvideo,183040,183290,183165,0
testvideo,183080,183330,183205,0
testvideo,183120,183370,183245,0
testvideo,183160,183410,183285,0
testvideo,183200,183450,183325,0
testvideo,183240,183490,183365,0
testvideo,183280,183530,183405,0
testvideo,183320,183570,183445,0
testvideo,183360,183610,183485,0
testvideo,183400,183650,183525,0
testvideo,183440,183690,183565,0
testvideo,183480,183730,183605,0
testvideo,183520,183770,183645,0
testvideo,183560,183810,183685,0
testvideo,183600,183850,183725,0
testvideo,183640,183890,183765,0
testvideo,183680,183930,183805,0
testvideo,183720,183970,183845,0
testvideo,183760,184010,183885,0
testvideo,183800,184050,183925,0
testvideo,183840,184090,183965,0
testvideo,183880,184130,184005,0
testvideo,183920,184170,184045,0
testvideo,183960,184210,184085,0
testvideo,184000,184250,184125,0
testvideo,184040,184290,184165,0
testvideo,184080,184330,184205,0
testvideo,184120,184370,184245,0
testvideo,184160,184410,184285,0
testvideo,184200,184450,184325,0
testvideo,184240,184490,184365,0
testvideo,184280,184530,184405,0
testvideo,184320,184570,184445,0
testvideo,184360,184610,184485,0
testvideo,184400,184650,184525,0
testvideo,184440,184690,184565,0
testvideo,184480,184730,184605,0
testvideo,184520,184770,184645,0
testvideo,184560,184810,184685,0
testvideo,184600,184850,184725,0
testvideo,184640,184890,184765,0
testvideo,184680,184930,184805,0
testvideo,184720,184970,184845,0
testvideo,184760,185010,184885,0
testvideo,184800,185050,184925,0
testvideo,184840,185090,184965,0
testvideo,184880,185130,185005,0
testvideo,184920,185170,185045,0
testvideo,184960,185210,185085,0
testvideo,185000,185250,185125,0
testvideo,185040,185290,185165,0
testvideo,185080,185330,185205,0
testvideo,185120,185370,185245,0
testvideo,185160,185410,185285,0
testvideo,185200,185450,185325,0
testvideo,185240,185490,185365,0
testvideo,185280,185530,185405,0
testvideo,185320,185570,185445,0
testvideo,185360,185610,185485,0
testvideo,185400,185650,185525,0
testvideo,185440,185690,185565,0
testvideo,185480,185730,185605,0
testvideo,185520,185770,185645,0
testvideo,185560,185810,185685,0
testvideo,185600,185850,185725,0
testvideo,185640,185890,185765,0
testvideo,185680,185930,185805,0
testvideo,185720,185970,185845,0
testvideo,185760,186010,185885,0
testvideo,185800,186050,185925,0
testvideo,185840,186090,185965,0
testvideo,185880,186130,186005,0
testvideo,185920,186170,186045,0
testvideo,185960,186210,186085,0
testvideo,186000,186250,186125,0
testvideo,186040,186290,186165,1
testvideo,186080,186330,186205,1
testvideo,186120,186370,186245,1
testvideo,186160,186410,186285,1
testvideo,186200,186450,186325,1
testvideo,186240,186490,186365,1
testvideo,186280,186530,186405,1
testvideo,186320,186570,186445,1
testvideo,186360,186610,186485,1
testvideo,186400,186650,186525,1
testvideo,186440,186690,186565,1
testvideo,186480,186730,186605,1
testvideo,186520,186770,186645,1
testvideo,186560,186810,186685,2
testvideo,186600,186850,186725,2
testvideo,186640,186890,186765,2
testvideo,186680,186930,186805,2
testvideo,186720,186970,186845,2
testvideo,186760,187010,186885,2
testvideo,186800,187050,186925,2
testvideo,186840,187090,186965,2
testvideo,186880,187130,187005,2
testvideo,186920,187170,187045,2
testvideo,186960,187210,187085,2
testvideo,187000,187250,187125,2
testvideo,187040,187290,187165,2
testvideo,187080,187330,187205,2
testvideo,187120,187370,187245,2
testvideo,187160,187410,187285,2
testvideo,187200,187450,187325,2
testvideo,187240,187490,187365,2
testvideo,187280,187530,187405,0
testvideo,187320,187570,187445,0
testvideo,187360,187610,187485,0
testvideo,187400,187650,187525,0
testvideo,187440,187690,187565,0
testvideo,187480,187730,187605,0
testvideo,187520,187770,187645,0
testvideo,187560,187810,187685,0
testvideo,187600,187850,187725,0
testvideo,187640,187890,187765,0
testvideo,187680,187930,187805,0
testvideo,187720,187970,187845,0
testvideo,187760,188010,187885,0
testvideo,187800,188050,187925,0
testvideo,187840,188090,187965,0
testvideo,187880,188130,188005,0
testvideo,187920,188170,188045,0
testvideo,187960,188210,188085,0
testvideo,188000,188250,188125,0
testvideo,188040,188290,188165,0
testvideo,188080,188330,188205,0
testvideo,188120,188370,188245,0
testvideo,188160,188410,188285,0
testvideo,188200,188450,188325,0
testvideo,188240,188490,188365,0
testvideo,188280,188530,188405,0
testvideo,188320,188570,188445,0
testvideo,188360,188610,188485,0
testvideo,188400,188650,188525,0
testvideo,188440,188690,188565,0
testvideo,188480,188730,188605,0
testvideo,188520,188770,188645,0
testvideo,188560,188810,188685,1
testvideo,188600,188850,188725,1
testvideo,188640,188890,188765,1
testvideo,188680,188930,188805,1
testvideo,188720,188970,188845,1
testvideo,188760,189010,188885,1
testvideo,188800,189050,188925,1
testvideo,188840,189090,188965,1
testvideo,188880,189130,189005,1
testvideo,188920,189170,189045,1
testvideo,188960,189210,189085,1
testvideo,189000,189250,189125,1
testvideo,189040,189290,189165,1
testvideo,189080,189330,189205,1
testvideo,189120,189370,189245,1
testvideo,189160,189410,189285,1
testvideo,189200,189450,189325,0
testvideo,189240,189490,189365,0
testvideo,189280,189530,189405,0
testvideo,189320,189570,189445,0
testvideo,189360,189610,189485,0
testvideo,189400,189650,189525,0
testvideo,189440,189690,189565,0
testvideo,189480,189730,189605,0
testvideo,189520,189770,189645,0
testvideo,189560,189810,189685,0
testvideo,189600,189850,189725,0
testvideo,189640,189890,189765,0
testvideo,189680,189930,189805,0
testvideo,189720,189970,189845,0
testvideo,189760,190010,189885,0
testvideo,189800,190050,189925,0
testvideo,189840,190090,189965,0
testvideo,189880,190130,190005,0
testvideo,189920,190170,190045,0
testvideo,189960,190210,190085,0
testvideo,190000,190250,190125,0
testvideo,190040,190290,190165,0
testvideo,190080,190330,190205,0
testvideo,190120,190370,190245,0
testvideo,190160,190410,190285,0
testvideo,190200,190450,190325,0
testvideo,190240,190490,190365,0
testvideo,190280,190530,190405,0
testvideo,190320,190570,190445,0
testvideo,190360,190610,190485,0
testvideo,190400,190650,190525,0
testvideo,190440,190690,190565,0
testvideo,190480,190730,190605,0
testvideo,190520,190770,190645,0
testvideo,190560,190810,190685,0
testvideo,190600,190850,190725,0
testvideo,190640,190890,190765,0
testvideo,190680,190930,190805,0
testvideo,190720,190970,190845,0
testvideo,190760,191010,190885,0
testvideo,190800,191050,190925,0
testvideo,190840,191090,190965,0
testvideo,190880,191130,191005,0
testvideo,190920,191170,191045,0
testvideo,190960,191210,191085,0
testvideo,191000,191250,191125,0
testvideo,191040,191290,191165,0
testvideo,191080,191330,191205,0
testvideo,191120,191370,191245,0
testvideo,191160,191410,191285,0
testvideo,191200,191450,191325,0
testvideo,191240,191490,191365,0
testvideo,191280,191530,191405,0
testvideo,191320,191570,191445,0
testvideo,191360,191610,191485,0
testvideo,191400,191650,191525,0
testvideo,191440,191690,191565,0
testvideo,191480,191730,191605,0
testvideo,191520,191770,191645,0
testvideo,191560,191810,191685,0
testvideo,191600,191850,191725,0
testvideo,191640,191890,191765,0
testvideo,191680,191930,191805,0
testvideo,191720,191970,191845,0
testvideo,191760,192010,191885,0
testvideo,191800,192050,191925,0
testvideo,191840,192090,191965,0
testvideo,191880,192130,192005,0
testvideo,191920,192170,192045,0
testvideo,191960,192210,192085,0
testvideo,192000,192250,192125,0
testvideo,192040,192290,192165,0
testvideo,192080,192330,192205,0
testvideo,192120,192370,192245,0
testvideo,192160,192410,192285,0
testvideo,192200,192450,192325,0
testvideo,192240,192490,192365,0
testvideo,192280,192530,192405,0
testvideo,192320,192570,192445,0
testvideo,192360,192610,192485,0
testvideo,192400,192650,192525,0
testvideo,192440,192690,192565,0
testvideo,192480,192730,192605,0
testvideo,192520,192770,192645,0
testvideo,192560,192810,192685,0
testvideo,192600,192850,192725,0
testvideo,192640,192890,192765,0
testvideo,192680,192930,192805,0
testvideo,192720,192970,192845,0
testvideo,192760,193010,192885,0
testvideo,192800,193050,192925,0
testvideo,192840,193090,192965,0
testvideo,192880,193130,193005,0
testvideo,192920,193170,193045,0
testvideo,192960,193210,193085,0
testvideo,193000,193250,193125,0
testvideo,193040,193290,193165,0
testvideo,193080,193330,193205,0
testvideo,193120,193370,193245,0
testvideo,193160,193410,193285,0
testvideo,193200,193450,193325,0
testvideo,193240,193490,193365,0
testvideo,193280,193530,193405,0
testvideo,193320,193570,193445,0
testvideo,193360,193610,193485,0
testvideo,193400,193650,193525,0
testvideo,193440,193690,193565,0
testvideo,193480,193730,193605,0
testvideo,193520,193770,193645,0
testvideo,193560,193810,193685,0
testvideo,193600,193850,193725,0
testvideo,193640,193890,193765,0
testvideo,193680,193930,193805,0
testvideo,193720,193970,193845,0
testvideo,193760,194010,193885,0
testvideo,193800,194050,193925,0
testvideo,193840,194090,193965,0
testvideo,193880,194130,194005,0
testvideo,193920,194170,194045,0
testvideo,193960,194210,194085,0
testvideo,194000,194250,194125,0
testvideo,194040,194290,194165,0
testvideo,194080,194330,194205,0
testvideo,194120,194370,194245,0
testvideo,194160,194410,194285,0
testvideo,194200,194450,194325,0
testvideo,194240,194490,194365,0
testvideo,194280,194530,194405,0
testvideo,194320,194570,194445,0
testvideo,194360,194610,194485,0
testvideo,194400,194650,194525,0
testvideo,194440,194690,194565,0
testvideo,194480,194730,194605,0
testvideo,194520,194770,194645,0
testvideo,194560,194810,194685,0
testvideo,194600,194850,194725,0
testvideo,194640,194890,194765,0
testvideo,194680,194930,194805,0
testvideo,194720,194970,194845,0
testvideo,194760,195010,194885,0
testvideo,194800,195050,194925,0
testvideo,194840,195090,194965,0
testvideo,194880,195130,195005,0
testvideo,194920,195170,195045,0
testvideo,194960,195210,195085,0
testvideo,195000,195250,195125,0
testvideo,195040,195290,195165,1
testvideo,195080,195330,195205,1
testvideo,195120,195370,195245,1
testvideo,195160,195410,195285,1
testvideo,195200,195450,195325,1
testvideo,195240,195490,195365,1
testvideo,195280,195530,195405,1
testvideo,195320,195570,195445,1
testvideo,195360,195610,195485,1
testvideo,195400,195650,195525,1
testvideo,195440,195690,195565,1
testvideo,195480,195730,195605,1
testvideo,195520,195770,195645,1
testvideo,195560,195810,195685,1
testvideo,195600,195850,195725,1
testvideo,195640,195890,195765,1
testvideo,195680,195930,195805,1
testvideo,195720,195970,195845,1
testvideo,195760,196010,195885,1
testvideo,195800,196050,195925,0
testvideo,195840,196090,195965,0
testvideo,195880,196130,196005,0
testvideo,195920,196170,196045,0
testvideo,195960,196210,196085,0
testvideo,196000,196250,196125,0
testvideo,196040,196290,196165,0
testvideo,196080,196330,196205,0
testvideo,196120,196370,196245,0
testvideo,196160,196410,196285,0
testvideo,196200,196450,196325,0
testvideo,196240,196490,196365,0
testvideo,196280,196530,196405,0
testvideo,196320,196570,196445,0
testvideo,196360,196610,196485,0
testvideo,196400,196650,196525,0
testvideo,196440,196690,196565,0
testvideo,196480,196730,196605,0
testvideo,196520,196770,196645,0
testvideo,196560,196810,196685,0
testvideo,196600,196850,196725,0
testvideo,196640,196890,196765,0
testvideo,196680,196930,196805,0
testvideo,196720,196970,196845,0
testvideo,196760,197010,196885,0
testvideo,196800,197050,196925,0
testvideo,196840,197090,196965,0
testvideo,196880,197130,197005,0
testvideo,196920,197170,197045,0
testvideo,196960,197210,197085,0
testvideo,197000,197250,197125,0
testvideo,197040,197290,197165,0
testvideo,197080,197330,197205,0
testvideo,197120,197370,197245,0
testvideo,197160,197410,197285,0
testvideo,197200,197450,197325,0
testvideo,197240,197490,197365,0
testvideo,197280,197530,197405,0
testvideo,197320,197570,197445,0
testvideo,197360,197610,197485,0
testvideo,197400,197650,197525,0
testvideo,197440,197690,197565,0
testvideo,197480,197730,197605,0
testvideo,197520,197770,197645,0
testvideo,197560,197810,197685,1
testvideo,197600,197850,197725,1
testvideo,197640,197890,197765,1
testvideo,197680,197930,197805,1
testvideo,197720,197970,197845,1
testvideo,197760,198010,197885,1
testvideo,197800,198050,197925,1
testvideo,197840,198090,197965,1
testvideo,197880,198130,198005,1
testvideo,197920,198170,198045,1
testvideo,197960,198210,198085,1
testvideo,198000,198250,198125,1
testvideo,198040,198290,198165,1
testvideo,198080,198330,198205,1
testvideo,198120,198370,198245,1
testvideo,198160,198410,198285,1
testvideo,198200,198450,198325,1
testvideo,198240,198490,198365,1
testvideo,198280,198530,198405,1
testvideo,198320,198570,198445,1
testvideo,198360,198610,198485,1
testvideo,198400,198650,198525,1
testvideo,198440,198690,198565,1
testvideo,198480,198730,198605,1
testvideo,198520,198770,198645,1
testvideo,198560,198810,198685,2
testvideo,198600,198850,198725,2
testvideo,198640,198890,198765,2
testvideo,198680,198930,198805,2
testvideo,198720,198970,198845,2
testvideo,198760,199010,198885,2
testvideo,198800,199050,198925,2
testvideo,198840,199090,198965,2
testvideo,198880,199130,199005,2
testvideo,198920,199170,199045,2
testvideo,198960,199210,199085,2
testvideo,199000,199250,199125,2
testvideo,199040,199290,199165,2
testvideo,199080,199330,199205,2
testvideo,199120,199370,199245,2
testvideo,199160,199410,199285,2
testvideo,199200,199450,199325,2
testvideo,199240,199490,199365,2
testvideo,199280,199530,199405,2
testvideo,199320,199570,199445,2
testvideo,199360,199610,199485,2
testvideo,199400,199650,199525,2
testvideo,199440,199690,199565,2
testvideo,199480,199730,199605,2
testvideo,199520,199770,199645,2
testvideo,199560,199810,199685,2
testvideo,199600,199850,199725,2
testvideo,199640,199890,199765,3
testvideo,199680,199930,199805,3
testvideo,199720,199970,199845,3
testvideo,199760,200010,199885,3
testvideo,199800,200050,199925,3
testvideo,199840,200090,199965,3
testvideo,199880,200130,200005,3
testvideo,199920,200170,200045,3
testvideo,199960,200210,200085,3
testvideo,200000,200250,200125,3
testvideo,200040,200290,200165,3
testvideo,200080,200330,200205,3
testvideo,200120,200370,200245,3
testvideo,200160,200410,200285,3
testvideo,200200,200450,200325,0
testvideo,200240,200490,200365,0
testvideo,200280,200530,200405,0
testvideo,200320,200570,200445,0
testvideo,200360,200610,200485,0
testvideo,200400,200650,200525,0
testvideo,200440,200690,200565,0
testvideo,200480,200730,200605,0
testvideo,200520,200770,200645,0
testvideo,200560,200810,200685,0
testvideo,200600,200850,200725,0
testvideo,200640,200890,200765,0
testvideo,200680,200930,200805,0
testvideo,200720,200970,200845,0
testvideo,200760,201010,200885,0
testvideo,200800,201050,200925,0
testvideo,200840,201090,200965,0
testvideo,200880,201130,201005,0
testvideo,200920,201170,201045,0
testvideo,200960,201210,201085,0
testvideo,201000,201250,201125,0
testvideo,201040,201290,201165,0
testvideo,201080,201330,201205,0
testvideo,201120,201370,201245,0
testvideo,201160,201410,201285,0
testvideo,201200,201450,201325,0
testvideo,201240,201490,201365,0
testvideo,201280,201530,201405,0
testvideo,201320,201570,201445,0
testvideo,201360,201610,201485,0
testvideo,201400,201650,201525,0
testvideo,201440,201690,201565,0
testvideo,201480,201730,201605,0
testvideo,201520,201770,201645,0
testvideo,201560,201810,201685,0
testvideo,201600,201850,201725,0
testvideo,201640,201890,201765,0
testvideo,201680,201930,201805,0
testvideo,201720,201970,201845,0
testvideo,201760,202010,201885,0
testvideo,201800,202050,201925,0
testvideo,201840,202090,201965,0
testvideo,201880,202130,202005,0
testvideo,201920,202170,202045,0
testvideo,201960,202210,202085,0
testvideo,202000,202250,202125,0
testvideo,202040,202290,202165,0
testvideo,202080,202330,202205,0
testvideo,202120,202370,202245,0
testvideo,202160,202410,202285,0
testvideo,202200,202450,202325,0
testvideo,202240,202490,202365,0
testvideo,202280,202530,202405,0
testvideo,202320,202570,202445,0
testvideo,202360,202610,202485,0
testvideo,202400,202650,202525,0
testvideo,202440,202690,202565,0
testvideo,202480,202730,202605,0
testvideo,202520,202770,202645,0
testvideo,202560,202810,202685,0
testvideo,202600,202850,202725,0
testvideo,202640,202890,202765,0
testvideo,202680,202930,202805,0
testvideo,202720,202970,202845,0
testvideo,202760,203010,202885,0
testvideo,202800,203050,202925,0
testvideo,202840,203090,202965,0
testvideo,202880,203130,203005,0
testvideo,202920,203170,203045,0
testvideo,202960,203210,203085,0
testvideo,203000,203250,203125,0
testvideo,203040,203290,203165,0
testvideo,203080,203330,203205,0
testvideo,203120,203370,203245,0
testvideo,203160,203410,203285,0
testvideo,203200,203450,203325,0
testvideo,203240,203490,203365,0
testvideo,203280,203530,203405,0
testvideo,203320,203570,203445,0
testvideo,203360,203610,203485,0
testvideo,203400,203650,203525,0
testvideo,203440,203690,203565,0
testvideo,203480,203730,203605,0
testvideo,203520,203770,203645,0
testvideo,203560,203810,203685,0
testvideo,203600,203850,203725,0
testvideo,203640,203890,203765,0
testvideo,203680,203930,203805,0
testvideo,203720,203970,203845,0
testvideo,203760,204010,203885,0
testvideo,203800,204050,203925,0
testvideo,203840,204090,203965,0
testvideo,203880,204130,204005,0
testvideo,203920,204170,204045,0
testvideo,203960,204210,204085,0
testvideo,204000,204250,204125,0
testvideo,204040,204290,204165,0
testvideo,204080,204330,204205,0
testvideo,204120,204370,204245,0
testvideo,204160,204410,204285,0
testvideo,204200,204450,204325,0
testvideo,204240,204490,204365,0
testvideo,204280,204530,204405,0
testvideo,204320,204570,204445,0
testvideo,204360,204610,204485,0
testvideo,204400,204650,204525,0
testvideo,204440,204690,204565,0
testvideo,204480,204730,204605,0
testvideo,204520,204770,204645,0
testvideo,204560,204810,204685,0
testvideo,204600,204850,204725,0
testvideo,204640,204890,204765,0
testvideo,204680,204930,204805,0
testvideo,204720,204970,204845,0
testvideo,204760,205010,204885,0
testvideo,204800,205050,204925,0
testvideo,204840,205090,204965,0
testvideo,204880,205130,205005,0
testvideo,204920,205170,205045,0
testvideo,204960,205210,205085,0
testvideo,205000,205250,205125,0
testvideo,205040,205290,205165,0
testvideo,205080,205330,205205,0
testvideo,205120,205370,205245,0
testvideo,205160,205410,205285,0
testvideo,205200,205450,205325,0
testvideo,205240,205490,205365,0
testvideo,205280,205530,205405,0
testvideo,205320,205570,205445,0
testvideo,205360,205610,205485,0
testvideo,205400,205650,205525,0
testvideo,205440,205690,205565,0
testvideo,205480,205730,205605,0
testvideo,205520,205770,205645,0
testvideo,205560,205810,205685,0
testvideo,205600,205850,205725,0
testvideo,205640,205890,205765,0
testvideo,205680,205930,205805,0
testvideo,205720,205970,205845,0
testvideo,205760,206010,205885,0
testvideo,205800,206050,205925,0
