video_id,start_frame,end_frame,center_frame,start_ms,end_ms,center_ms,duration_ms,source,left_wrist_velocity_mean,left_wrist_velocity_std,left_wrist_velocity_max,right_wrist_velocity_mean,right_wrist_velocity_std,right_wrist_velocity_max,left_elbow_velocity_mean,left_elbow_velocity_std,left_elbow_velocity_max,right_elbow_velocity_mean,right_elbow_velocity_std,right_elbow_velocity_max,left_wrist_body_relative_x_mean,left_wrist_body_relative_x_std,left_wrist_body_relative_x_change,left_wrist_body_relative_y_mean,left_wrist_body_relative_y_std,left_wrist_body_relative_y_change,left_wrist_body_relative_z_mean,left_wrist_body_relative_z_std,left_wrist_body_relative_z_change,right_wrist_body_relative_x_mean,right_wrist_body_relative_x_std,right_wrist_body_relative_x_change,right_wrist_body_relative_y_mean,right_wrist_body_relative_y_std,right_wrist_body_relative_y_change,right_wrist_body_relative_z_mean,right_wrist_body_relative_z_std,right_wrist_body_relative_z_change,left_elbow_body_relative_x_mean,left_elbow_body_relative_x_std,left_elbow_body_relative_x_change,left_elbow_body_relative_y_mean,left_elbow_body_relative_y_std,left_elbow_body_relative_y_change,left_elbow_body_relative_z_mean,left_elbow_body_relative_z_std,left_elbow_body_relative_z_change,right_elbow_body_relative_x_mean,right_elbow_body_relative_x_std,right_elbow_body_relative_x_change,right_elbow_body_relative_y_mean,right_elbow_body_relative_y_std,right_elbow_body_relative_y_change,right_elbow_body_relative_z_mean,right_elbow_body_relative_z_std,right_elbow_body_relative_z_change,left_wrist_shoulder_relative_x_mean,left_wrist_shoulder_relative_x_std,left_wrist_shoulder_relative_x_change,left_wrist_shoulder_relative_y_mean,left_wrist_shoulder_relative_y_std,left_wrist_shoulder_relative_y_change,left_wrist_shoulder_relative_z_mean,left_wrist_shoulder_relative_z_std,left_wrist_shoulder_relative_z_change,right_wrist_shoulder_relative_x_mean,right_wrist_shoulder_relative_x_std,right_wrist_shoulder_relative_x_change,right_wrist_shoulder_relative_y_mean,right_wrist_shoulder_relative_y_std,right_wrist_shoulder_relative_y_change,right_wrist_shoulder_relative_z_mean,right_wrist_shoulder_relative_z_std,right_wrist_shoulder_relative_z_change,left_shoulder_to_wrist_distance_change,left_wrist_forward_extension_change,right_shoulder_to_wrist_distance_change,right_wrist_forward_extension_change,label
v_BoxingPunchingBag_g01_c01,15,21,18,550,800,675,250,punch_window,1.9909089434512248,2.141199381256981,6.468931612656624,3.634203121467463,3.79818533427963,10.928505989660076,1.5193903886980022,1.3814580442265756,4.469167838538914,1.603639838957039,1.455332525027836,4.2494984027093965,-0.0829924728189196,0.034135013180230656,-0.09283877909183502,-0.06345434912613464,0.018960511762307335,-0.03918479382991796,-0.07140648824029736,0.1045476433952613,0.10772652924060823,-0.01930885229791914,0.022105990609638172,0.027013704180717468,-0.025818064808845558,0.0184256685378124,0.02440346777439112,0.3077517137862742,0.12989252752811528,0.0662249568849802,-0.05154169031551906,0.03142357304280353,-0.08392985165119171,-0.04748674162796567,0.02074017547261158,-0.05556492507457739,-0.1368409971972661,0.068408702326555,0.08456747420132149,0.0076492897101811,0.029191308281144576,0.04633478820323944,-0.02346071813787736,0.008506452939945851,-0.010899797081947271,0.24336150388366407,0.047326190042372034,0.020827973261475563,-0.0638099227632795,0.02540893975966212,-0.050838351249694824,0.021920957735606587,0.02021979843913992,-0.0404135286808015,0.02363610533731318,0.07277472882784046,0.04447775147855281,-0.028027823993137906,0.008199351469076323,-0.0053192973136901855,0.05183312722614832,0.01893667530783679,0.029305249452590887,0.16017840988934043,0.13416979130564646,0.05159100890159604,0.026258567700507995,-0.04447775147855281,0.0589489853884744,-0.05159100890159604,punch
v_BoxingPunchingBag_g01_c01,20,26,23,750,1000,875,250,punch_window,1.5357179299390158,0.9223398896709256,2.836759384431803,2.0140288497709355,1.8972060571350113,6.1803907312743105,0.8471137759692993,0.771592001401273,2.1174270747603963,1.1557034854793338,1.1734287138171065,3.7111517878067546,-0.12420095503330231,0.01698027951514548,-0.026961252093315125,-0.07382361590862277,0.0029899532772140035,0.00011998414993286133,-0.03829981300181577,0.058605488942386326,-0.18276617163792247,-0.0038727415459496634,0.01270507070861582,0.01470114290714264,0.0032727356467927887,0.031153492608737305,0.07503476738929754,0.35075455804222394,0.07152093246817533,-0.10217459732666606,-0.0855740202324731,0.007297948091615527,0.005053296685218811,-0.06632071946348467,0.0032676301623340716,-0.0020626485347747248,-0.11924966457965115,0.03569066955548024,-0.11649223370477556,0.025076144507953098,0.006037530211349611,-0.0035501569509506226,-0.01569443728242605,0.01114279813604459,0.031319946050643865,0.26621944889692317,0.03625592229112952,-0.020630287472158587,-0.09107596533639091,0.015820162772665552,-0.03471815586090088,0.013217662061963755,0.003401285422203809,0.009931385517120417,0.05564644826310015,0.040936449921701465,-0.1091093663126229,-0.02760413714817592,0.009608570035755595,0.00903254747390747,0.08171357427324567,0.030398049192260964,0.07262364029884344,0.1881135255098343,0.06859363114716784,-0.14777408540248863,-0.0031697079545363327,0.1091093663126229,-0.07270080612480645,0.14777408540248863,punch
v_BoxingPunchingBag_g01_c01,25,31,28,950,1200,1075,250,punch_window,3.5266529687251147,4.128993549133268,12.438986989026688,3.0554706856895653,2.648937790235908,8.713179524213864,1.6256113918789727,2.0960499159005446,6.237780579400371,1.672913184247393,1.1548959288719307,3.888640389753716,-0.09314936399459839,0.04396932171916854,0.08098204433917999,-0.06911541521549228,0.007201876253566719,0.013976864516735132,-0.21753993104877214,0.1568904354397257,-0.26047771237790585,-0.02730915801865714,0.038187174131054186,-0.06768910586833954,-0.025208288005420156,0.07190521370897839,-0.13590890914201736,0.20823970144348486,0.15247438906532837,-0.2696103733032941,-0.049699174506323676,0.03579848935159601,0.0717865377664566,-0.046964413353375055,0.01732003857844829,0.03371768444776535,-0.22809339607400553,0.07885756314774438,-0.11743242107331747,-0.01586774843079703,0.05069913544318741,-0.12394694983959198,-0.033568456768989584,0.03839813448947189,-0.09004748612642288,0.2062193466616528,0.068434066864166,-0.1207228358834981,-0.07628993902887617,0.027879951723243795,0.04296398162841797,0.022423969847815393,0.007679814336780424,0.014262408018112294,-0.07644126171778357,0.14205561805095354,-0.247200295329094,-0.032579856259482246,0.0185239803604232,-0.008775174617767334,0.06253316572734288,0.06342067353566887,-0.11548662185668951,0.05445639044046407,0.13760956681078873,-0.2607636973261832,0.10351920605851055,0.247200295329094,0.01831386634339144,0.2607636973261832,punch
v_BoxingPunchingBag_g01_c01,62,68,65,2430,2680,2555,250,punch_window,2.3470202992422546,1.837614253073593,5.963556610066799,0.7847551824974225,0.570864064927936,2.0172566018509728,1.7028041602308575,0.888263290787082,3.0410383235358784,0.5344770524027628,0.37978394320627695,1.3481478444692696,-0.12490419404847282,0.03908462064588822,-0.08435563743114471,-0.06830321890967235,0.010619367367089776,-0.00020828843116760254,0.03591614371232158,0.10336894654320167,-0.12812831671908487,0.025916725397109985,0.02327318207679405,0.0560278445482254,-0.02798095771244597,0.01486196124289061,-0.02371692657470703,0.3840269307506138,0.026251384609188046,0.03615205315873027,-0.09645328777176994,0.023424711712964664,-0.05916224420070648,-0.051494560071400255,0.017609195654009056,-0.043715089559555054,-0.035700355573291195,0.0617625489088472,0.007233935873955544,0.050726358379636495,0.01089078976050689,0.027111604809761047,-0.024442157575062375,0.015601474058405401,-0.03447207808494562,0.22856498930403693,0.03384927084053344,-0.07213991554453963,-0.08302876779011317,0.035268611153436255,-0.07248646020889282,0.02636201892580305,0.012073333061633313,-0.005879849195480347,0.06722951201455932,0.11020406993800555,-0.19926218874752508,-0.0122483457837786,0.02020795477693575,0.04904580116271973,0.06089487246104646,0.015128479094844065,-0.021373748779296875,0.27656942286661695,0.06471266515723977,0.13907484710216528,-0.015697582638994567,0.19926218874752508,0.12332805717719467,-0.13907484710216528,punch
v_BoxingPunchingBag_g01_c01,109,115,112,4310,4560,4435,250,punch_window,1.8011277659439162,1.309291201058168,3.616855457093563,1.7695358114176916,1.1595937537556265,3.8544103708744237,1.4368505392031083,1.0033551281067397,3.2770335356283904,1.0598734141497488,0.6271269102537355,2.098785471168035,-0.06660538486071996,0.029644157512104058,-0.03762440383434296,-0.07782093435525896,0.01782034111573326,-0.03435172140598297,0.09004391084558197,0.0653891006242483,-0.17083999188616872,0.002504634005682809,0.02689562330859634,0.08719693124294281,-0.00906364726168772,0.025889309529975167,0.05796791613101965,0.3246253233269921,0.0816077752819873,-0.17564057605341082,-0.07181442209652492,0.023321779136285737,-0.033046916127204895,-0.048687844404152476,0.01445017389236505,-0.022990062832832392,-0.024565446922289482,0.039911455677158335,-0.06942918570712202,0.038518543754305155,0.014893421969872716,0.05059663951396942,-0.005553989538124653,0.006352789351590459,-0.002572610974311773,0.22861591773107648,0.05385199601000437,-0.1399743934161961,-0.026591096605573388,0.02695346131986552,-0.02438601851463318,0.02183681300708229,0.017830438754690325,-0.03517511487007141,0.11980435810983184,0.045937079233580334,-0.1497784275561572,-0.03863168614251273,0.022985711346887452,0.07381278276443481,0.08213713339396884,0.023965539860932562,0.05594897270202648,0.17973044514656067,0.06539196565290517,-0.07159431278705602,-0.10700755481406994,0.1497784275561572,-0.057818916442036156,0.07159431278705602,punch
v_BoxingPunchingBag_g01_c01,114,120,117,4510,4760,4635,250,punch_window,2.86390560813784,2.0361990461339183,6.455722053026953,2.4196891951594885,0.8351303862108888,3.7006301471761516,1.6132565385164923,0.9792052377805003,3.492482015114888,1.4828368689528704,0.6901708193878646,2.6932663210212517,-0.0886628159454891,0.01647115559502177,0.021130338311195374,-0.05973971422229495,0.03598285275285855,0.08462972939014435,0.053837698285600956,0.09352635433044486,-0.11814657412469379,0.02769971319607326,0.010544119947450912,-0.0015453249216079712,-0.009906718773501291,0.025406544204211852,-0.05645795166492462,0.34250467822753955,0.068612108036738,-0.07755416072905069,-0.08500295451709203,0.01719099931148941,0.04533465206623072,-0.0381921455264092,0.02721394008325582,0.06307114660739893,-0.06484220121637915,0.04056075352596783,-0.0198375023901462,0.05617150664329529,0.007667045936895903,-0.0034510046243667603,-0.022725204271929637,0.01057018847604162,-0.024406209588050842,0.2124850177206099,0.03327769901584379,-0.06033691205084327,-0.04218011243002758,0.015964836582597435,0.010944455862045288,0.036289576973233935,0.031435366228117066,0.07416486740112305,0.11472321980233702,0.08440255424561074,-0.11382027715444559,-0.008390809808458601,0.007898251798076125,0.023366987705230713,0.08191874623298645,0.022506372569964232,-0.049667209386825506,0.2424619612949235,0.05887896879887656,-0.019045561552047813,-0.05303159021236023,0.11382027715444559,-0.03612217840972787,0.019045561552047813,punch
v_BoxingPunchingBag_g01_c01,120,126,123,4750,5000,4875,250,punch_window,4.53197420509701,3.1755140293600803,9.548964011477475,5.636324437412593,5.905575767476388,16.47397458389405,2.930856838812255,1.9493316180875229,6.3181494064894235,3.039904760223577,2.6115186598218587,7.298490142384413,-0.08323884223188675,0.033101676064201266,0.05314549803733831,-0.06807773453848705,0.034854636699622764,-0.0713985413312912,0.08093488547352272,0.2098117006557809,0.48322455398738373,0.023966574243136814,0.026863730018432425,0.03557327389717102,-0.043777776615960266,0.006418532301768731,-0.0019693821668624323,0.2696522257257519,0.189762705862697,-0.04752261005342004,-0.070509461419923,0.022614269548239797,0.0032495260238648016,-0.036662110260554735,0.019391429689847903,-0.0305346399545669,0.0318139052916584,0.14745730456321907,0.3430799040943383,0.02763125513281141,0.027400773999638663,0.011615604162216187,-0.022485958678381806,0.006898467660448888,0.015508487820625305,0.13066219935925408,0.09687637416195025,-0.15100713260471826,-0.056302811418260865,0.040492310048011584,0.059598386287689264,0.02617454954556058,0.03045553989513705,-0.06057557463645935,0.061243163687842224,0.13733682692966107,0.2874564938247204,0.006098568439483643,0.010496431733322235,0.01677560806274414,0.04637991530554637,0.007462276655479228,-0.007502943277359009,0.23449568769761495,0.1864458371539222,0.07673440873622894,0.21361607904972235,-0.2874564938247204,0.07421966944729583,-0.07673440873622894,punch
v_BoxingPunchingBag_g01_c02,76,82,79,2990,3240,3115,250,punch_window,2.616135482815307,1.0949335737002226,3.9556359782662294,2.3656861890595966,1.307614539177438,4.828305055979274,1.8282127400431076,0.632178308681298,2.716238979916502,1.850648930067379,1.2132049162964027,4.230557039400766,-0.1140287880386625,0.048177538613798025,-0.09197071194648743,-0.07142943463155205,0.012088006030303165,-0.010413974523544256,-0.209211835820627,0.10528088876883741,0.31110305676702404,-0.037124610372952054,0.04679304853163646,0.1111423671245575,-0.02166783703225001,0.047484960003029264,0.1353597640991211,0.18181433608489375,0.06412918907826222,0.08000647369772189,-0.06438174630914416,0.04305898931424377,-0.0934995710849762,-0.057189144194126136,0.017948907012386772,-0.03469076752662653,-0.1868936821286167,0.054373582059822685,0.15439133811742067,-0.009576373866626195,0.03866088707473502,0.09598556160926819,-0.031060864882809798,0.022691465001093588,0.06269118189811707,0.16733424445348127,0.03537561526273726,0.0003673965111374855,-0.08982470205851964,0.028745922298987897,-0.042456090450286865,0.012621675218854609,0.017536108139023877,-0.0026092231273650013,-0.10802252449294818,0.09230205041823633,0.2774959082016721,-0.04191562107631138,0.02436614861903315,0.045338571071624756,0.04996620757239206,0.04905497936897258,0.14042663574218744,0.06799117103219035,0.04803104435007097,0.0612751841545104,-0.14242592287525635,-0.2774959082016721,0.1002900415730266,-0.0612751841545104,punch
v_BoxingPunchingBag_g01_c02,123,129,126,4870,5120,4995,250,punch_window,2.582037394106399,1.5675719308728016,4.644659038052804,2.8004307469486385,1.6778684393301275,6.005399972329216,2.031934021772599,1.1461506128841314,3.8066640753913057,1.8859655013389034,1.355754161827405,4.16994409747833,-0.12105461529323033,0.0311467912680538,-0.05472089350223541,-0.06261344147580013,0.03815405425488501,-0.10773149132728571,-0.07596622350891784,0.07257964494109571,-0.012668557465076447,-0.03540415849004473,0.039968534318947015,0.031262680888175964,-0.02539630553552084,0.006931289541985077,-0.020174950361251776,0.27402225765399635,0.06115441938128543,-0.02060646563768387,-0.07846294556345258,0.0190802197934797,-0.04124237596988678,-0.041496111878326976,0.027658884231981016,-0.07665812969207758,-0.12723400613426095,0.05469972385133367,0.03688852488994597,0.006221068756920951,0.028272826344909033,0.01656697690486908,-0.02837952226400377,0.0067240710226779575,-0.01704981923103327,0.21916586044244468,0.03229862577411166,-0.015650533139705686,-0.0859035210950034,0.028661392831517914,-0.05142390727996826,0.018647428069795875,0.03677670840011054,-0.10450291633605951,0.02377778265093053,0.049302641064316574,-0.04904409497976301,-0.05733705418450492,0.034053223663236806,0.019418001174926758,0.05833852716854641,0.0056693523639669615,-0.01632320880889887,0.14276255826864925,0.04701198140445509,-0.035123541951179504,0.04545262389094715,0.04904409497976301,-0.042501952310510266,0.035123541951179504,punch
v_BoxingPunchingBag_g01_c02,126,132,129,4990,5240,5115,250,punch_window,3.487034256141903,1.9087572950617768,5.946304921274104,2.0047542745250193,1.021742316877766,3.904167935388028,2.5783654168460544,1.5027656337351978,5.361186793943071,1.3892594235038231,0.8442075250368445,2.8996692246982128,-0.1294294915028981,0.03525509555473957,-0.015067368745803833,-0.09604970365762712,0.019107421909523793,-0.04033806920051575,-0.1562363618120019,0.17684920620968736,-0.4771005278453231,-0.04861222207546234,0.05919547430259542,-0.08738541603088379,-0.05683787699256626,0.04386285214561036,-0.11843055486679077,0.275314348916124,0.04573737758842519,-0.12783273123204705,-0.0836104473897389,0.022153541185374964,-0.001357048749923706,-0.0657335849744933,0.01576168506848631,-0.031602948904037476,-0.17297111102379858,0.12074125919843631,-0.2837409283965826,-0.004827837858881269,0.04520413922168214,-0.08244660496711731,-0.053230250520365584,0.03459068774800725,-0.09853512048721313,0.22189584244707863,0.020021267448161687,-0.05965723656117916,-0.09744679927825928,0.03082062856937901,-0.03571349382400513,-0.012674076216561454,0.01890759505479524,-0.0369067788124085,-0.04510511484529293,0.12015149344298724,-0.35872720275074244,-0.06567321079117912,0.04426437357503674,-0.049074023962020874,0.030110959495816905,0.03944567187173852,-0.10626128315925604,0.14130300815616334,0.033096937647622025,-0.0795836076140404,0.1999190873759945,0.35872720275074244,-0.03039285778531764,0.0795836076140404,punch
v_BoxingPunchingBag_g01_c02,136,142,139,5390,5640,5515,250,punch_window,3.91228434123002,2.2842555929269617,7.596706507097401,2.3794119064819452,0.5711155357031121,3.2939704475959988,2.280316435764903,1.6038425921900497,4.670073050848142,1.910554214054402,0.8983214739010675,3.7040563239739863,-0.0958309429032462,0.033692978944471354,-0.03612980246543884,-0.08154258664165227,0.023682139916148065,-0.022003225982189123,0.07930465661255377,0.1172406336014635,0.1291938573122024,0.023844229323523387,0.061610449792906884,0.16914355754852295,-0.06511254927941733,0.022788035451904356,0.04003218561410904,0.23889084832210625,0.05754529280009972,0.022961691021919306,-0.07951998284884862,0.014063901761781935,-0.028154730796813965,-0.055490201073033485,0.01620329698908226,-0.017141066491603796,0.035089463328144374,0.10037016471819071,0.20620466768741597,0.04472837703568595,0.037648846995686616,0.10535579919815063,-0.04592737661940714,0.019430171153719443,0.04138977080583567,0.09234076745009846,0.08039864280126263,-0.12190013378858561,-0.05856672780854361,0.03320545776450644,-0.019960016012191772,0.0012200815337044615,0.022942343622796804,-0.016918480396270696,0.06593135012579816,0.08497518289811871,-0.053446851670742,-0.0020369461604527067,0.04974884670622264,0.13388055562973022,0.028229870966502608,0.02092552547850595,0.03584116697311407,0.23477935631360328,0.04727368682916964,0.15059541165828702,0.016806051925020604,0.053446851670742,0.12655510869318853,-0.15059541165828702,punch
v_BoxingPunchingBag_g01_c03,8,14,11,270,520,395,250,punch_window,3.3407555380242795,2.1454356150816296,5.874209778069413,2.342739476196958,1.1580799858888315,3.7063500316270375,2.036139404860306,1.6126411620173249,4.846795220018681,1.1908437352528622,0.6920656231551121,2.3717396771299266,-0.13348476588726044,0.0358430314894809,0.010754719376564026,-0.08947762421199257,0.031190436664216545,0.07458963245153427,0.06343002939995909,0.1418240547627219,-0.1506104883737861,0.022192505853516713,0.00997813890416307,-0.001501336693763733,-0.002741775342396343,0.02872823245737134,0.06150966137647634,0.40271049129244474,0.06085756355314792,0.03855869127437467,-0.10335536301136017,0.009990260085959029,0.02587948739528656,-0.07670128771236966,0.016737889868422156,0.031811051070690155,-0.025993125479934456,0.07992698108093861,-0.0795220886357128,0.05026415629046304,0.005547121165086312,-0.012252584099769592,-0.008825182914733918,0.012845439965130672,0.031799994409084265,0.2628160696809313,0.032388829018648084,0.05935487104579812,-0.08827798281397138,0.03407954129708032,0.007291346788406372,0.008138797112873622,0.02953550196874857,0.0723421573638916,0.0915371018594929,0.12162953529989085,-0.1348409149795768,-0.019180050918034146,0.011351145794094516,0.008065760135650635,0.08465805224009923,0.02583835745282582,0.05405610799789434,0.2579298210995538,0.06181811939946861,-0.01740051805973064,0.05217819833659873,0.1348409149795768,0.001740911209098861,0.01740051805973064,punch
v_BoxingPunchingBag_g01_c03,12,18,15,430,680,555,250,punch_window,5.29227621135542,3.1507994164273705,11.742674254636958,4.865107573210172,5.468009733674468,16.913462806173797,2.9686970714013836,2.263585131897812,7.055211644963322,2.3534531195671535,2.9604437216079953,8.915960692855526,-0.11195240701947894,0.02735176255688796,0.015310928225517273,-0.06673897802829745,0.024508375316139374,0.011844918131828308,-0.07735998760576226,0.21280947762905517,-0.6253036810085177,-0.01703543322426933,0.05393214383114325,-0.15028576552867895,-0.038963230592863926,0.07181395174962878,-0.15697254240512848,0.35556363535579294,0.19859627919732664,-0.5131336404010652,-0.0850246250629425,0.02658205196308744,0.07236896455287933,-0.0394134968519211,0.020685357959261883,0.059008017182350214,-0.1298465701319011,0.1491523782993928,-0.41899102460592985,0.013054809400013514,0.0498776500958064,-0.1561560183763504,-0.025191164442471128,0.040651578000225244,-0.10149429738521581,0.26903925525091055,0.08968624393196968,-0.15698334109038117,-0.0733336593423571,0.02014428732302375,-0.029392778873443604,0.027874205793653215,0.024715247159462262,0.002300739288330078,0.014764774391161513,0.15269479261596344,-0.3857464939355851,-0.03742931996073042,0.031016961682847673,-0.07501921057701116,0.055120204176221564,0.06201416589990397,-0.1307660341262818,0.19416777363845283,0.1818967838749297,-0.5139181017875669,-0.03684864981676589,0.3857464939355851,-0.0532596608203805,0.5139181017875669,punch
v_BoxingPunchingBag_g01_c03,103,109,106,4070,4320,4195,250,punch_window,2.093609104998469,1.2749445530292844,3.9143146193803657,2.5481726138181053,1.0516973292686205,4.082723361010892,0.9258278313828526,0.5353415325298218,1.9032360945509752,1.1758430087752776,0.5076049971205615,2.1390245810818844,-0.004952830927712577,0.04745585089241626,-0.09050460159778595,-7.768720388415648e-05,0.009737608128219041,-0.030307598412036896,-0.17247976242963756,0.08326837963260585,0.19087828975170854,-0.0209757855960301,0.028300647326959263,-0.062102630734443665,-0.004076950252056145,0.023288201941267656,-0.05704135447740555,0.133915758558682,0.08452245845491557,-0.08238894306123247,0.02383838381086077,0.03424471819254555,-0.06078709661960602,-0.020391248166561158,0.007696612011764509,0.018374554812908228,-0.1881908255496195,0.023587874394760063,0.046045392751693726,-0.005021367754255023,0.013767190480802523,-0.02644611895084381,-0.018361718526908353,0.01768744886251337,0.016092143952846527,0.15978704153427054,0.03497872466558172,0.006865121424198123,-0.010316201618739538,0.042333438632198,-0.07868903875350952,0.07303060804094588,0.006116472568894118,-0.018755346536636297,-0.03233681792127238,0.09221965978699219,0.2117411671206355,-0.011630901268550329,0.028189657750597563,-0.05649447441101074,0.06831914186477661,0.022561614124064534,-0.05827385187149042,0.026190092787146586,0.09669081456704103,-0.14740200899541372,0.053176101420599156,-0.2117411671206355,0.05194321277628841,0.14740200899541372,punch
v_BoxingPunchingBag_g01_c03,113,119,116,4470,4720,4595,250,punch_window,1.7351236072175167,1.0156196554074415,3.1307333443398324,1.5547017228361757,0.8125132721867588,2.8009113940931907,1.0436048817504384,0.6665625802338152,1.968589730646553,0.9373232312184397,0.40311276507855076,1.452752726686319,-0.00041940808296203613,0.06103275609756482,-0.11916270852088928,-0.022395294691835148,0.04805408510711898,-0.08180653303861624,-0.22717248342399085,0.046296271592606776,0.08599945437163117,-0.006863972970417568,0.019615243857340606,0.026168078184127808,0.010741277464798518,0.02912479626971922,-0.03651388734579086,0.13868119341454332,0.031360548084316334,-0.01717313844710594,0.00877534065927778,0.04874666509838128,-0.10053929686546326,-0.03916224305118834,0.009223644040959624,-0.013925783336162567,-0.17170184012502432,0.027943912826272434,0.032455484382808236,-0.007151820829936436,0.017155666207283808,0.026558130979537964,-0.018696643412113214,0.014003856886444918,-0.020533941686153412,0.14093252790293515,0.032394194411121874,-0.07569362688809636,-0.002497579370226179,0.04941448569726068,-0.08592408895492554,0.05218323213713512,0.04935077424889277,-0.08538743853569036,-0.12661093792745048,0.03352960442353073,0.04536559432744981,0.0038244128227233887,0.02378749215439135,-0.009641468524932861,0.0792346170970372,0.027379802942304212,-0.030428916215896662,0.05783427080937797,0.03659722509969922,0.029016710817813797,-0.07236732791189056,-0.04536559432744981,-0.019716552013202465,-0.029016710817813797,punch
v_BoxingPunchingBag_g01_c04,1,7,4,0,240,120,240,punch_window,1.723668776895045,1.5717715394800342,4.6353296808828475,1.5464528131979154,1.0251849091825347,3.439844604227165,1.4048962886613612,1.382106082284358,4.154715829819359,0.8071037893225541,0.6377208369704164,2.197426122461514,-0.047439871089799066,0.05071168424002229,-0.09747098386287689,-0.07128311800105233,0.03530622559952087,-0.08727069944143295,-0.15120709634252955,0.060089034579855476,-0.11595151387155062,-0.05875574478081295,0.033188855846370394,-0.08431665599346161,-0.04912340108837403,0.03896819653366099,-0.11411141604185104,0.026840114433850544,0.048168312751047035,0.08228163234889505,-0.009348986404282706,0.03727219460021114,-0.08895425498485565,-0.049746712403638045,0.03790235955077404,-0.08511405438184738,-0.1754835274602685,0.046835571009912626,-0.12346149049699306,-0.04368669433253152,0.019978854403402167,-0.05676065385341644,-0.03388894775084088,0.03594696084339802,-0.09274207800626755,0.11686910954969267,0.020346508455083123,0.04256819374859333,-0.051701017788478305,0.041853150821223734,-0.07159614562988281,0.00520730870110648,0.03215060726823788,-0.0822849571704864,-0.03309205174446104,0.043708561406659706,-0.03362303227186213,-0.04154665981020246,0.034066095934304125,-0.08258265256881714,0.013567592416490828,0.03355217620586374,-0.0994288027286529,-0.09134585224092005,0.05006098899718103,0.08383430168032639,0.058388836235211045,0.03362303227186213,-0.022818488374949583,-0.08383430168032639,punch
v_BoxingPunchingBag_g01_c04,40,46,43,1550,1800,1675,250,punch_window,2.609359005168856,1.8481473902226337,5.662423323472025,2.5211053866269677,1.3179488479180297,4.124262083420977,1.6460084073515813,1.0387286824835684,3.027763634232996,1.5657641030586726,0.7629239198195188,2.920600534181714,-0.03752756544521877,0.007771142251328699,6.917119026184082e-05,-0.08529675113303324,0.040828958446481343,-0.11029331386089325,0.07631666586530629,0.1747579987168988,-0.463626296725124,0.008433627230780465,0.02497125228485356,-0.07302764058113098,-0.008895249239036023,0.02807258589834747,-0.06478260457515722,0.29727962879925535,0.08543015152688145,0.11381593206897378,-0.044192761182785034,0.016226492551425137,0.033536940813064575,-0.07225931648697173,0.03227694142128594,-0.06761489808559418,-0.030672810964460933,0.10936264335889143,-0.2849428444169462,0.028028569051197598,0.024527401540446594,-0.06792232394218445,-0.007731758058071152,0.01321388167564274,-0.03367583453655243,0.22660327756706725,0.07790790231325734,0.19328310200944548,-0.0223744341305324,0.014944066601271152,-0.03859150409698486,0.017967479569571367,0.034635760313579726,-0.09911206364631647,0.1064793643433534,0.14195811213960943,-0.3770578969269991,-0.02580528599875314,0.012163228609530926,-0.03477203845977783,0.05381025586809433,0.029754722661009828,-0.07397934794425975,0.14712849046502793,0.06481716935520894,-0.021821603178977897,-0.030862412374798587,0.3770578969269991,-0.05002404755967188,0.021821603178977897,punch
v_BoxingPunchingBag_g01_c04,49,55,52,1910,2160,2035,250,punch_window,2.790142828646299,1.5159272298276083,5.892099303333267,2.9977204634062917,1.7621375029254993,5.790788731669032,2.3337295747628968,1.1860372809864248,4.545541044152064,2.237873707390742,1.7202417837375066,5.027642014740169,-0.10449575526373726,0.0421261869828077,-0.08058561384677887,-0.1111501434019634,0.020125192396430902,0.05427581816911703,-0.13144162358782654,0.10225046474814711,0.2973344566999002,0.023848959377833774,0.04298598242860791,0.10511218011379242,-0.006049017821039481,0.048922593685040705,0.10745016485452652,0.2140869034420965,0.05957478837192309,0.05452992941718554,-0.06314323629651751,0.04223806239902774,-0.08926041424274445,-0.07985429040023262,0.020270122930647106,0.025725550949573517,-0.11459853455224736,0.08513093031011505,0.25134201522450883,0.02978151185171945,0.04045381679966781,0.08997540175914764,-0.012801385351589756,0.036193138876335594,0.08674976974725723,0.1303373781930921,0.07266749408366659,-0.19560442690271884,-0.08841617618288312,0.017664781153755037,-0.02591073513031006,-0.021755550588880252,0.017388993647112327,0.05378642678260809,-0.07855558421994961,0.049105004283545965,0.1417079195380211,-0.0036332777568272184,0.02219318286394127,0.054409563541412354,0.0663606439317976,0.047439557018818065,0.10453757643699646,0.136697741491454,0.0634721601654182,0.1438436657190323,-0.06273475879599623,-0.1417079195380211,0.1383991052274352,-0.1438436657190323,punch
v_BoxingPunchingBag_g01_c04,86,92,89,3390,3640,3515,250,punch_window,1.7933653969046384,1.0084737647400714,3.1689763257093375,5.189436422041086,3.6167245221692133,10.438377484233166,1.3406038184480906,0.9621824186925241,2.6667684263537965,2.410450254901357,1.6413411095399284,5.193883258210147,-0.07531167779650007,0.05047753968891826,-0.09059621393680573,-0.07216190227440426,0.015395766310304482,-0.048699058592319544,-0.2133324545408998,0.06929940255879079,-0.2315936051309109,-0.0348412777696337,0.018961871842238246,-0.004213795065879822,-0.05107961595058442,0.02182148208141455,0.006399981677532196,0.24346124340913125,0.2129665297378468,-0.09320075437426562,-0.031006945031029836,0.03585400252091835,-0.04663686454296112,-0.04625445391450613,0.022592225408863794,-0.0666865780949592,-0.2157518539045538,0.029266818979707735,-0.10453779622912418,-0.010966279676982335,0.02320122697159667,-0.009520992636680603,-0.03792604591165272,0.015010008575131737,-0.046295769512653295,0.2061746423797948,0.09943941174955477,-0.06862552091479304,-0.06979046974863325,0.04049655945006522,-0.08310571312904358,0.012305689709527159,0.015201678003099654,-0.049090325832367,-0.09293937044484275,0.06514071800048982,-0.182386726140976,-0.03176268509456089,0.01944543649722918,0.003232717514038086,0.025618817125047988,0.02313247911293876,0.011545419692993109,0.11845859685646641,0.19941815772587823,-0.03428237140178675,0.11533247956365157,0.182386726140976,-0.03160196121451603,0.03428237140178675,punch
v_BoxingPunchingBag_g01_c04,91,97,94,3590,3840,3715,250,punch_window,2.223477386759909,1.5637761666415406,5.255099673456204,1.9433671977869647,0.4607966357133081,2.590838134368357,1.4447897208879354,0.801008532359511,2.648755935110888,1.3582482539426335,0.2307734840937479,1.865722116388154,-0.09799293960843768,0.0490491299167892,0.12216569483280182,-0.06002435513905118,0.031948256136803646,0.07353433966636658,-0.2967067297015871,0.059872122906773156,0.05632844381034369,-0.05065054978643145,0.024284250506385583,-0.06314955651760101,-0.05354488747460504,0.02295985803580162,-0.060169935226440485,0.35653201809951235,0.05969503897906282,0.09144156984984869,-0.05124514017786298,0.02731223663644403,0.06316430866718292,-0.04475572279521401,0.027613166571092997,0.05731302499771118,-0.26776429797921864,0.035131994522183366,-0.006393732503056526,-0.02184500438826425,0.022304396801523036,-0.05610029399394989,-0.05871520723615377,0.015458796511125845,-0.04213136434555054,0.25404351949691767,0.03474631112902769,0.07145173661410806,-0.08091242398534503,0.04585740688890093,0.11832922697067261,0.021946885756083907,0.027185617472514502,0.05953434109687805,-0.12818869309765957,0.0539856337860389,0.11071042716503142,-0.044106509004320414,0.02044920765361639,-0.047151148319244385,0.03292290227753775,0.018215703700130988,-0.044355690479278675,0.2465451870645796,0.05676874013555363,0.11417251080274571,-0.12093577687689874,-0.11071042716503142,0.10316069890672402,-0.11417251080274571,punch
v_BoxingPunchingBag_g01_c04,96,102,99,3790,4040,3915,250,punch_window,2.788642282199985,1.4689841975813904,5.255099673456204,0.958099668996681,0.4936105422234666,1.7349157154218406,1.5121283852417295,0.6818660143490833,2.648755935110888,0.8980416021442221,0.48572595684509856,1.561262974324178,-0.06790467245238167,0.0383036679405544,-0.07635639607906342,-0.03992446405547007,0.0494064936570674,-0.07609855383634567,-0.16489690568830281,0.10377259750389539,0.3086761720478535,-0.03650391527584621,0.025935437016662666,0.07689692080020905,-0.0701588094234467,0.030235575533514226,-0.03403954952955246,0.3397522076432194,0.028508183820597104,-0.03865737095475197,-0.05069294571876526,0.033612028482659324,-0.07545869052410126,-0.027498368706022007,0.024492806972748776,-0.04591634124517435,-0.19122387282550335,0.06272036611203351,0.19688924774527553,-0.005315699747630528,0.030639746646297886,0.08348436653614044,-0.062216499022075135,0.022463791400538686,-0.009346269071102142,0.24329830253762855,0.027229950309417363,-0.035075519233941976,-0.03929402147020612,0.025260583421227473,-0.04224872589111328,0.03043212635176524,0.05066397657167889,-0.08212417364120489,-0.02614750287362509,0.08235829332392028,0.2136342152953149,-0.03952371222632272,0.011629309923670283,0.032414793968200684,0.022698687655585113,0.028441688209907882,-0.027874916791915894,0.23047883702175959,0.02372278935275961,-0.04053831100463873,-0.13143697495731058,-0.2136342152953149,-0.04617913626230649,0.04053831100463873,punch
v_BoxingPunchingBag_g01_c04,111,117,114,4390,4640,4515,250,punch_window,4.058208155552056,1.5827383707688838,6.045731117073836,5.7140054528501745,4.186602245140073,11.90096013003614,2.6118320212381128,1.2013224244956011,4.321458928391545,4.730232456471524,3.857890116310536,10.384272182344324,-0.07903071812220983,0.05895064993412022,-0.11546081304550171,-0.056213382099356,0.04968794719471502,-0.1102695837616921,-0.18288582802883216,0.05897523913098163,0.00039836391806610805,-0.020614453724452426,0.029689442382672997,0.0787087082862854,-0.00782050298792977,0.052347601836399686,0.04652427881956106,0.21853410372776644,0.21635958424762256,0.32699953392148007,-0.044770870889936185,0.04936028618455147,-0.11073017120361334,-0.04261540408645358,0.02741538275869149,-0.06904948502779013,-0.19548614828714297,0.037302148949786736,0.06532862409949303,-0.008192930902753557,0.03539986469345912,0.08111530542373657,-0.012203402817249322,0.03347344252532551,-0.003176368772983551,0.17230367687131673,0.1281138180263278,0.08944453671574587,-0.05723727600915091,0.038546057997382074,-0.08517754077911377,0.01990058166640143,0.04456979644821966,-0.1036120355129242,-0.03330896475485391,0.07947660326067515,-0.08206780627369872,-0.009632110595703125,0.025759598443703152,0.004284322261810303,0.06007882952690128,0.04077207074622314,0.07307955622673035,0.13103786430188588,0.1645858330147436,0.364963985979557,0.07694820387567589,0.08206780627369872,0.057463494151272665,-0.364963985979557,punch
v_BoxingPunchingBag_g01_c04,116,122,119,4590,4840,4715,250,punch_window,4.097660039068241,3.243967305058974,10.381958863815147,2.3703791663854914,2.2827653273851056,7.068064730373248,2.4463526210365756,2.0760227442824277,6.757967484655657,1.9139616793313203,1.9303642774362415,6.118626730679034,-0.1122389989239829,0.04072904222775755,0.10666485130786896,-0.061596143458570785,0.04114467902788834,0.11559727042913437,-0.0899507038577992,0.1602980793134343,-0.04423883929848682,5.785908017839704e-06,0.040326016855897165,-0.09821675717830658,-0.004707937794072288,0.05435503090509561,-0.11966908723115921,0.3320567206080471,0.052411007645345474,-0.10530458763241773,-0.08461626512663709,0.028537930141075963,0.07604600489139557,-0.039377422205039446,0.03536458540677338,0.10228737443685532,-0.14323494410408388,0.08025950895987535,-0.12975326552987115,0.028413972684315274,0.03574818994053119,-0.09007291495800018,-0.02765225619077685,0.03902796234881519,-0.08506644517183304,0.22269658770944387,0.03391194892604942,-0.05215117707848552,-0.06434228590556554,0.037475826092802283,0.089763343334198,0.020650207996368426,0.03657273105567983,0.09595543146133428,0.030324124356931333,0.14284463407739928,0.10198773443698883,-0.02114814519882202,0.026044178878808753,-0.054767727851867676,0.08900094458035064,0.045535871622898606,-0.09205478429794312,0.2232967817357608,0.031811547272797065,-0.024122215807438008,-0.09659817219190739,-0.10198773443698883,-0.023216958755394007,0.024122215807438008,punch
v_BoxingPunchingBag_g01_c05,15,21,18,550,800,675,250,punch_window,0.41252230415957497,0.17553554108317276,0.764024112006695,1.9647048018286224,1.021858584509255,3.8579811795856127,0.546844411262634,0.5212437904236612,1.6399039429882192,0.9006095779514584,0.46982145764646127,1.740378175310151,-0.0019156762531825475,0.013035973909335221,-0.022755280137062073,-0.03927812405994962,0.016176941503205387,-0.03284689038991928,-0.2431678789268647,0.01285383459133222,-0.03176282066851857,-0.027376464435032437,0.006361558373283948,-0.005733206868171692,-0.015125725950513591,0.021514558016500696,-0.03823386877775198,0.15359706451584185,0.1670327257231002,0.43149335402995337,0.03164150033678327,0.011525932443088756,-0.024577096104621887,-0.021621188947132695,0.01547948759924299,-0.03064119070768362,-0.1847126203190003,0.036226490284981504,-0.06968548614531758,-0.02180678503853934,0.013379807158601202,0.027066275477409363,-0.017934624637876262,0.010245674754707178,-0.019352547824382782,0.167916998666312,0.07505005348768785,0.19555367063730955,-0.01904205765042986,0.007900868234672068,-0.009803533554077148,0.03264383758817402,0.01477168813091116,-0.02989324927330017,-0.15351798172507972,0.014665352642663658,0.005502302199602127,-0.009132410798754011,0.006705483944559085,-0.01953291893005371,0.04584940842219761,0.018489968402497083,-0.032154291868209894,0.04830144645114033,0.1523369368858143,0.3994011227041482,-0.010188828430038072,-0.005502302199602127,0.1276772879433549,-0.3994011227041482,punch
v_BoxingPunchingBag_g01_c05,20,26,23,750,1000,875,250,punch_window,0.7562109132034439,0.45648951708592495,1.558487227153438,2.987702980691512,2.0376635105620338,6.997956764318756,0.49094694811662,0.40111773481470353,1.3324666765973205,1.7269959783099316,1.3524769111640014,4.646901943715489,-0.00477948784828186,0.01527117829969484,0.033439233899116516,-0.04652692803314758,0.013419956839771836,0.03188788890838623,-0.258917512172567,0.029425023653056548,-0.05140190897509461,-0.02710105265889849,0.008521255777235004,-0.01649145781993866,-0.048124336770602676,0.015289966423103972,-0.04198852181434626,0.11216376661988241,0.2512049657390729,-0.5930088418535888,0.02613770536014012,0.0097000516597929,0.019947007298469543,-0.03186507523059849,0.00995574341389362,0.022656172513961848,-0.20111315757302298,0.02957489080977368,0.06801981152966619,-0.027662226131984175,0.02539963259373822,-0.05168609321117401,-0.034515514969825765,0.007897648728596812,-0.01236763596534729,0.1371194536248887,0.13286295274497412,-0.3223919081501662,-0.020706517355782644,0.008653074863828663,0.016360819339752197,0.02591232742582048,0.01211879004263961,0.028280258178710882,-0.164038395775216,0.04977902687684069,-0.11741113290190702,-0.009688334805624825,0.008904091111440042,0.0033365488052368164,0.017480156251362382,0.015584088660577087,-0.0417310893535614,0.010850487809096103,0.21989641949919436,-0.5080488119274378,0.11819198930192132,0.11741113290190702,0.038279023776145255,0.5080488119274378,punch
v_BoxingPunchingBag_g01_c05,45,51,48,1750,2000,1875,250,punch_window,1.4574455489339593,0.6060189765961916,2.2583083352226243,2.0088433506868957,0.598262202311534,2.811859838167723,0.8592010396262899,0.3176355048388247,1.4489727950454039,0.8784975606264833,0.30751147722586525,1.3706549924902056,0.00010578760078975133,0.02779504772044552,-0.013562232255935669,-0.03230274894407819,0.013554868508150315,-0.031104244291782435,-0.21059235225298575,0.05570090963613266,0.05841602385044101,-0.03720693290233612,0.006686132951544024,0.009818226099014282,-0.1132269022720201,0.030476873416738867,0.0028660222887993414,0.24273300876042672,0.053323484923853734,0.08020500838756559,0.018656873277255466,0.021238438527491115,-0.028656333684921265,-0.022456670446055316,0.007742757651153802,-0.016423739492893163,-0.209559463363673,0.022050908218838323,0.005459591746330206,-0.01771270590169089,0.01004864901548549,0.018136948347091675,-0.08098846141781128,0.02069113769237643,-0.0011434629559516352,0.19791613372841052,0.020472239003225003,0.0285142511129379,0.0006612028394426618,0.024494874581041513,-0.0028978586196899414,0.03732682977403913,0.013411713784599174,-0.03345370292663585,-0.07268810591527394,0.05823459826561508,0.08257526904344561,-0.026049120085580007,0.003613960701911402,-0.004607021808624268,-0.03870886990002225,0.029622744709389644,0.015299618244171198,0.14178867052708358,0.060818337816672285,0.09661033749580378,-0.06611404492348355,-0.08257526904344561,0.08954045445114807,-0.09661033749580378,punch
v_BoxingPunchingBag_g01_c05,62,68,65,2430,2680,2555,250,punch_window,2.245383735631772,1.2638423085620187,4.267708161823421,2.212224003692198,1.713920276441319,5.626411730383752,0.8279964229174079,0.5640726069950611,1.6295284693911039,1.4821804950233133,0.9117381759119884,2.793160467659746,0.0022685634238379343,0.02845127916010647,0.0627516508102417,-0.06793628845896041,0.014219163047027483,-0.02392919361591339,-0.16234085602419715,0.07737204998969915,-0.0070711306761950254,-0.03461146141801562,0.01636496655675184,-0.0406872034072876,-0.024425536394119287,0.043260788711388165,0.07620860636234278,-0.017755035843167993,0.16976684259300023,-0.3899468414019793,0.02155792074544089,0.019317585477622627,0.04960662126541138,-0.06531896761485513,0.00674434294048762,-0.0138701051473617,-0.12611517735889977,0.05488870732478281,0.1048796244431287,-0.03600245927061355,0.021172800741024237,-0.051151335239410456,-0.018843689135142744,0.04203619454820742,0.08380354940891266,0.05478336941450833,0.0908454834950308,-0.20774117927066982,0.0047160472188677105,0.02004380233180053,0.03650110960006714,0.0038240892546517586,0.012673400454410188,-0.008023440837860052,-0.07882249834282058,0.08678405623304174,-0.08722943067550659,-0.0010965040751865932,0.010717611722591253,-0.008097290992736816,0.03010645934513637,0.0304353043484611,0.040253728628158514,-0.06428686795490127,0.12970200060191805,-0.307040530256927,0.016231267070363313,0.08722943067550659,0.08678077043582287,0.307040530256927,punch
v_BoxingPunchingBag_g01_c05,71,77,74,2790,3040,2915,250,punch_window,0.7920017259685924,0.9762808574089173,2.908374641311436,4.185205183753079,2.475588276725894,7.9371562652234635,0.37938634259859816,0.19995111934175036,0.675938748777654,1.765372438466387,1.0386427518087056,3.348793350865051,-0.003884592226573399,0.026454848328552934,-0.06439755856990814,-0.04485590755939486,0.0074232252375895135,0.013195030391216278,-0.2241500075906515,0.055607454789574226,0.13778002653270963,-0.02820095419883728,0.008178555488717685,-0.025470778346061707,-0.047841180648122546,0.012696162343615135,-0.02126605063676834,0.010851912200450913,0.1616500196797681,0.2425006115809082,0.02921355196407863,0.019274287014730405,-0.04706566035747528,-0.0316484421491623,0.0057609855116264284,0.014023832976818085,-0.188105735661728,0.022758130868925038,-0.032563670538365896,-0.03480417813573565,0.006221132055131647,-0.0001625269651412964,-0.02199919947556091,0.014893066729948555,-0.019063033163547516,0.08897658071613739,0.08352324870497813,0.1523128086701034,-0.013203697545187814,0.020003650301034258,-0.051205992698669434,0.02869024021284921,0.007656949084303255,0.0124148428440094,-0.12380847441298622,0.07079060128703993,0.1951595619320869,0.001801243850163051,0.01477639955767346,-0.046067237854003906,0.01175633924348013,0.008509469517456163,-0.0048789381980896,-0.06875200543020449,0.1395945156863186,0.1816478967666625,-0.14176771592407716,-0.1951595619320869,-0.16938181549487197,-0.1816478967666625,punch
v_BoxingPunchingBag_g01_c05,84,90,87,3310,3560,3435,250,punch_window,1.3824012656327411,0.9171269477323675,3.0802600066628174,2.5604945251976443,2.557833765737901,6.434141966343332,0.8980733824434534,0.5810109694545198,1.7457686314671739,1.625189722731828,1.6252154410700304,4.1517643178746395,-0.04429432536874499,0.01843503558586162,-0.0007107555866241455,-0.06956169754266742,0.01514437233318089,0.01562649756669998,-0.18480759420033005,0.03146677479819911,0.05092461593449116,-0.0653757814850126,0.012212310088564868,0.029478222131729126,-0.1057338065334729,0.023429063200939276,0.053161270916461945,0.19868899496006107,0.06917089731696745,-0.03229270689189434,-0.01834577534879957,0.01633297022490102,-0.007204681634902954,-0.051437691918441254,0.0032043679849040685,-0.003186397254466955,-0.20137268504393951,0.010454503441278053,0.01689790375530728,-0.06032017511980874,0.006371493033919971,0.007123082876205444,-0.06828183680772783,0.013169058088699727,0.025357998907566126,0.1897782423932637,0.041359489125537656,-0.02016487531363964,-0.043537684849330356,0.01359442857204159,0.001238405704498291,0.009647948401314872,0.015051053416197708,0.02028605341911316,-0.0640499975000109,0.03794402358690161,0.0556603595614433,-0.04392580475125994,0.009063052134543705,0.02034240961074829,-0.031450905970164714,0.025771387966452248,0.05817449092864996,0.07835139307592599,0.05560068933007129,-0.004936888813972501,-0.03817379981377587,-0.0556603595614433,-0.01938984824673999,0.004936888813972501,punch
v_BoxingPunchingBag_g01_c05,89,95,92,3510,3760,3635,250,punch_window,1.6627236176307576,0.8511187138644333,2.921057528317194,1.6928921246058648,0.5633895232682781,2.223068327840363,1.0344386447040446,0.5490404494891484,1.831431481354431,1.0240470109328141,0.4065765311437251,1.5826394200544116,-0.05836594956261771,0.012559835428743537,0.011314734816551208,-0.07086090956415451,0.028378112234817354,0.03660633414983755,-0.21999110733824115,0.0567209443465487,-0.07074675709009165,-0.06835473435265678,0.020729207954863136,0.0018636435270309448,-0.09820971318653655,0.0415344772687695,0.033623807132244166,0.17359002120792863,0.04946567234176771,-0.08336574584245685,-0.028064463819776262,0.010653149299081954,0.028645798563957214,-0.04635711227144517,0.01999074284497985,0.05000265687704086,-0.23219682515731876,0.030036935336483956,-0.029504679143428858,-0.06211373635700771,0.014568836245007445,0.020775839686393738,-0.07046895793506079,0.026291298191967374,0.03308590501546854,0.17007585481873577,0.028190726823375232,-0.027705647051334353,-0.05111782891409738,0.014303832544236686,0.018138349056243896,0.009470582008361825,0.02775236022553181,0.03628334403038025,-0.07217174981321609,0.04662287548466714,-0.041353091597556985,-0.04771551064082554,0.014333621196109833,0.006893754005432129,-0.015933637108121592,0.041177345587591556,0.0426186621189118,0.061240880617073626,0.05527077802043105,-0.10670030862092979,0.02671135457588108,0.041353091597556985,-0.0940885657007954,0.10670030862092979,punch
v_BoxingPunchingBag_g01_c05,130,136,133,5150,5400,5275,250,punch_window,4.363668335764541,4.487825038257545,13.404261850711505,4.755557053108503,3.9498381203687005,10.284461658544743,2.044621146951569,1.903466039826354,5.978946486223142,2.930686089262927,2.5637627788952155,6.993318329519179,-0.049299640314919624,0.031913744375603445,0.045514300465583746,-0.038198528545243415,0.0069714347398042616,-0.0005628913640976507,0.18791033796566933,0.18739341172607502,0.19646595721133053,0.043057505573545186,0.046844115982062874,0.03723327815532684,-0.02656525586332596,0.013490397450387173,0.0028492063283919733,0.0982831103527652,0.16433113557540271,-0.12276960606686771,-0.05480506590434485,0.03825445379493541,0.021425381302833613,-0.01955907046794893,0.01329895160887961,-0.01117776334285736,0.07942128118260627,0.09866715080402058,0.18813411449082199,0.035450305257524746,0.04821825581775517,0.017806217074394226,-0.01567005046776366,0.02384054910644773,0.06418578326702112,0.015838146376024414,0.10612360927946402,-0.18677781592123205,-0.01460513472557067,0.019525395970233,0.027637869119644165,0.052013256720134196,0.011548136687340805,0.035837531089782604,0.1885830954249416,0.16266253081272863,0.10397968161851179,0.017315877335412184,0.027382384978347225,-4.8160552978571136e-05,0.06586928878511701,0.015054864230143112,0.004902571439743042,0.11778341220425703,0.1373891546526887,0.04071806371212,0.10667369129436352,-0.10397968161851179,0.04036329117173368,-0.04071806371212,punch
v_BoxingPunchingBag_g01_c05,144,150,147,5710,5960,5835,250,punch_window,2.770996881565768,1.6653136389267458,5.453331795302226,1.4862822286257467,1.1089791473688138,3.4980029949420595,1.5769638933895012,1.0441613430590406,3.3458943932639857,0.7860723315597903,0.95185936811889,2.8856000427850965,0.015201254614761874,0.02581856986788076,-0.01635265350341797,-0.08463587505476819,0.027701424488223825,0.018815629184246008,0.4233782873993083,0.09416530190832124,-0.053611903451383114,0.090107829443046,0.01814449363316095,0.03474941849708557,-0.0026430955954960572,0.03360089934584448,0.08115851134061808,0.04870079083619722,0.08302717778527571,0.2026377888396382,-0.02261602346386229,0.016797332733418047,-0.027110934257507324,-0.0600300558975765,0.012913653232956004,0.023759953677654322,0.25564410935008447,0.06573541318710462,-0.0807231655344367,0.0737767655934606,0.011722771413289663,0.03261139988899231,-0.000569599015372156,0.020580030388424004,0.06044860929250717,-0.05786519419416437,0.061829732934987836,0.1404819199815392,0.026898767266954695,0.02199853556322042,-0.0057825446128845215,0.017253841672624844,0.028538806798716225,0.019669294357299694,0.3182065486907959,0.0667794856447101,-0.008310943841934204,0.03303313255310061,0.011180411305441519,0.01084408164024353,0.0721901570047651,0.031016375455983257,0.06896069645881647,0.11522256044346639,0.061447591704040794,0.11999671161174771,-0.009488672151824251,0.008310943841934204,0.13143746651427793,-0.11999671161174771,punch
v_BoxingPunchingBag_g01_c05,148,154,151,5870,6120,5995,250,punch_window,2.437169185526061,1.8630849104900562,5.453331795302226,1.8947443597470126,0.925305654832437,3.109164834800957,1.0388808162021572,0.7267339846080172,2.6461458462196585,1.0441350742379918,0.7645071941154289,2.1591896944284112,0.038026295602321604,0.030636372297624073,0.08038043975830078,-0.08198490738868716,0.02519359640178931,0.03966947644948965,0.41152250472441665,0.08827452070195252,-0.024579581226134906,0.08570782308067591,0.017396180577313437,-0.03819945454597473,0.008293143340519464,0.008481432648782594,0.009567849338054712,0.07455746768027893,0.10236684141623224,-0.22881538083674963,-0.014722810259887167,0.017569375405317354,0.04801097512245173,-0.04473354560988292,0.016165964899687132,0.03247936815023422,0.26312941869972356,0.05730553797023721,0.11513042787191807,0.06946698789085656,0.019918880000480792,-0.05050632357597351,0.01772075465747286,0.0037673989593337764,0.008124195039272308,-0.038227973255873515,0.06841020043600766,-0.18226004427197032,0.04689146365438188,0.024375189134606182,0.06140545010566717,0.01650611843381607,0.02326968836064288,0.03264921903610235,0.2973254493304662,0.08102160461562567,-0.1258082538843155,0.02912694215774537,0.012417515645419342,-0.014968484640121515,0.08057997482163566,0.00868912406485321,0.008544802665710505,0.13318974884168705,0.08043223209886792,-0.1338202222395921,-0.10499209984528288,0.1258082538843155,-0.05716175196137231,0.1338202222395921,punch
v_BoxingPunchingBag_g01_c05,154,160,157,6110,6360,6235,250,punch_window,1.5773059103047613,0.9292343448897924,3.3394921790999197,1.587050019538544,1.4674389850747538,4.721486612311636,1.048168073968627,0.6648252638466072,2.3618759426483225,1.1205533586781813,0.594232316983098,2.1483993244682904,0.023507216147014072,0.03587479939656548,-0.1107571348547935,-0.05719426167862757,0.026486632554300792,0.0030735284090042114,0.39818644852909657,0.05222803812144265,-0.0229438000824303,0.08678149751254491,0.016990540844067127,0.03596258908510208,-0.04654910628284731,0.045954571799100015,-0.10729928314685822,0.08329403410399597,0.12194235782265182,0.3332011422608047,-0.01834001711436683,0.0231392158196225,-0.0716599747538566,-0.03269384907824656,0.017493409771539865,0.0009831041097641546,0.26295841920987834,0.050895120605121164,-0.1559844070579857,0.063990375825337,0.02763934657895673,0.06679008156061178,-0.019073072288717567,0.026042636902292953,-0.06786324083805084,-0.037925421559650986,0.0829336643496943,0.24164933920837933,0.040529178721564176,0.02521910528765519,-0.0766659677028656,0.03591613684381761,0.026125707007242253,0.0038425624370575506,0.28716212457844187,0.06644910773379789,0.1155292578041553,0.042281346661703925,0.014212092705996842,0.02735668420791626,0.03771728702953881,0.0395451329699626,-0.08872777223587036,0.15401847620627707,0.09214759990486844,0.23475417960435152,0.10038162529203123,-0.1155292578041553,0.13111186243671263,-0.23475417960435152,punch
v_BoxingPunchingBag_g01_c05,163,169,166,6470,6720,6595,250,punch_window,3.8156854488692358,1.8645933784029332,6.393134237626557,5.552744529522115,3.8390306960406817,12.808487813261564,1.9220007812751125,0.50310375845598,2.611763117388956,2.7848865449054436,1.955854128066812,6.49741710372336,-0.008166918797152414,0.06079438314264407,0.10478094220161432,-0.06218258397919795,0.02295807954573648,-0.0387818962335586,0.4812072506174445,0.12408757135197572,0.11080896295607096,0.0464181846805981,0.02411775854450423,-0.046175152063369695,-0.06146938460213801,0.019965700657877596,-0.014254346489906311,-0.21761077522699326,0.30323205025709504,-0.6755804177373647,-0.028824654008660997,0.050585345879267135,0.10236102342605591,-0.0378467312880925,0.018905863386557555,-0.03925694525241852,0.31097878848335575,0.06683557461296478,0.15189305879175669,0.034252012414591616,0.03645168448489393,-0.08903703093528748,-0.028842802558626472,0.011146004977884255,-0.0008997470140457153,-0.22849957498588733,0.17332620556969147,-0.4125226419419049,-0.006212541035243443,0.03731960879861742,0.04173141717910761,0.03138428074972967,0.02315374967428862,-0.03781920671463007,0.3532984490905489,0.12615847981836337,-0.021127264946699142,0.017475251640592278,0.01668333579448857,0.001819163560867365,0.030866346188953935,0.020756122364866122,-0.019430994987487793,-0.08143878036311698,0.2624121270690227,-0.5535360984504222,-0.023885316053407712,0.021127264946699142,-0.02702941519642993,0.5535360984504222,punch
v_BoxingPunchingBag_g01_c06,21,27,24,790,1040,915,250,punch_window,2.175819527329436,2.3459172588325665,7.258765270451793,1.5284754789814061,0.8155458133029957,2.830600354012,1.363616861593254,1.1961876246631946,3.7649522184252464,0.9495751324720438,0.4530442345592342,1.4787816303319585,-0.09659554702895028,0.03916622851364789,-0.09686465561389923,-0.06377948820590973,0.02906537517878899,-0.04939226061105728,-0.024958892845981084,0.1141883834062356,0.15632552746683356,0.011553070374897547,0.014769747810246864,0.034859225153923035,0.016702236873762932,0.04630355778315464,0.083715669810772,0.35331675278471913,0.043845504307033406,-0.01724032219499344,-0.07473911132131304,0.02564570632201037,-0.06219078600406647,-0.04309321939945221,0.026454466526088346,-0.04462546855211258,-0.10657826264338965,0.07109424695632612,0.13359594717621798,0.0326458854334695,0.013130229240343077,0.0307338684797287,-0.0017052739858627558,0.021519281614783926,0.02732827514410019,0.24771518234878645,0.02303362586262456,-0.03086502011865372,-0.055636780602591376,0.03404719486460229,-0.0829695463180542,0.02372782570975169,0.025827090688270923,-0.04072996973991394,0.05267043097410349,0.09256409706906173,0.05724734067916879,-0.012028932571411133,0.0073802266671162626,0.017398178577423096,0.09578717606408256,0.04212953038881502,0.07060471177101141,0.2156196790082114,0.05395829447572754,-0.03311373293399797,0.04189533529986943,-0.05724734067916879,0.00838021641290479,0.03311373293399797,punch
v_BoxingPunchingBag_g01_c06,70,76,73,2750,3000,2875,250,punch_window,2.003805773198084,2.4447082736555488,7.451549371298219,1.8261214850140808,0.6847758700655803,2.9014426542204923,1.718407295858756,2.0948057678530327,6.392667565607477,1.14536533867373,0.5934309580912092,1.962485184210301,-0.18548227420875005,0.02020523333062836,0.04732504487037653,-0.13582244621855874,0.011736768802669823,0.02232169359922409,-0.10832406397509788,0.07943255797486447,0.13491398002952326,0.00893116635935647,0.015556521053039925,0.012331396341323853,-0.03086164700133463,0.02024591183433485,0.026624612510204315,0.42864540548596,0.056363422918323296,-0.11275157798081636,-0.1189284941979817,0.007769518519543474,0.023313194513320923,-0.10828791026558195,0.015418866643469219,0.04234018176794052,-0.13495021782416314,0.08180322269686222,0.16213328670710317,0.03976315898554666,0.00983392227576088,-0.0026152431964874268,-0.021582540656839105,0.0186909445492117,0.03739213198423391,0.2753394193880792,0.04362410460690307,-0.09124833811074495,-0.14498542887823923,0.018678258312411874,0.037693440914154,-0.03109678626060485,0.009137074622283201,0.011158078908920288,-0.03460542990693026,0.041069235504945074,-0.025905180722475094,-0.03426137140819004,0.014624452146266427,0.008565187454223633,0.05646617071969166,0.014206852603893332,0.008729040622711182,0.29196339845657354,0.05875150492522299,-0.11773800849914556,-0.025578405566835244,0.025905180722475094,-0.11443498218389692,0.11773800849914556,punch
v_BoxingPunchingBag_g01_c06,80,86,83,3150,3400,3275,250,punch_window,1.9925119264158238,1.0354275671384656,3.9188594944080224,1.3016616951602786,0.7138893738361667,2.6136149794014707,1.1066704332792594,0.39859859728286173,1.7790438527721903,1.2775609098396488,0.5049682224540696,2.1521299418519577,-0.09391301657472341,0.013588889857334746,0.02439381182193756,-0.08751143195799423,0.03191814303350751,0.01663390547037119,0.07139732167291053,0.08383430949725874,-0.11129888845607633,0.012772230165345328,0.04587665927425124,-0.09437043964862823,-0.06698434587035863,0.04019592470471818,-0.07023643702268606,0.43351518919059473,0.024304141657115516,0.04292672639712691,-0.09336711040564949,0.009797438258151256,0.015034958720207159,-0.03486950376204083,0.028194294776320367,0.04745218902826309,-0.05134851448071588,0.05780072172471592,-0.13935146527364844,0.046002058046204705,0.03277453827204864,-0.0648728758096695,-0.01729950202362882,0.027789465540275362,-0.06728940457105642,0.2728503221130398,0.042995927760142,0.10405826335772872,-0.04731708765029909,0.01786390910673628,0.03169587254524231,0.011839747428894003,0.03108201366561018,0.009549826383590643,0.13913731892327105,0.07607303983493342,-0.022661822848021998,-0.02460402250289917,0.0335912408901143,-0.060024917125701904,0.024979157107216963,0.03608505543760128,-0.049636512994766346,0.2966443034155028,0.04001412484148182,-0.06725266575813299,-0.03983772954514066,0.022661822848021998,-0.06006326406869314,0.06725266575813299,punch
v_BoxingPunchingBag_g01_c07,36,42,39,1390,1640,1515,250,punch_window,0.9004313907954419,0.5425772250200575,2.017643146840127,1.6520782864369012,0.8828060483970522,2.679716686482693,0.8846094984926264,0.5614568174867031,2.0946294601596165,0.6235390867751857,0.4455200883724544,1.5252540741128087,-0.013459384441375732,0.018697730141099114,-0.03243379294872284,-0.04605169487851008,0.02272785017028867,-0.05184143781661993,-0.22604092882413948,0.029746616758680455,-0.09916519047692421,-0.030953049659729004,0.012008110028949068,-0.01182626187801361,-0.028743915259838142,0.0342314749849095,-0.017573833465576116,0.21372343460097906,0.05012066089965539,-0.01645711483433837,0.019913417952401296,0.016306344286988742,-0.03139744699001312,-0.03190822792904722,0.015607615883775718,-0.03099945187568659,-0.1896709270908364,0.03220062137268082,-0.08479550154879689,-0.02223039524895804,0.008032808749164316,-0.004923149943351746,-0.02871321461030419,0.022520447631795688,-0.020553112030029297,0.1977075771428644,0.013645252041177657,-0.015787844080477897,-0.02504152911049979,0.018445770984595843,-0.033388495445251465,0.02722554547446116,0.0190868712796499,-0.04178798198699962,-0.13102670040513792,0.031804661606862905,-0.03875394351780409,-0.014619639941624232,0.013637969730252573,-0.018834590911865234,0.03505006006785799,0.030552976088316048,-0.00581598281860346,0.09726078063249588,0.05620368800162969,-0.004193201661109869,0.03432425317636578,0.03875394351780409,-0.0003263305588571408,0.004193201661109869,punch
v_BoxingPunchingBag_g01_c07,40,46,43,1550,1800,1675,250,punch_window,0.8207108628370202,0.19688097094483017,1.0452863494392246,2.2768548888997024,2.063396497121498,6.312038029540713,0.868105795946025,0.5643376937937483,2.10539841716472,1.296223690992099,0.9160395690147672,2.5263718360921477,-0.01252053678035736,0.023826451124307993,0.04202289879322052,-0.06163516747100014,0.009423153895833744,0.010658852756023407,-0.2503226648217865,0.02325722572586222,-0.07241870462894448,-0.03845045609133584,0.00908866878582188,-0.02359829843044281,-0.05822073242494041,0.027132414543635856,-0.07561541348695755,0.030056516107703962,0.20170261595344982,-0.46577826142311096,0.021381580403872898,0.017747306543884813,0.03133071959018707,-0.03680214392287394,0.013578479221352644,0.028963260352611597,-0.17931143553661447,0.03820295369620209,0.06544813513755801,-0.043589500444275994,0.0183446274354421,-0.050383374094963074,-0.04143316511596956,0.016115155353737157,-0.026405639946460724,0.09380708879325539,0.10170388744119059,-0.24134855531156058,-0.03269622155598232,0.017837465961321686,0.023314833641052246,0.012032964399882717,0.0073701222638948806,-0.002748847007751465,-0.16723113719906127,0.05704455545327922,-0.15172842890024188,-0.018808977944510325,0.010956345256625623,-0.013101398944854736,0.011394917964935287,0.025452828149150546,-0.0718325674533844,-0.05589733964630529,0.1805592238023686,-0.4028315767645836,0.14653202499070533,0.15172842890024188,0.07315497518661049,0.4028315767645836,punch
v_BoxingPunchingBag_g01_c07,48,54,51,1870,2120,1995,250,punch_window,1.7763485838449533,0.5894725956053025,2.5579429305889123,4.147497555559813,2.8715907634913322,9.710328839549348,1.0566274436376446,0.3707093714237917,1.592077248131118,1.948570422198353,1.5228551622862962,4.932190773177816,0.010335983974593026,0.059010838543798794,-0.14726123213768005,-0.033086627721786534,0.035438293968399884,-0.0954101830720902,-0.2609814346901008,0.06137542509942793,-0.12149413675069806,-0.041629597544670105,0.010594703459185994,-0.016227006912231445,-0.033905374152319805,0.01950988863696628,0.008344009518623352,0.02223542838224344,0.15144961367906778,0.22666308749467132,0.03304163685866764,0.037731614152417964,-0.09765106439590454,-0.034444025584629626,0.014435662006575221,-0.04317851364612579,-0.18144653152142248,0.052355598372915015,-0.14004411548376078,-0.03653351962566376,0.015636450268615817,0.03926652669906616,-0.029587124075208415,0.010392165675388367,-0.008438929915428106,0.10174832127190062,0.07512608964862445,0.11814925074577336,-0.009174129792622157,0.04766840581864011,-0.1046396791934967,0.04127643789563858,0.032143558697075386,-0.08418416976928716,-0.16355728145156587,0.0539443598246972,-0.062259830534458174,-0.023474650723593577,0.020396773329481765,-0.052046120166778564,0.03339676346097672,0.01868142567892298,0.009811371564865057,-0.062563323814954,0.13204663346919257,0.1698041679337621,0.037665257254612394,0.062259830534458174,0.03594814241350357,-0.1698041679337621,punch
v_BoxingPunchingBag_g01_c07,77,83,80,3030,3280,3155,250,punch_window,1.2329798263895393,0.4834818366531986,2.286796744078711,2.205633602881926,1.1699304328474822,4.31903335230977,1.0271928901958864,0.681617959277615,2.37515049344508,0.9624868660530713,0.5742606446118678,1.7851212159261036,-0.03570707780974252,0.023171274283619148,-0.051164284348487854,-0.03561582842043472,0.012477764271827662,0.0019825696945189875,-0.17725586438817634,0.023576043325427475,0.04306932352483267,-0.02620826874460493,0.010723109268441703,0.013930663466453552,-0.006844436483723808,0.026826221866848785,0.03249290585517883,0.13564134755038787,0.13657674297332684,0.3265083697624505,-0.0035683044365474154,0.025126306264281584,-0.05726666748523712,-0.029607335371630548,0.016862644558832834,-0.005580127239227239,-0.1802748588046857,0.02331914493875073,0.0007630940526723584,-0.01530049102646964,0.01609675068459994,0.04485158622264862,-0.01079952397516797,0.007301692931296722,-0.005385130643844549,0.15796502174011293,0.05803809418925274,0.14734902046620837,-0.0357235244342259,0.012974428258035575,-0.023868680000305176,0.037994303873607076,0.010799255583355812,0.004787772893905529,-0.06588836120707647,0.03081414752262756,0.0584060847759246,-0.020138016768864224,0.01503755170485426,-0.020182907581329346,0.05887000049863544,0.03131391264872711,0.04925853013992315,0.02217566348346217,0.1369986916849755,0.3160428167320788,-0.030612574524763805,-0.0584060847759246,0.08944269629747595,-0.3160428167320788,punch
v_BoxingPunchingBag_g01_c07,90,96,93,3550,3800,3675,250,punch_window,2.038036722615246,1.4117917948820782,4.907777442433262,3.1896659509194887,3.144130248064268,10.077772233290794,1.3231127475612292,0.8461458629866221,2.929317694991363,1.8619051416911103,1.4302324797790797,4.975647927113392,-0.04915549712521689,0.06638965653978042,-0.16072125732898712,-0.05007798011813848,0.02450788425808378,-0.06605987995862955,-0.24362725604857718,0.08604982266768599,0.14559866487979892,-0.02470218070915767,0.020056113439550844,0.024329528212547302,-0.031074831528323046,0.022348797878728028,-0.028486572206020355,0.1797751534198012,0.2207374834526805,0.5439730510115622,-0.01583461889198848,0.05809569598669849,-0.13779212534427643,-0.03682123018162593,0.023030077631883732,-0.05583464354276657,-0.20288700237870214,0.033218712139768784,0.04154183715581891,-0.010343949709619795,0.02868922317554704,0.06050489842891693,-0.021290120269571073,0.018396913722131595,-0.03338282555341726,0.1742971455013113,0.09854708651049778,0.24154455214738846,-0.038998033319200785,0.04821901307072857,-0.11553794145584106,0.029559195041656494,0.025179378211368807,-0.06491592526435846,-0.1403566503099033,0.0798876619100233,0.1451966762542725,-0.014477951186043876,0.023142176427446898,-0.043189823627471924,0.042468837329319546,0.017702907394673565,-0.012637227773666382,0.06617779604026255,0.20209234801045736,0.5000329539179801,-0.08336794067709387,-0.1451966762542725,0.03724959063287597,-0.5000329539179801,punch
v_BoxingPunchingBag_g01_c07,144,150,147,5710,5960,5835,250,punch_window,2.765585340007757,2.01394690221239,6.18145723311855,2.575228024444529,2.341075083458261,7.460181270021543,1.813919986372534,0.9874756212154111,3.444747347209473,1.8257327726063355,1.134694780913375,3.7145035980632546,-0.06330046057701111,0.04332259189903331,0.08895686268806458,-0.06731481211526057,0.022053122074316273,-0.025882594287395533,-0.22238709391759973,0.17143156299808956,-0.4998362930491566,-0.01871891106878008,0.05050785200488683,-0.16641059517860413,-0.0374738829476493,0.037665771049007306,-0.11539053171873087,0.30083546441580566,0.09904018062845822,-0.25514352135360246,-0.04251262545585632,0.036805322966356184,0.07785716652870178,-0.051722841603415386,0.020022059528671983,-0.021053425967693384,-0.21767112639333516,0.07486166120878321,-0.22266603820025926,0.010267074619020735,0.04171217479517109,-0.13748201727867126,-0.04226025513240271,0.025038913552239073,-0.0674141868948937,0.23100495205393856,0.05197771294749451,-0.11672151647508147,-0.03497197798320225,0.03443803101644572,0.057171523571014404,0.017703486340386525,0.022187340927366888,-0.018578141927719116,-0.09852388088724444,0.16900867295921437,-0.4944547405466436,-0.026616803237370083,0.03431439595233869,-0.10195982456207275,0.052397246871675775,0.03724333884816692,-0.11491614580154408,0.17909142374992373,0.08786868844193894,-0.22678305208683022,0.24781613136242844,0.4944547405466436,-0.10139413771773938,0.22678305208683022,punch
v_BoxingPunchingBag_g02_c01,9,15,12,310,560,435,250,punch_window,2.0948159028634645,1.7317613923295072,5.456084769922655,1.034518607481344,0.646237888955838,2.2745236823409667,1.102827132669437,0.9004397458005746,3.0264164250684615,0.8098087671161068,0.28913260626173326,1.2154186326657859,0.09927131235599516,0.047038339838724595,0.03633994609117508,-0.07908019636358535,0.038489984177271216,-0.07584704458713531,-0.4970106989577679,0.06700243569821701,-0.03501770307775587,-0.09215996307986127,0.01721016516590421,0.027797736227512387,-0.12101880354540692,0.028699283131197028,0.012935444712638855,-0.4697830247459933,0.015124492290860953,-0.017539296648465097,0.14074159307139258,0.014765959367125435,0.0028773024678230286,-0.03077685194356102,0.027059050202698668,-0.028126373887062017,-0.2512679692257994,0.02980490463230088,-0.0427850823616609,-0.13751459973199032,0.0034131212928707015,-0.001778595149516976,-0.018287954585892812,0.006626420017018062,-0.01453380286693573,-0.23603718157391995,0.021651813241806733,-0.021131072542630136,0.028851675135748742,0.044808995869526,0.02752470970153803,0.07771650808198115,0.038077236613816734,-0.07699912786483765,-0.40271504010472986,0.058662981953356085,0.007477551698684692,-0.01394456199237279,0.01693489948519669,0.022210359573364286,0.04177315746034894,0.025383470404838963,0.03292888402938837,-0.40039594045707155,0.014692220682484816,-0.0012451708316801868,-0.006522934297211347,-0.007477551698684692,0.005119377621489674,0.0012451708316801868,punch
v_BoxingPunchingBag_g02_c01,15,21,18,550,800,675,250,punch_window,1.7248492346243351,1.8430929261593192,5.677719439480762,2.228973803072846,1.2381364049841235,4.290870591949175,1.7308764199356024,1.923994445098937,5.951738464068717,1.3590270343706958,0.5053924407885683,2.0045020135871647,0.16096666774579457,0.014724649081050147,-0.04549681395292282,-0.1792722312467439,0.02080243178282496,0.027155764400959015,-0.5597395494530376,0.08976121284548365,0.21615532762371004,-0.06935932061501915,0.06730349650654016,0.17683745175600052,-0.08726542868784495,0.04631376118369132,-0.08078398555517197,-0.5097050860474285,0.054119124606517896,0.034332789247855544,0.16079105543238775,0.01709192693342239,-0.042665593326091766,-0.07601491574730193,0.03441161984033238,0.04974193125963211,-0.23568469626064012,0.0875251842491655,0.23224356747232383,-0.12530171551874708,0.0345009284452626,0.096510149538517,-0.03927951731852124,0.016592025222376502,-0.044268898665905054,-0.2747340438571492,0.07485492402001628,-0.1398802625481039,0.08213709507669724,0.015260454859318727,-0.042467266321182195,-0.011947457279477816,0.019856012832229267,0.04001402854919439,-0.5059295812887805,0.027031629044823317,-0.004527792334556413,0.005786274160657602,0.06635860539649145,0.17413181066513062,0.08102055958339147,0.04198566647924514,-0.07225877046585077,-0.40661458883966717,0.05291480342736559,0.11047598719596863,-0.0023406588392771988,0.004527792334556413,-0.08644189745078396,-0.11047598719596863,punch
v_BoxingPunchingBag_g02_c01,37,43,40,1430,1680,1555,250,punch_window,1.575950015077124,1.0376756264553482,3.692384413197731,1.229455070574391,0.9560682827457693,3.3256298269541738,1.7442566479266697,1.0390244313606771,3.639475146214224,0.6326926473437645,0.3975087389446539,1.3418175017915173,0.08527060970664022,0.021085623845618393,0.040961854159832,-0.1743007121341569,0.017562875513729908,-0.0034565925598145086,-0.4627443080368851,0.03775165662713114,-0.07169989682734013,-0.055899489670991946,0.016480026527297097,-0.03890239447355279,-0.15940121561288834,0.043837419692969504,0.12452378869056702,-0.4997003245433526,0.03659576868851864,-0.007165232673287447,0.12230136192270688,0.011977501578450213,0.018587402999401093,-0.06254979861634118,0.02389995297746132,-0.0326324999332428,-0.18385255409936815,0.0437880486987365,-0.14878495223820212,-0.0910848714411259,0.028781817822643538,-0.07121448963880539,-0.010332417275224413,0.02354036969732017,0.04704916477203369,-0.27798954896362765,0.03257897740075766,0.09728964231908321,0.018308635268892544,0.017908508724101792,0.02764004468917841,-0.0018345074994223537,0.019036745855004266,-0.020980805158615223,-0.4769038738948958,0.0629110139461223,0.14585937559604645,0.024699074881417416,0.022148313720101228,-0.04826782643795022,0.005574622324534833,0.03527397486874708,0.10101193189620972,-0.4258810601064137,0.049809900976053395,-0.05268171429634105,-0.14373408162616846,-0.14585937559604645,0.05069354377302915,0.05268171429634105,punch
v_BoxingPunchingBag_g02_c01,50,56,53,1950,2200,2075,250,punch_window,2.3230832438391302,1.7719898475255862,5.365413339259824,3.306206333103629,3.1863096211723425,8.651873152108584,1.3003938784045104,0.6189829577477763,1.9708158051838804,1.7369967876411854,1.6481872857158586,4.42175585141388,0.16466674634388515,0.07008305342457764,0.15646453946828842,-0.13051768924508778,0.05231116341560387,-0.11323551088571548,-0.5087070828303695,0.06819633618104165,-0.01759331021457905,-0.1056957755770002,0.005205073178621928,-0.016346924006939045,-0.03258816046374185,0.020823046494413612,0.041952840983867645,-0.3814286186492869,0.1042250734699275,-0.12172399554401636,0.15297957403319223,0.01314026705095804,0.028210692107677404,-0.06622593104839326,0.03546368327231812,-0.10221580415964132,-0.2713207752842988,0.043524682541364525,0.0298614045605064,-0.12805047844137465,0.005702883902546647,-0.0070026144385338385,-0.02272897320134299,0.011265696760051368,-0.03251982480287552,-0.13946722886924232,0.048906706432011726,-0.06431976053863764,0.0988956902708326,0.06778867696430552,0.1479511260986328,0.01928234951836722,0.054860275442153494,-0.12024745345115656,-0.3711506234748024,0.06184334546461504,-0.052044108510017395,-0.030472619192940854,0.007454363073055011,-0.02314113080501559,0.11920080014637538,0.019564842700754315,0.037839144468307495,-0.3282116513167109,0.105006406061737,-0.06864593178033829,0.05848722853046667,0.052044108510017395,0.07838061876098906,0.06864593178033829,punch
v_BoxingPunchingBag_g02_c01,61,67,64,2390,2640,2515,250,punch_window,3.097197277424073,1.2031725687051404,4.619285053950799,2.340555822794645,2.592225152551884,7.655247023963957,1.5759551492571493,0.5296188547292792,2.24245613004967,1.300680579442365,1.224879178854978,3.5377880578286987,0.07468169714723315,0.03542835783010556,0.06732650846242905,-0.0683038394365992,0.07508407951878358,-0.17451695352792745,-0.42082643914701684,0.1287804327139006,-0.09160665911622345,-0.11392417762960706,0.007771577927738065,-0.021376647055149134,0.045038909784385135,0.036154219746980014,0.0946468934416771,-0.2112400231614759,0.16949828996164512,0.3275728251319379,0.12406996956893376,0.0043911868159929365,-0.01514483243227005,-0.036492244473525455,0.030073217797489143,-0.08896858245134354,-0.18951598428455846,0.07067573747254782,-0.044934195699170176,-0.11811155293669019,0.009258594266073814,0.01431845873594284,-0.019265927374362946,0.004630321507610141,-0.0010950937867164612,-0.02682263330955593,0.08206333879675673,0.16445192205719653,0.012417239802224296,0.0411814832737597,0.08599182963371277,0.08008965849876404,0.07212064576759894,-0.16333997249603277,-0.3202172645500728,0.13300408573421366,-0.12502390146255493,-0.03877478837966918,0.008256027835948018,-0.021661907434463556,0.19002195341246472,0.032496536540489576,0.08023402094841003,-0.1920094704120337,0.14851177988353126,0.2865398107096553,0.1141425849604123,0.12502390146255493,-0.12606048095738898,-0.2865398107096553,punch
v_BoxingPunchingBag_g02_c01,68,74,71,2670,2920,2795,250,punch_window,1.4138400644865923,0.8765791516092309,2.7642133914416425,4.169290882311559,1.979631189096539,7.0024588035295015,1.3269331081119364,1.2459202117890074,3.847755223703844,2.396705820777378,2.17066439354457,5.759118596330528,0.09947142324277333,0.015046223929642864,0.0062251463532447815,-0.11698017056499209,0.039993699098664855,0.08763144910335541,-0.5365531948461596,0.024813329234254285,0.008858927059918642,-0.12832003086805344,0.0552727166161275,0.1397885158658027,0.013373565460954386,0.07690476593628175,-0.2320659905672074,-0.386372737952375,0.14721001594466274,-0.45552057726308703,0.12270900074924741,0.010714487629805152,-0.005240701138973236,-0.05700872732060298,0.022449327701370203,0.046905472874641474,-0.21838902931527368,0.053828110626851604,0.10126795666292299,-0.12167579042060038,0.015907533536934214,0.019488133490085602,-0.026278428733348846,0.021188389322478525,-0.054409369826316833,-0.16197046288289127,0.12462761346340959,-0.41882539959624426,0.03302007062094552,0.015804955095641622,-0.011544287204742432,0.05156304580824716,0.041829830503557985,0.09415671229362482,-0.49229713609176023,0.0417623084303145,-0.10712062753736973,-0.055407174995967305,0.052883938716150936,0.13475674390792836,0.16163851107869834,0.06996161674331738,-0.19887796044349676,-0.3267536288393395,0.11807866709528768,-0.3061731029301882,0.11198799854401326,0.10712062753736973,0.2136972951056979,0.3061731029301882,punch
v_BoxingPunchingBag_g02_c01,82,88,85,3230,3480,3355,250,punch_window,2.381033030444572,1.6202094092674266,5.181613295438848,2.786280495333583,1.651169803072791,4.767102360740869,2.180111896767189,1.7095405682924487,5.047030271873448,1.2120053043574595,0.772455755626462,2.6903819704576466,0.11242357747895378,0.026195510857166513,0.009861499071121216,-0.16397195309400558,0.0840924904664595,-0.17408114671707148,-0.40128249934475335,0.07555786041376136,0.26905671786516905,-0.0610858074256352,0.11649382143254344,0.27431705594062805,-0.10475519405944009,0.06540474754145033,-0.09810477495193481,-0.48767585141052094,0.1265028008666592,0.34243197273463016,0.1257516954626356,0.019117239829228545,-0.017270535230636597,-0.030310602060386122,0.031007922517930084,-0.04310119152069092,-0.09665478918967503,0.06545262039667026,0.11110600363463163,-0.09266050372804917,0.06711407252461785,0.13826999068260193,-0.08134328999689648,0.015893280288521078,0.02503812313079834,-0.3031967042147049,0.02080060540779587,-0.044199247844517286,0.022460826805659702,0.028250383165690635,0.022262513637542725,-0.0031483513968331316,0.08753426004026145,-0.18448728322982777,-0.4657980001398495,0.07736799884937262,0.2177253998816014,-0.007445037364959685,0.1069828906601733,0.2520346939563751,0.087298469884055,0.06599490633248488,-0.09615051746368408,-0.35228332025664194,0.1484333164763722,0.45633162558078766,-0.19535147916935863,-0.2177253998816014,-0.3858864478150126,-0.45633162558078766,punch
v_BoxingPunchingBag_g02_c01,93,99,96,3670,3920,3795,250,punch_window,2.8576062574334986,1.412919405022504,4.659728000828446,1.3177864247700264,0.6861090036433911,2.6751552570733996,1.472985862420049,0.5563967043733339,2.6066236678995347,1.2848011776842658,0.6932095217042559,2.3845317859442625,0.1544794961810112,0.059919741101271365,0.1420397236943245,-0.15397213505847113,0.05019289702694067,-0.11925572156906133,-0.44374102290852796,0.17964526991811758,-0.453221105504781,-0.03337905130216057,0.023905429498716654,-0.05996715277433401,-0.09525218073810852,0.008716989195114051,-0.024868041276931763,-0.5683372780747179,0.06611683808996607,-0.1327184964902699,0.1548743343779019,0.03039519034704577,0.0643080547451973,-0.0720830336213112,0.026423329201370898,-0.03758475184440618,-0.12325702863745391,0.10210051260783949,-0.27749140607193107,-0.12023205948727476,0.02164242748035833,-0.05880583077669152,-0.004214715744767871,0.019461480192536518,-0.05413159728050232,-0.31877384803790065,0.025740867762786113,0.061128474306315184,0.07500384960855756,0.056445370441250614,0.13587439060211182,0.02409029432705471,0.04664998403000137,-0.109030842781067,-0.49013830175889384,0.1705550825105578,-0.42009703628718864,0.04630108390535626,0.020787898922126263,-0.046213239431381226,0.08279709730829508,0.008562542981217449,-0.023223727941513117,-0.4697451410549028,0.10450034073172998,-0.2568033486604691,0.4001705104019404,0.42009703628718864,0.23911496038545776,0.2568033486604691,punch
v_BoxingPunchingBag_g02_c02,1,3,2,0,80,40,80,punch_window,3.8781068643975507,0.4457199644991927,4.323826828896744,1.9680045890702906,0.9660139143329232,2.934018503403214,2.905811430209014,0.7860291726602304,3.6918406028692443,1.5972832084570143,0.4119669381545651,2.0092501466115795,0.1531741221745809,0.029236626018416475,0.0627812072634697,-0.20286325613657638,0.05713520097935023,-0.126244954764843,-0.34543507825583214,0.060318495365065526,0.04835497122257937,0.033644864956537866,0.01940527217675314,0.046580456197261755,-0.13734782735506695,0.004659104180867242,-0.011269770562648773,-0.5497142824654778,0.04089847899569443,0.08451853971928358,0.14049621423085532,0.01686950167229459,0.040791742503643036,-0.08005927006403606,0.07096361998118976,-0.17381545156240463,-0.03433131519705052,0.03870176266908262,0.04989466350525612,-0.08499945203463238,0.010662830813924638,0.025471679866313934,-0.004960954189300537,0.02792357712501548,-0.06819494813680649,-0.43365862499922514,0.021508790208600154,0.0503327427431941,0.08111575245857239,0.03288082390074275,0.07159674167633057,-0.020199646552403805,0.05236501208787764,-0.11369100213050842,-0.4723387199143568,0.05304707101378521,-0.03544222190976154,0.11563055713971455,0.01911905756170216,0.04591870307922363,0.05370724201202395,0.0010025584884598582,-0.002205461263656616,-0.36520129938920337,0.03590891869071577,0.04461395740509033,0.055251187979891925,0.03544222190976154,-0.029212869781141182,-0.04461395740509033,punch
v_BoxingPunchingBag_g02_c02,3,9,6,70,320,195,250,punch_window,3.930555137550259,2.8368993188986367,9.235804618952852,2.6028263796273863,1.0969873686998257,4.663132521513145,2.8001597054296923,1.8920527584536904,6.533866530123045,1.3756501739217377,1.41992910822556,4.4833761137656705,0.13829620076077326,0.029590767766430676,-0.027761854231357574,-0.18311164315257752,0.053152319114431766,0.062193103134632166,-0.35083361844798283,0.15747243349395204,-0.17778466129675508,0.015407891145774264,0.06466394898167822,-0.16697890311479568,-0.12562503239938191,0.03757422857837545,0.09908358007669449,-0.46156442135439385,0.05035389320058641,0.07615383481606847,0.13833375594445638,0.02031333576594132,0.00800766795873642,-0.08209795717682157,0.04535952007796404,0.07721848040819168,-0.01908911947560096,0.11450650626950695,-0.11207197094336155,-0.08657713127987729,0.03016658062181256,-0.07379748672246939,-0.025720367474215373,0.02064760225838141,0.03184587508440018,-0.3289051180638905,0.08846859430292198,0.20351188397035003,0.06997958251408169,0.029412982785922658,-0.036359965801239014,0.010735337223325456,0.054516518148127746,0.06982704997062694,-0.5314713274793965,0.10934352291395198,-0.07852473855018616,0.09893706440925598,0.06193862191562981,-0.16291940212249761,0.07509835277284897,0.03195695883394797,0.09233835339546204,-0.3445789418848498,0.08743636281239443,-0.04079810902476311,0.062474151339155015,0.07852473855018616,0.03648841735741004,0.04079810902476311,punch
v_BoxingPunchingBag_g02_c02,11,17,14,390,640,515,250,punch_window,2.25973768243481,1.8982520601262929,5.7834670463228655,3.5576407234335954,1.6370389343552623,5.302827522630136,1.5931080945105904,0.7297954436227911,2.500897064805811,2.547116846330342,0.7181711770366344,3.5296676016906954,0.1631342970899173,0.03751332938263777,-0.07350316643714905,-0.202772889818464,0.017281068100206947,0.04390322417020798,-0.5528731805471969,0.06920840462031273,0.0331596122123301,-0.051950749542031986,0.06646852554120376,0.1755957007408142,-0.06892728805541994,0.08907319613148167,-0.19675595313310623,-0.48764028629687217,0.12432722679428865,-0.33462789794430137,0.15825540572404861,0.01952447415382669,-0.045569807291030884,-0.07669998492513384,0.01689258649031317,0.012213222682476044,-0.14981673089122133,0.03243629545214604,0.0487048909999431,-0.12793110204594477,0.022480104501819437,0.06767040491104132,-0.016280187027794973,0.02696880533142099,-0.0747409537434578,-0.2662114715536258,0.12800606428984365,-0.38730558147653943,0.08312590207372393,0.03899823157170294,-0.06408184766769409,-0.006426453590393051,0.013099949630061147,0.03456622362136841,-0.639271250792912,0.06691610475915323,-0.12432276830077171,0.03376927546092441,0.062190536721436936,0.16289931535720825,0.12175791604178292,0.07935885920618255,-0.17107966542243963,-0.42443517475788084,0.09348456163268455,-0.22088789008557796,0.11291279066536974,0.12432276830077171,0.16452512312875478,0.22088789008557796,punch
v_BoxingPunchingBag_g02_c02,20,26,23,750,1000,875,250,punch_window,1.4981782227571714,0.965219835264717,3.4918253702579594,1.4572017882738224,0.756330752883846,2.5659044227925074,1.256750402077181,0.6293950809874623,2.2607376150121157,1.1805037588998732,0.6828929991689014,2.0296638750723286,0.15122274202959876,0.040750482351038106,0.11282391846179968,-0.15649345623595376,0.02563828018537743,-0.060329549014568384,-0.3822262629733554,0.07876307758900317,-0.16260118922218686,-0.004290676542690838,0.058070590672509664,-0.17014543712139135,-0.1493280710918563,0.004331516929198788,0.004817463457584381,-0.47260380449837874,0.055767227716304914,-0.08852739771828061,0.14921843792710984,0.033130304999894215,0.07362590730190277,-0.04391826582806451,0.017817950660110056,-0.006613962352275848,-0.031012752958174277,0.06735376086516505,-0.17158678313717246,-0.10501866681235181,0.039766195765569355,-0.11288107931613925,-0.028113285345690592,0.025939157911650856,0.07045144587755203,-0.3032909548575325,0.055033233749185353,0.13036258378997445,0.07224722845213753,0.03573625305615297,0.09577706456184393,0.027320393494197286,0.025368206231350623,-0.05956020951271068,-0.5350972073418754,0.05502660729670436,0.02747858315706253,0.07248290521757945,0.05670170855196486,-0.16497227549552917,0.04713851213455198,0.005695278512653753,-0.015217036008834894,-0.3877695431666715,0.06883060782573569,-0.16980288550257694,-0.01724289163694348,-0.02747858315706253,0.12771073644270797,0.16980288550257694,punch
v_BoxingPunchingBag_g02_c02,48,54,51,1870,2120,1995,250,punch_window,2.8571169824270513,1.2521547257526136,5.150185606010915,1.3345700539769556,0.8197460077737098,2.7864274884850095,2.360657139944714,1.2455053510704448,4.441745778790617,1.0329368979945213,0.3577412290748983,1.4882696507514188,0.1101776659488678,0.03992262083240494,0.07388942688703537,-0.14372003078460693,0.03467317668722183,-0.049780808389186915,-0.2929668810351619,0.13659742589540508,0.4099090467207133,0.012714679752077343,0.04388720822698753,0.11792161315679545,-0.1519258107457842,0.01260821262341083,0.007665164768695887,-0.4773861170480294,0.0332010160394195,0.0802276055328548,0.1264354714325496,0.02256897899145502,0.024681083858013153,-0.05891309891428267,0.05821394251294317,-0.1212666854262352,0.010440578351595588,0.1306596064571873,0.3714201818220316,-0.10092202254704068,0.025048368217255368,0.06605460494756704,-0.020844008241380965,0.028631046185715683,-0.07273175567388535,-0.3612660085117178,0.05983144261340764,-0.16493318276479846,0.03296180708067759,0.04751977165244971,0.09700185060501104,0.04517044765608653,0.030521187951475286,-0.036492496728897095,-0.4642077061746801,0.0587856255519334,0.14989176020026201,0.09441219057355608,0.04046731960868251,0.10609200596809382,0.05305502670151847,0.015168259472820755,0.02033856511116039,-0.3647487014532089,0.0699954363127386,0.20294639095664033,-0.14385258259919032,-0.14989176020026201,-0.15679226346188574,-0.20294639095664033,punch
v_BoxingPunchingBag_g02_c02,68,74,71,2670,2920,2795,250,punch_window,1.2555958722727445,0.9350883902950822,3.072607387797032,0.738983455086656,0.28822860153986546,1.314514175891584,0.7233432502651644,0.432094800278542,1.2877651984464265,0.5495996713287002,0.26211877691773156,1.0141654299562204,0.10199389553495812,0.029612119832998482,0.06760515272617351,-0.1325537817818778,0.03719215660843747,-0.10300830006599432,-0.5484199214676794,0.04148827653203797,-0.12408473092364147,-0.04388816601463728,0.013673769730167599,-0.03511337935924519,-0.09877339431217738,0.014262249970554275,-0.02361187338829046,-0.47529125101365416,0.024635489470776574,-0.07282029587076977,0.15535810004387582,0.009880835776576752,0.028994962573051508,-0.005127374614988055,0.01901101265483228,-0.056998610496520996,-0.20320788339345847,0.014858342361136536,-0.02960192161845046,-0.13984270979251184,0.0099604783529957,-0.021805524826049777,0.016739321606499807,0.0091495805947615,-0.024712800979614258,-0.1978758051409386,0.020864906201475665,-0.05535914498614147,0.01721081137657165,0.031776989462339235,0.0786899626255036,0.06065615585872106,0.03323782744564102,-0.08952093124389654,-0.5669711770356766,0.047931562395698145,-0.1463119834661485,0.055380827614239306,0.012015244638923443,-0.030693054199218694,0.0967046107564654,0.016229175444381874,-0.032165229320526234,-0.46762094483710825,0.016679160713802342,-0.04820526810362935,0.14365405112777885,0.1463119834661485,0.03743416671732469,0.04820526810362935,punch
v_BoxingPunchingBag_g02_c02,82,88,85,3230,3480,3355,250,punch_window,3.049161873842499,1.204424211486205,4.174302331985625,1.942399586459801,1.5104218572400816,5.1198284638615075,1.3926839915485771,0.5720572406218334,2.1297889081546892,1.0441977425082996,1.0456498719733698,3.2666051689599263,0.08030977366226057,0.06502299981577354,0.18486297503113752,-0.07442766215120045,0.08653006133405977,-0.2553385272622109,-0.49964346021754735,0.12645748820551334,-0.30064087413484236,-0.09110511253987043,0.026242662082651868,-0.06923126801848412,-0.047465347817965915,0.03557679667679172,0.0931796059012413,-0.43454253065075527,0.07397701294607617,0.1550034055835568,0.14664173498749733,0.02361766865593352,0.06647754088044167,-0.03469473762171609,0.02784429156129513,-0.07570389658212662,-0.1853074051260981,0.05603127300257783,-0.1330607613199391,-0.14499139200363845,0.004981120726068475,-0.010190095752477618,0.013512153710637773,0.005734096148790682,-0.010960079729557037,-0.1296046529252115,0.05543188202652678,0.1420359673793426,0.0038126707077026445,0.06427096891365401,0.18497556447982794,0.11414637310164315,0.08386178795056604,-0.2500299811363221,-0.4671862391488893,0.12155562398009633,-0.28227499499917036,0.00913261302879878,0.02881799231254221,-0.07748205959796903,0.13391512206622533,0.037293884395159425,0.09671345353126526,-0.43590011560757247,0.057198391029647855,0.11153276078403007,0.22484623137965937,0.28227499499917036,-0.06577184335802255,-0.11153276078403007,punch
v_BoxingPunchingBag_g02_c02,90,96,93,3550,3800,3675,250,punch_window,2.6685316998723585,0.49846683910239253,3.5299958333981176,1.6392529657876906,0.621333042358473,2.353894033334828,2.324512765921527,0.7590191354567438,3.534768046175375,1.2355642817932273,0.7794511438695553,2.715768159557792,0.16423625818320683,0.019939745699938755,-0.033042795956134796,-0.22137675647224703,0.03611491719753049,-0.057548664510250036,-0.2647459864882486,0.19138382166850382,0.55469483230263,0.007922200219971778,0.05967635281590676,0.16776498407125473,-0.10815484715359555,0.05616548425655186,-0.1505783125758171,-0.4885891256853938,0.06491934672773873,0.1214927444234491,0.16304774156638555,0.020572783623111608,-0.017770536243915558,-0.08849002314465386,0.06934139624292815,-0.09733819216489792,0.04334022996148892,0.1254097445110742,0.35475042555481195,-0.09435581522328516,0.03501805596467161,0.09049021452665323,0.002909186695303236,0.019597921390775753,-0.04165448993444443,-0.3350458407242383,0.0582846000967172,-0.1785942306742072,0.08755505084991458,0.0237452803643969,-0.018259197473525945,-0.021835569824491235,0.030533959274161193,-0.04184535145759577,-0.43225081105317387,0.1227476524112999,0.34860647842288023,0.09213313034602574,0.05175399190484012,0.14236271381378168,0.09060957602092198,0.04584088247445313,-0.12126013636589056,-0.34905645144837244,0.11281204820945782,0.28129322081804276,-0.33291907660543807,-0.34860647842288023,-0.25931495462896553,-0.28129322081804276,punch
v_BoxingPunchingBag_g02_c02,124,130,127,4910,5160,5035,250,punch_window,2.891425146384883,1.4259832622688886,4.6710653232238375,1.7966056061841844,0.7191852658511583,3.2328438013183107,1.6209822870261732,0.7570821544064054,2.6321735456394637,1.4639918145959212,0.9682612232349727,3.16484211529626,0.11617872970444816,0.04204402863432532,-0.026964940130710602,-0.16695590423686163,0.034532202621793635,-0.034271553158760126,-0.3032957427203655,0.16635514764484366,0.4205364855006337,-0.026411810091563643,0.06084277429537413,0.1765560731291771,0.013892932661942073,0.03968413478292432,-0.12309740483760834,-0.45965549615877016,0.07870914653802726,0.12439721543341875,0.13484818169048854,0.0222255202181178,-0.0314968004822731,-0.05448063675846372,0.02461271553500669,-0.07205305993556976,0.001966114555086426,0.07451272085424138,0.19395540375262488,-0.11565348931721282,0.02067003850842092,0.05288522690534592,0.03555663249322346,0.0067088991904597954,0.013069167733192444,-0.30152372856225285,0.04546097766251086,-0.1330778626725077,0.030611191477094377,0.04174631610280452,-0.013388097286224365,0.035213645015444064,0.03473060739905284,-0.027220129966735895,-0.4210280802633081,0.14215458658786387,0.35993124172091484,0.05978984066418241,0.0554131511575261,0.16208007931709295,0.20880675315856936,0.039216865485982653,-0.1213423907756806,-0.31157963563288965,0.11514638014483371,0.24107030034065258,-0.3576614088869046,-0.35993124172091484,-0.23041051363287463,-0.24107030034065258,punch
v_BoxingPunchingBag_g02_c02,138,144,141,5470,5720,5595,250,punch_window,5.006444716537204,4.2056163826066415,13.136113880592534,2.191331524808113,1.3547150384239899,4.1904323479691215,2.135754347761018,1.5245636603606343,4.936647187514806,1.2424272744220524,0.8972723990101943,2.572013150474486,0.1371105813554355,0.04206336410674388,-0.03518332540988922,-0.1878991276025772,0.036276444592653,-0.06169711798429495,-0.2830565913713404,0.25071293700600755,0.31487672403454786,-0.015549941786697965,0.06183177012056766,0.15129290521144867,-0.055836624332836704,0.05250630799305584,-0.12726946920156484,-0.5159437913181526,0.09957387859854386,0.09635281935334206,0.13606249328170503,0.02406444321503196,-0.006961002945899963,-0.04009006065981729,0.05397097185196643,-0.1465393230319023,0.019598022502447885,0.12264373760084159,0.20571502670645697,-0.11464595901114602,0.037178456188547426,0.09114189445972443,0.02659381926059723,0.01138947214280741,-0.030460767447948456,-0.3298397065539445,0.05535992535797781,-0.15547167882323265,0.0579357658113752,0.03647860433608665,-0.012050151824951172,0.012591234275272931,0.035368527187870945,-0.0500596165657044,-0.4245566896029881,0.22254945655915517,0.2030053883790971,0.06966254115104673,0.054199891868088206,0.13392096757888794,0.140789338520595,0.05043311415733894,-0.12016522884368902,-0.37840248537915094,0.14860756628818905,0.21042080968618387,-0.20023722031099345,-0.2030053883790971,-0.202717418024149,-0.21042080968618387,punch
v_BoxingPunchingBag_g02_c02,146,152,149,5790,6040,5915,250,punch_window,2.3462385209937406,1.2476648201792204,4.244620900573635,3.2163932291909965,2.6831330527376984,9.109763930712342,1.457554655042267,0.5128936908947901,2.1843069289877852,1.6699009662693507,1.6181725563780944,5.126725384895686,0.15535244984286173,0.05419757535330068,0.14011974632740015,-0.2116079798766545,0.05466003055310299,-0.11775127053260803,-0.4651320922525234,0.12755551282275285,-0.39888304029591387,-0.05425287357398444,0.08190378567346693,-0.21780191361904144,-0.08201502050672262,0.09820636943919367,0.18804785609245306,-0.39524127808441073,0.1062077202968977,-0.01633394812233746,0.15906670902456557,0.03527645665820426,0.08616523444652552,-0.029428601264953613,0.025387850465952162,-0.03964105248451233,-0.10887897812270754,0.057278027899651765,-0.18075930629856873,-0.1141900143453053,0.0386970986468342,-0.10583348572254192,-0.0003681012562343052,0.006136001110436058,-0.010829538106918335,-0.20728040193249134,0.08626308350041767,0.13305457378737637,0.06960104618753707,0.04885261205190389,0.12247872352600092,-0.015612219061170314,0.05526820360014686,-0.12061157822608948,-0.5690202085035188,0.08787417924696674,-0.27633456140756607,0.02953508496284485,0.08150016378616812,-0.21421748399734492,0.12181335261889865,0.09160876655389125,0.17422339320182806,-0.3627622615562619,0.10580962746346417,-0.06304341275244951,0.28967857043003636,0.27633456140756607,0.08522669079213291,0.06304341275244951,punch
v_BoxingPunchingBag_g02_c02,150,156,153,5950,6200,6075,250,punch_window,3.4952759644947426,3.526530709457955,10.925019812046203,3.182905157602356,1.302879620513636,4.999929883366975,2.0316078455106137,2.2574502794306217,6.9312995151010055,1.6055021872339819,0.7196476397420891,2.575289099003037,0.18811422373567308,0.031434284809004585,-0.022608332335948944,-0.22856543638876506,0.0531977864508235,0.09942179918289185,-0.4671308007694149,0.16704368085816867,0.23582348367199307,-0.0740052184888295,0.08162636290188627,0.20353678613901144,-0.05707481397049769,0.0942801716284156,-0.21206814050674438,-0.4211946345936407,0.11796736698935822,-0.220633848104626,0.17321046548230307,0.022984973300728555,-0.04660104960203171,-0.05296741958175387,0.011939332415753345,-0.018158435821533203,-0.08447570386384282,0.10586620263696006,0.19357075681909902,-0.13104387053421568,0.030826020282127733,0.07973984628915792,-0.021500748183046068,0.02190163724437234,-0.06892919540405273,-0.2315678469375208,0.1156097479250384,-0.35467510716989636,0.09783153448786054,0.029486066631340367,-0.01256301999092102,-0.03381016850471497,0.05055243088431556,0.09681096673011774,-0.5744802951812744,0.11418170113061249,0.07761114090681087,0.006585321256092624,0.07605933860965255,0.1882949173450471,0.1463977141039712,0.08604396194254588,-0.1914719641208648,-0.3626406719392565,0.11617817708373272,-0.06050534360110771,-0.07991643119322056,-0.07761114090681087,0.0029193034692210906,0.06050534360110771,punch
v_BoxingPunchingBag_g02_c02,157,163,160,6230,6480,6355,250,punch_window,1.604994421276202,0.7562337390507683,2.671587313196389,1.6634145051501148,1.1526148616254344,4.106135130115003,1.3565606350222355,0.5927397560093516,2.1623518178281143,1.259022888214501,0.5785474024868541,2.1004465037406375,0.14801865922553198,0.021625051716716796,0.038128308951854706,-0.1818674526044301,0.024663137627030648,-0.06050866842269892,-0.3718132087960839,0.12163213885792125,-0.3116662863176316,0.020886375435761002,0.06520275699904864,-0.17375243455171585,-0.15691531768866948,0.012894439361196948,0.030072897672653143,-0.4300983919362936,0.0803400330556933,-0.19431877764873212,0.14987683402640478,0.018961783262097857,0.047711484134197235,-0.04429911928517478,0.011089978176943469,0.0222623348236084,-0.02450818821255649,0.10091099231793849,-0.2696512553375213,-0.09197934291192465,0.05501286527005093,-0.13564702123403546,-0.03182115937982287,0.02194626684472278,0.04418158531188965,-0.31267701395388153,0.05497603366331491,0.13951229420490566,0.06513891901288718,0.013215249425931786,0.01211038231849676,0.005557481731687265,0.026838212544364165,-0.06780573725700367,-0.5464310741850308,0.05167679797895052,-0.11199384182691574,0.0936580342905862,0.056383283920768676,-0.15106835961341858,0.05251187937600271,0.007320471632391425,0.014631330966949407,-0.3274937410439764,0.13609567788863383,-0.3552216133102776,0.11230039412925641,0.11199384182691574,0.2823908679203101,0.3552216133102776,punch
v_BoxingPunchingBag_g02_c02,169,175,172,6710,6960,6835,250,punch_window,1.9066202702621042,1.4210129881516604,3.9639589173395895,2.2324831158597216,2.1486741314832796,7.000432043138457,0.8861918621839845,0.7192663519433763,2.2138243947989125,1.2082383019473166,1.5944847079281042,4.719358247428066,0.08103569543787412,0.05462765491931709,0.15629353001713758,-0.06447478490216392,0.06762208403255353,-0.19714432954788208,-0.636689185364438,0.0691394835898237,-0.17845191480591893,-0.11457548556583272,0.014340082046450353,-0.03285081312060348,-0.06503305052007947,0.02165669520544892,0.015842199325561523,-0.4645323788614145,0.08846354775216199,0.1430851924233138,0.14401389924543245,0.0275467568396541,0.08044939115643507,-0.02272471146924155,0.03688932599574746,-0.09601300954818726,-0.2841293038135128,0.03142512389746932,-0.05128397466614837,-0.15102655706661092,0.0072054761586001275,-0.015613626688718657,-0.015185183712414332,0.00939080672504299,-0.02223426103591919,-0.10661528405866452,0.05527166810522556,0.07771516125649215,0.004206955432891869,0.052610579823901875,0.15353381633758545,0.12422163145882743,0.06292265085864793,-0.18505865335464483,-0.5586002969316074,0.06968579321417716,-0.18674899637699127,-0.018022294555391595,0.01420151448891198,-0.028452679514884893,0.11706846100943433,0.02129556506462074,0.014060974121093806,-0.5045919053788696,0.07561119352229623,0.12439697235822678,0.1655878694156105,0.18674899637699127,-0.11301503428574239,-0.12439697235822678,punch
v_BoxingPunchingBag_g02_c02,183,189,186,7270,7520,7395,250,punch_window,1.8985572419014192,1.091731575148281,3.5569275247210235,1.7857571153800942,1.5161252027417882,3.916099311678962,0.815500183311899,0.39695438221344176,1.433646328361482,1.3935470906006262,0.8828482296947774,2.9113868446011595,0.10017986914941243,0.037856674526247074,0.041712999343872126,-0.1356775654213769,0.032353420673495205,-0.07321300357580185,-0.6669594094689403,0.07435838815279226,-0.09748588665388525,-0.09831979338611875,0.017073668720041343,-0.00627821683883667,-0.12210185400077275,0.04376342203523156,0.09230155497789383,-0.3931361780102764,0.10844510656307958,0.1722974909935147,0.1627685566033636,0.02202190494561702,0.0483151376247406,-0.0376228711434773,0.0076033802515461804,-0.013526253402233124,-0.32068247055368765,0.03466518492596313,-0.0631154344882815,-0.16573097131081993,0.00816052670984778,-0.012252718210220337,-0.026076429656573703,0.0063618708230050855,-0.014474920928478241,-0.08387921604194808,0.08673147878815944,0.17550924629904344,0.013443189007895349,0.04054374693637408,0.05221101641654974,0.061728877680642266,0.029251620613766766,-0.06146502494812006,-0.5972874670156411,0.0594153177914119,-0.04480516910552973,-0.007804002080644872,0.015013346667601825,-0.0012788772583008368,0.07307700174195429,0.04318459248761561,0.08769267797470093,-0.452285102967705,0.09605375807718332,0.0950321294367315,0.040733037973028796,0.04480516910552973,-0.075840190572318,-0.0950321294367315,punch
v_BoxingPunchingBag_g02_c02,194,200,197,7710,7960,7835,250,punch_window,3.192931728040509,2.6934492684376137,8.92468748461734,2.359025518320797,1.6212125667846289,5.374665135113983,1.445202790520953,1.2270329036476866,3.882325811471144,1.3162191620372212,0.8370794839655766,2.919285353156464,0.09641722163983754,0.036767701890022944,0.11994555592536932,-0.047226144799164364,0.04947479377633378,-0.11780020594596863,-0.6662732122432706,0.19657997909024447,-0.38326760847121477,-0.12231051176786426,0.012425912941648265,-0.03519624471664423,0.046312748321465085,0.009889373641105861,0.02552896738052368,-0.035391488162401556,0.1635113552347558,0.4033051012083886,0.15830379618065699,0.009391913911200905,0.024739772081375122,-0.02813186070748738,0.02198955651498639,-0.049912452697753906,-0.32754611268839134,0.09609539500719155,-0.20094328839331876,-0.13286167489630835,0.002799126241593624,0.004029452800750788,-0.03209367926631655,0.006490476387162221,-0.014827549457550049,0.1361852118446092,0.06703122934793443,0.16231626551598302,0.01972619550568716,0.03986363439149318,0.1275658011436463,0.14806116904531205,0.04648538781033217,-0.11191073060035706,-0.5188047524009433,0.190666532791858,-0.33438317477703094,-0.02632959399904525,0.01084399427639758,-0.03008896112442011,0.23570522665977478,0.009970425314664454,0.026713728904724066,-0.07772700295650536,0.16317423395194522,0.43138464912772145,0.3122620090875303,0.33438317477703094,-0.01602883810089295,-0.43138464912772145,punch
v_BoxingPunchingBag_g02_c02,216,222,219,8590,8840,8715,250,punch_window,2.041075164202404,0.9866555152071057,3.5673670668336968,4.640812702611853,4.491630309340938,12.320745778589208,1.3617353180676794,0.8139281639585271,2.773872285772699,2.107586241005872,2.0255067696726776,6.462822317941924,0.11671588782753263,0.015067029030132642,-0.025982119143009186,-0.12040460003273827,0.04535871823419043,0.12177670001983648,-0.6494216786460518,0.055755740276406944,-0.07725485181435943,-0.14365847940955842,0.036770749307984324,-0.08118496090173721,-0.06710024710212435,0.04223942138094894,0.08403003215789795,-0.403981106145823,0.18105865550132313,0.02439750218763953,0.15068721451929637,0.01032553734025158,0.019974730908870697,-0.003583817609718868,0.015445355358619146,0.025511503219604492,-0.28285223198015175,0.047101907381533914,-0.011934658046811819,-0.13751508827720368,0.009903410300470004,-0.02682990580797201,-0.052676204059805186,0.017744449485347154,-0.010679900646209717,-0.06036478313243216,0.09513811599655957,0.0945522733964026,0.012230260031563895,0.012694495226889218,-0.015668869018554688,0.06443926692008974,0.04628807802313663,0.1315292119979859,-0.6018132133675473,0.03573126396510199,-0.03762099891901016,-0.08084717818668907,0.03911705083681933,-0.07387727499008179,0.15151992440223697,0.04031057296971232,0.07231479883193964,-0.4385232361632266,0.173103426939922,0.026889992877841107,0.04652982411080964,0.03762099891901016,-0.003821387517350283,-0.026889992877841107,punch
v_BoxingPunchingBag_g02_c02,256,262,259,10190,10440,10315,250,punch_window,6.884015704748893,5.7319182300491995,16.505120966443798,5.9562314246826125,4.938517926183442,13.651437065545691,3.6699227982843095,3.266480899476906,8.992664308582054,3.102488270476007,2.4677502059665457,6.715259895240901,0.0974085448043687,0.07261746629185858,0.12926683574914932,-0.13377433376652853,0.05827435333430042,-0.19688566029071808,-0.5060190947333467,0.2637152803885748,-0.32633993012132123,-0.08643857176814762,0.05176954755172586,-0.06260588020086288,-0.09399186500481196,0.05746114265445137,0.16168098151683807,-0.33443599996618495,0.17612983942361388,0.19648581760702657,0.11284196696111135,0.07546235453739261,0.06414244323968887,-0.022615783980914524,0.03164337942546633,-0.09516094624996185,-0.2226999056531765,0.11904613398371124,-0.13395348173798988,-0.1152778831975801,0.08096638123947818,-0.014774076640605927,-0.02174804253237588,0.008833051874886467,0.005775049328804016,-0.11089618601233397,0.06779023632625009,0.15309927257476377,0.043149679899215705,0.05150598213476027,0.14184671640396118,0.057740275348935825,0.052950679112636796,-0.17381235957145696,-0.4610373755650861,0.23111187868424737,-0.29933173954486847,-0.02716049977711268,0.016537085920084012,-0.04492062330245966,0.10044745888028826,0.05427793888637973,0.14981862902641296,-0.33906249305748914,0.18224844564008216,0.17153709754347796,0.2898917337561084,0.29933173954486847,-0.1085710521463974,-0.17153709754347796,punch
v_BoxingPunchingBag_g02_c02,264,270,267,10510,10760,10635,250,punch_window,4.958785334494977,3.9872408594431064,11.918962778133633,3.090235212595011,3.1853303649117986,10.014486284011818,3.153211334251514,2.307551581983764,7.67546293770984,2.3488174614960067,2.1070948949747836,6.71079900329906,0.11969256294625145,0.05349559290106053,-0.12038955092430115,-0.20281435336385453,0.06701484122686645,0.10917104035615921,-0.5441182706771153,0.21465094842912216,0.42256102582905447,-0.06356972562415261,0.047229385356407645,0.1258070468902588,-0.05119981510298593,0.06777910675670883,-0.17140846699476242,-0.3256122250376003,0.20128832979555075,-0.4874655766179786,0.15427923096077784,0.029216439012824724,-0.07664898037910461,-0.07393811004502433,0.02710255477272757,0.05946023017168045,-0.19412797659502493,0.14584209342823107,0.323764188797213,-0.09696156744446076,0.015353066237563858,0.046426743268966675,0.01319400327546256,0.02073674165521207,0.054827459156513214,-0.1578091456155692,0.17069210611767868,-0.44376187899615605,0.04599897350583758,0.04883254778716849,-0.10371977090835571,0.009214503424508238,0.06810420931516785,0.11670809984207153,-0.5710804808352675,0.138462521093587,0.19388260692358028,0.04535609483718872,0.04941076712849252,0.13263779878616333,0.13103003161294122,0.06952328962953801,-0.18178310990333557,-0.2877464974964304,0.16047122438424163,-0.3212520084343853,-0.19355594919983843,-0.19388260692358028,0.16151385678729108,0.3212520084343853,punch
v_BoxingPunchingBag_g02_c02,270,276,273,10750,11000,10875,250,punch_window,1.9704589957302716,0.8009397852429649,2.902751038650138,2.1017456524377756,1.1065570053439757,4.020127312107949,1.3461020033422555,0.6965865380214415,2.4683935399706303,1.393721815251581,1.040370903288014,3.087454116292465,0.10510534048080444,0.020432750478353374,0.04608668386936188,-0.13952090378318519,0.02163087010677016,-0.03743220865726471,-0.5040458190612428,0.07240983204475575,-0.2176185308489949,-0.06748664379119874,0.04568322778621836,-0.1217135637998581,-0.04877482886825289,0.06280658532939429,0.16235287487506866,-0.5065167168379828,0.07215233588460455,0.15672215237282217,0.1477168117250715,0.017521882063242827,0.03993554413318634,-0.04100014375788825,0.012394251900952592,-0.005862817168235779,-0.16441994851837596,0.06686351808280744,-0.21282355324365196,-0.11181867548397613,0.025704017380154594,-0.0648403912782669,0.021525213760989054,0.01761737960197265,-0.028901800513267517,-0.23532520819571798,0.09185689259997365,0.28538733883760864,0.03201087883540562,0.014785606045129468,0.029027283191680908,0.06560951045581272,0.025228300758097465,-0.055458724498748724,-0.51953736692667,0.07720110037748905,-0.023843206465244404,0.03314703702926637,0.050970216145853654,-0.13224944472312922,0.134738815682275,0.0726813846006,0.18660703301429743,-0.44246614897357567,0.05416152987459666,0.0020018992945552982,0.01743814891195139,0.023843206465244404,0.0490703370673331,-0.0020018992945552982,punch
v_BoxingPunchingBag_g02_c02,275,281,278,10950,11200,11075,250,punch_window,1.9230113364573815,0.5739132851221109,3.1607478843757764,1.8250113987819028,1.4041754123301349,4.020127312107949,1.1492314963677777,0.38190859421567425,1.5917894974470215,1.4835552286101361,1.5515947645056805,4.137309090037201,0.09466177863734108,0.025401466968264258,-0.04479315131902695,-0.12042757655893054,0.026270672126233584,-0.015423513948917444,-0.5146753881085065,0.05854897597027057,0.11596973819541745,-0.10366797660078321,0.03411263198714496,0.09871689230203629,-0.012033311384064818,0.07249641986619351,-0.1735690906643868,-0.40907211894019774,0.059460807254778404,0.0406711308460217,0.15407573963914598,0.003829381904472733,-0.013048432767391205,-0.03663302958011627,0.013496211941828222,0.036789678037166595,-0.18690300812262908,0.04671403888639142,0.07692517174291426,-0.13725287360804422,0.011231193894912785,0.025336630642414038,0.024505344884736196,0.012955104722165128,0.017201386392116547,-0.12356148952468561,0.06974610015767428,-0.11311874704551883,0.015123699392591203,0.024621880626513094,-0.042960286140441895,0.0825007430144719,0.02815282077166254,-0.01591071486473089,-0.4894803050639374,0.041746453243885505,0.005151741206646132,-0.003672408206122254,0.034783980804973386,0.10190287232398992,0.17997843452862333,0.07428840911978438,-0.17801919579505926,-0.4064063654680337,0.04357685043764767,0.05129660293459898,-0.008941396746429353,-0.005151741206646132,-0.0950088792165526,-0.05129660293459898,punch
v_BoxingPunchingBag_g02_c03,1,7,4,0,240,120,240,punch_window,3.780837852099832,3.4095281856517774,10.615419769486465,3.0427839190285817,1.2605651483015,4.777325260300615,1.8827932743154794,1.345059741560063,4.317054154683111,2.1879120512126753,0.7228504980604842,3.455850804603692,0.12453283901725497,0.03249752970370624,-0.028019025921821594,-0.18861710386616842,0.03756959006363961,-0.09817612916231155,-0.35581465823841946,0.19593234632328885,0.4037951147183776,-0.05987921463591715,0.11105233056477119,0.2748767584562302,-0.06277907959052495,0.05000699065438046,-0.13153249770402908,-0.5052580887983952,0.09250763761062256,0.2915465598925948,0.1313069835305214,0.014337512442209125,-0.022628620266914368,-0.06624479166099005,0.039629397678760725,-0.07377750426530844,-0.04453108632670983,0.10314201174682987,0.25407280307263136,-0.09976999780961446,0.044069393470192966,0.12881048023700709,-0.0004847156150000436,0.007193084604729524,-0.010676838457584381,-0.3031971040847046,0.09397785967580591,-0.13449948374181986,0.0460628228528159,0.033202525964564224,-0.002236992120742798,-0.001640047345842626,0.03401358005754006,-0.08734217286109919,-0.43956375601036207,0.15525672101032847,0.20751055702567106,0.015341298920767656,0.10419880727121467,0.2537845075130463,0.12207152162279404,0.047165498215173865,-0.11461508274078375,-0.3763929568231106,0.13740118466022203,0.44682568311691284,-0.2097502464798517,-0.20751055702567106,-0.3697250549413457,-0.44682568311691284,punch
v_BoxingPunchingBag_g02_c03,6,12,9,190,440,315,250,punch_window,3.0314450291573927,1.2972219681691064,4.94959621510005,2.3808610626314337,1.6308482304498209,4.808234692115715,1.7345416994107765,0.8490846204789632,2.8238393413154173,1.5635479870545959,0.7070755863868932,2.711059427177962,0.11002458525555474,0.016694528860724103,0.0006332322955131531,-0.20674921997955867,0.023590981605499852,0.02203698456287384,-0.24618259857275654,0.16446309849327656,-0.22450705245137215,0.03338411556822912,0.04259426477772504,-0.10438833385705953,-0.13755802810192108,0.01480468712489928,-0.02718533575534826,-0.5162565121427178,0.07207183475425401,-0.05867721512913704,0.125724159181118,0.014194970114936511,0.03285609930753708,-0.07840382839952198,0.047732805738845245,0.10121099650859833,0.02080190461128949,0.10438455739258837,-0.1677628308534621,-0.06044512880699976,0.03144533822183232,-0.045933015644550323,0.006332288895334516,0.010963257104998023,-0.0030473023653030396,-0.408984998374113,0.05233685085548668,0.09031726047396665,0.0421772258622306,0.020842928508055945,-0.0075962841510772705,-0.00949041758264814,0.020802313309571274,0.02840375900268549,-0.389635221766574,0.13612120331950936,-0.1430035680532455,0.10521843177931649,0.037722399278667655,-0.09570139646530157,0.05132304344858441,0.014332797351054869,-0.02546253800392151,-0.3280876555613109,0.12514700279346935,-0.1371518075466156,0.14098179653232634,0.1430035680532455,0.109301171340844,0.1371518075466156,punch
v_BoxingPunchingBag_g02_c03,20,26,23,750,1000,875,250,punch_window,1.828770444570199,0.5090862073299863,2.439259217214277,0.9766090648032977,0.301631848605716,1.5308138064828047,1.3365630274381806,0.24359778269988824,1.6890136076134303,0.6788000782864206,0.1873045887540405,0.8486858160181895,0.1330230353134019,0.061957112744748195,0.14128675311803823,-0.1334607100912503,0.03671079371072839,-0.05986116826534271,-0.5354281190583217,0.04406941106626465,-0.05933221115265047,-0.07240284872906552,0.013866787921524596,-0.0018633380532264154,-0.10385243062462125,0.039345641239036416,0.06416933238506317,-0.5576682085770049,0.031217624259628415,0.014232944115065038,0.14732747312102998,0.016417653171029035,0.04835983365774155,-0.05721796942608697,0.03440760791287484,-0.07352675497531891,-0.18520995073153504,0.024047829958523444,-0.007970501319505274,-0.12163849920034413,0.0035753761723070847,-0.004325263202190427,-0.014956454081194741,0.004336254857708394,0.008915290236473083,-0.2937323914375156,0.025366326488737614,0.019260625704191625,0.05638091053281514,0.06112798645762376,0.13900464773178106,0.05432982529912677,0.03049440702875074,-0.045675247907638605,-0.5640459816370692,0.051538227435858654,-0.06162643851712346,0.016761294433048784,0.016617257611188024,0.008666247129440308,0.07579784308161056,0.036857379397212744,0.054532706737518255,-0.49809476839644573,0.03007757265072805,0.02833338081836706,0.07176400597383198,0.06162643851712346,-0.015948082578851497,-0.02833338081836706,punch
v_BoxingPunchingBag_g02_c03,43,49,46,1670,1920,1795,250,punch_window,2.989330711098607,1.175517309027737,5.37715550602559,2.264976911089064,1.1308325387333296,3.6566164416261073,1.762240503576968,1.2674440801247346,4.17925689481511,1.3975748543087894,0.5792103295811718,2.4402482221366895,0.12108608867440905,0.04375298788442196,0.12978379428386688,-0.06522483165775027,0.0877727922687902,-0.2222755253314972,-0.5207258906697722,0.10970064465362662,-0.14186951174633577,-0.15572550679956162,0.010641468306036246,0.019761309027671814,0.01986356611762728,0.02706371114428045,-0.07250469923019409,-0.35813734541547354,0.11680653210159243,-0.3663537467946298,0.1309282545532499,0.0257468079226968,0.05144260823726654,-0.03663840996367591,0.02183635010904503,-0.07344162464141846,-0.23142003129136615,0.054566629090295055,-0.023301180743146688,-0.11948686199528834,0.0019302227148070184,-0.00521029531955719,-0.013412855565547943,0.01244094010318404,0.03629171848297119,-0.08534217114460518,0.0806748735529648,-0.2484438794781454,0.04943825943129404,0.044139458515805925,0.12985187768936152,0.09606189387185236,0.08335149548004367,-0.2038837969303131,-0.4002900698355266,0.12041333942172273,-0.20091287791728962,-0.07610151597431727,0.013232378751562746,0.03203302621841431,0.17348214132445203,0.030136742841418394,-0.0857774019241333,-0.31417019345930647,0.09573943006536975,-0.2930557131767272,0.16896982836822955,0.20091287791728962,0.17806300104814615,0.2930557131767272,punch
v_BoxingPunchingBag_g02_c03,47,53,50,1830,2080,1955,250,punch_window,2.1439510935106,0.7566837965054926,3.621880988560562,2.512496921764892,1.2277193166061655,3.9562950758624926,1.1205156648759949,0.7352764550094906,2.1367560279603217,1.2356084550157125,0.7658077890640316,2.4402482221366895,0.1507754921913147,0.029809198460252095,-0.039039187133312225,-0.1750382610729763,0.033086823988211236,-0.04732701927423483,-0.5888636976596899,0.06243400385275068,0.14441001985687768,-0.11374496562140328,0.04659932663579815,0.14254010468721384,-0.043123913662774224,0.049900090851489574,-0.15087319165468216,-0.5578632154751436,0.10043435471617872,-0.14517792488913983,0.15400144032069615,0.01108351040854328,-0.0063237473368644714,-0.05259331635066441,0.016008090272062844,0.0069965943694114685,-0.23957418885713974,0.04346921682796769,0.10957880888599897,-0.12263793604714532,0.008666555182103696,0.011953212320804651,-0.00985783338546753,0.011510566757522576,-0.03695277124643326,-0.2540093481657095,0.08732119633502705,-0.21370589162688702,0.0751896756035941,0.03122942997819635,-0.04686218500137329,-0.007317291838782174,0.030890460752675833,-0.04512304067611694,-0.5261480794288218,0.03031168603510124,-0.007816006895154715,-0.035121138606752665,0.04114015948075038,0.12381440401077265,0.11468484572001869,0.04257932204741004,-0.12979704141616816,-0.45760213903018404,0.07447407331618422,-0.07275503873825073,0.0012460964807965436,0.007816006895154715,0.043910764025917814,0.07275503873825073,punch
v_BoxingPunchingBag_g02_c03,52,58,55,2030,2280,2155,250,punch_window,1.653295387547863,0.9636038353942649,3.621880988560562,1.8576820270703003,1.089366810291,3.9562950758624926,1.0858199894644998,0.6770359211912441,2.105299963604529,0.7887215698397515,0.32950494614045195,1.132411174258277,0.1107599064707756,0.022733557383693058,-0.00395733118057251,-0.1458983400038311,0.03134385076974268,-0.02697911113500595,-0.4552473326579535,0.04936983531456444,0.14243467152118683,-0.039713109178202526,0.02736594383611767,0.028623461723327692,-0.11532531678676605,0.03049569526514824,-0.038844399154186304,-0.5991521250689402,0.0476662674958166,0.12237067520618439,0.14347526963268006,0.009516933561126904,0.015848100185394287,-0.017881046448435103,0.014852137546869527,0.016394056379795074,-0.1422968024354694,0.02698356991387235,0.05616541206836698,-0.11626493824379788,0.013053958479145622,0.00015801191329950504,-0.027613463146345957,0.007323117930485813,-0.013948403298854828,-0.3527275990927592,0.010428058511131811,-0.003706350922584478,0.02577143907546997,0.018531171503322143,-0.02560204267501831,0.024482437542506643,0.030694276165600158,-0.021170139312744196,-0.4720395262619214,0.04835801852998228,0.1557123214006424,0.029387686933789903,0.02637381321831033,0.022474884986877497,0.06438388569014415,0.03304837928688227,-0.01286768913269043,-0.4553830304316112,0.054165525594053784,0.17853888869285578,-0.1567317449908444,-0.1557123214006424,-0.1778388641018459,-0.17853888869285578,punch
v_BoxingPunchingBag_g02_c03,59,65,62,2310,2560,2435,250,punch_window,4.78177658134906,2.810601176584473,10.088121410353185,3.2048806948724704,2.3457260088425516,7.076647667272784,2.995459038949162,1.2644675387651503,4.493212649724227,1.3859927890898023,0.5310940916530336,2.424152830196117,0.0929153465798923,0.02755083057500043,0.08785586804151535,-0.1381739644067628,0.036043677069022506,-0.04227066785097122,-0.19657356478273869,0.23209702488257286,0.15459443908184756,0.015432727124009813,0.06291524857769815,0.05293344706296921,-0.14693184516259603,0.011670904140466102,0.0018070861697196405,-0.4084069547908647,0.14577120086599904,-0.16941524017602205,0.11544994690588542,0.041099072158041206,0.14536874741315842,-0.023865079241139557,0.05319271846355926,-0.11732200533151632,0.01763543433376719,0.14022633088193148,0.1691808467730879,-0.06242102065256666,0.043831202109428105,-0.04289407283067709,-0.04118463077715465,0.014518435056782703,0.043794237077236176,-0.30745996215513777,0.07893503710571777,-0.21808115113526583,0.016286534922463552,0.018239848635677198,0.018097519874572754,0.02182479415621077,0.032671611325595006,-0.04496121406555176,-0.28592382185161114,0.18300851490238476,-0.00020352751016621679,0.05137884616851809,0.06201655011765972,0.11627626419067388,0.04755367977278572,0.013100272795720727,0.002370685338973999,-0.2549695372581482,0.19053196234008116,-0.07805268466472623,0.0188618889666606,0.00020352751016621679,0.10653216262875226,0.07805268466472623,punch
v_BoxingPunchingBag_g02_c03,77,83,80,3030,3280,3155,250,punch_window,1.5707258111479325,0.6167764172492162,2.7442699367154626,1.2654860540987392,0.6283339023807956,2.4188481086933793,1.6100075509178169,0.40903565880542847,2.1045388136515712,1.2323685544003826,0.541713089950687,2.1156807783887914,0.09831033913152555,0.024607123521523867,0.06613529846072203,-0.12163764238357544,0.0389865949101551,-0.09377811849117279,-0.5909286579267895,0.04090317592387088,-0.04367628488398623,-0.11118871133242338,0.013019932260911485,0.03662231191992754,-0.03943341544696265,0.019880849956456382,-0.030092999339103754,-0.44993165682379704,0.0460297542950702,-0.14686873350001406,0.14760871923395566,0.003711544896573063,0.003366600722074453,-0.047882965632847385,0.021045142802086515,-0.05395038425922394,-0.25980971874845893,0.04372231562126131,-0.09900039229250984,-0.13333275222352575,0.0036318316957740203,0.0039021931588649472,-0.02308327385357448,0.016036107463007182,0.024466142058372498,-0.14707850253918356,0.059908504452689075,-0.18238937649584847,0.022935381957462857,0.02766142431606545,0.07836660742759716,0.058257750102451884,0.035108901501665304,-0.07913944125175476,-0.49807377372469225,0.0284567572622368,-0.01428331434726704,-0.026133200951984976,0.01477135121061731,0.04078251123428339,0.13091427513531276,0.031372689531301345,-0.06810280680656439,-0.4202298581866281,0.019249264436285468,-0.031677658669650444,0.00900829273568493,0.01428331434726704,0.00930555069549499,0.031677658669650444,punch
v_BoxingPunchingBag_g02_c03,88,94,91,3470,3720,3595,250,punch_window,1.9293210382988555,0.5832964851729208,2.4695658216449226,2.6581128558718747,2.6763608574064475,8.430100273464983,1.1914736779833814,0.938285174212876,2.4406950200381505,1.486376626062267,1.519756146868693,4.670003661479514,0.09427908595119204,0.07663021802503707,0.2043786682188511,-0.06819195513214384,0.062263673672271126,-0.16820204257965088,-0.4431826330255717,0.07716230284143719,-0.20932790962979192,-0.115737154015473,0.0059697794991248505,-0.0009457431733609079,-0.030435852706432343,0.03441090678683998,0.12221872806549072,-0.37274190640476135,0.10199181391263136,0.1260993746109308,0.1418219432234764,0.025533054802973465,0.06456727162003517,-0.05067751769508634,0.0357328343549517,-0.08352044224739075,-0.20812307580906367,0.03116220769175597,-0.021707314532250166,-0.14013723071132392,0.0097538703333516,0.024524081498384476,-0.012656702526978083,0.0046335640477868575,-0.011903256177902222,-0.12951409460843674,0.054996194387744834,0.07901139231398702,0.024172821215220852,0.07638781166454983,0.2011222541332245,0.1143786268574851,0.06308580608581917,-0.17408055067062378,-0.3403529045837267,0.08628861146753691,-0.24351378530263895,-0.025927937456539717,0.005568985038426732,0.00037233531475050485,0.1298051050731114,0.03495006330898727,0.12416189908981323,-0.3283245105828558,0.10355264170186211,0.16331039369106304,0.20649908293154984,0.24351378530263895,-0.09373360904714179,-0.16331039369106304,punch
v_BoxingPunchingBag_g02_c03,93,99,96,3670,3920,3795,250,punch_window,1.3298627738878075,0.7896533380550345,2.466110209291883,2.5261254018419574,1.426806900549337,5.426232576422193,1.3036954122317612,0.8279661650731411,2.460764382004973,1.8469586059151428,0.7677846761708425,2.9315770634952742,0.17667448201349803,0.03435493313323652,-0.027150128036737442,-0.17314646605934417,0.012158693929354585,-0.03165987879037857,-0.4959986331440242,0.041648849534649424,0.10711342887952924,-0.06098976411989761,0.04806111950237885,0.13462680205702782,-0.054112154458250315,0.062013066138252346,-0.12737766653299332,-0.45799302567528294,0.14988238642071147,-0.3706166963092983,0.1722827266369547,0.01367142384661628,-0.025389108806848526,-0.09834651968308858,0.017710356919142065,0.03401928395032883,-0.1601199171605653,0.04920248370493297,0.16736175166443,-0.11072878645999092,0.019206658118324865,0.06312988325953478,-0.008175425231456757,0.018908285567516593,-0.02423430234193802,-0.24555945122015796,0.13114431778834987,-0.36153551144525403,0.10752605540411812,0.03228242091859273,-0.025386065244674627,0.012394441025597709,0.012715453894396123,-0.025465071201324463,-0.5043595137207636,0.0466002016309771,-0.1264653280377387,0.029405042529106105,0.04776224241853604,0.13330562412738797,0.10884012920515877,0.059801996440929275,-0.11920252442359924,-0.3595432277236666,0.12191194827402024,-0.2617027163505554,0.118164748854647,0.1264653280377387,0.20782073483765678,0.2617027163505554,punch
v_BoxingPunchingBag_g02_c03,98,104,101,3870,4120,3995,250,punch_window,1.187239336528579,0.7280154726588755,2.7362037762759353,1.2797219218942313,0.49789721239134344,2.3165938350940127,0.8696180020714827,0.37063510605774,1.23545309097665,0.9082957349830889,0.5579563963289804,1.9615222457143022,0.14421089099986212,0.031116687560579757,0.03583087027072901,-0.19480713563305993,0.020289800461338988,-0.039971485733985845,-0.44459717481264044,0.02636371938997974,-0.02461027819663275,-0.018841697701386075,0.04679102713632876,-0.07979528605937958,-0.08508892357349396,0.051033226135325,0.11884330213069916,-0.5565208694232362,0.026450144971056053,-0.05149009544402361,0.16526405619723455,0.01649521615152415,0.02296938002109522,-0.10366481755461011,0.02127221409846473,-0.04914815723896032,-0.09428045978503566,0.014582335463755057,0.038288014940917534,-0.09102141963584086,0.016620255542584957,-0.018645539879799,-0.017959958740643094,0.024939872577839913,-0.01283775269985199,-0.3582026774861983,0.02013130541177569,-0.019864764995872974,0.07384766425405231,0.02964184979318153,0.03094306588172907,-0.0027347121919904355,0.017784124598254864,-0.0344115793704986,-0.5484427352036748,0.026804141361551747,-0.0362795665860175,0.06648555397987363,0.049539418839275345,-0.09076914191246027,0.08418909992490498,0.05171797811738609,0.12429353594779968,-0.41958545786993845,0.028876643301043683,-0.018476724624633734,0.040752517758671836,0.0362795665860175,0.0413721640839097,0.018476724624633734,punch
v_BoxingPunchingBag_g02_c03,102,108,105,4030,4280,4155,250,punch_window,1.8716215066899489,0.9203613098852103,2.7362037762759353,3.2052346514884253,1.5317235558255893,5.496818497914176,1.309629192746427,1.1187708021044713,3.393701310802259,1.2976516284919473,0.9352651339613459,2.5038804627715674,0.15530268741505487,0.029362269988067752,-0.03214487433433533,-0.21082488766738347,0.010692520854958492,0.02031745016574854,-0.45247108788628665,0.05028434891727746,-0.13185668177902699,-0.050273276865482365,0.05298560838109057,0.06256556510925293,-0.06981994211673737,0.05584680674736499,-0.10031087696552277,-0.4960972473158368,0.09936165016693127,0.20942157320678234,0.17113387691123144,0.012597071112994613,-0.03477075695991516,-0.10207052954605651,0.0297806784893455,0.023258730769157465,-0.10771444419931085,0.049906391882395006,-0.12688513286411762,-0.09634819520371304,0.025246084297114134,0.057672798633575495,-0.014084566916738237,0.032276857403367214,-0.0944191962480545,-0.2985273363467838,0.06389781484581955,0.14797949604690075,0.08406694020543783,0.027372200033437172,-0.024499565362930298,-0.020172085080827986,0.010070104996336794,0.009325921535491888,-0.5275984329304525,0.031578164537759384,-0.04428730905056,0.029656461306980655,0.05193524969851853,0.05424049496650696,0.10394278594425746,0.052876353616778685,-0.0816863477230072,-0.37424452815737047,0.08795622514268907,0.2028643339872361,0.041529093692770136,0.04428730905056,-0.18531108058991103,-0.2028643339872361,punch
v_BoxingPunchingBag_g02_c03,114,120,117,4510,4760,4635,250,punch_window,1.85412942039628,0.9102938833498565,3.06429789298217,3.5008131985619113,2.5346753984771246,7.491616184178058,1.5208601510683453,0.6937707667209184,2.960304056143922,1.7015159874789942,1.4947472427884394,4.74544329947862,0.15565827595336096,0.017492210047900303,0.02014925330877304,-0.18305852051292146,0.0229011738783882,-0.023962616920471247,-0.5827121325502438,0.06678101292310652,-0.12034921674057847,-0.15091073406594144,0.01671370441268845,-0.04452029615640635,-0.011526059891496385,0.01749763594224761,0.03378438949584961,-0.35785275651142,0.19592749967685497,0.2533257124014199,0.17210729313748224,0.011529273466086919,0.02609839290380478,-0.043363966047763824,0.002834753552192956,0.00476914644241333,-0.18574178598022884,0.05822319077060298,-0.15242019621655345,-0.12275950717074534,0.010836544278394977,-0.029024668037891388,-0.04132108496768134,0.030590213139371412,-0.0796460509300232,-0.12436507436047706,0.12336119741919983,0.2358317640610039,0.06445685454777308,0.017676586868172264,0.005349218845367432,0.004888342959540263,0.024201117994951702,-0.03154656291008001,-0.5980853776314429,0.05383695330026983,0.0337311252951622,-0.08065444656780787,0.019900111176902286,-0.05262681841850281,0.17840606825692312,0.019864723705525132,0.04299524426460272,-0.3023690961833511,0.17200862307799866,0.15511947870254517,-0.03406373699752285,-0.0337311252951622,-0.1189783555710745,-0.15511947870254517,punch
v_BoxingPunchingBag_g02_c03,123,129,126,4870,5120,4995,250,punch_window,2.4251309073654017,1.7690483451475607,6.227117451726563,2.5156268089936815,1.5263232119976566,4.346729779596254,1.466014785592721,0.6665256799090501,2.770433827692277,1.0921597856841763,0.6448586904006585,2.155108935618708,0.12696485221385956,0.038628174580628165,0.08852264285087585,-0.10074130126408172,0.08342014893961117,-0.2362577840685845,-0.59668786275766,0.15327580060201115,-0.4001981587498448,-0.15901248157024384,0.009276789576300825,-0.0223008394241333,-0.02031380363873073,0.014329180099041675,-0.015123777091503143,-0.3094904729846998,0.0886910410626652,0.04574510740349075,0.1467194323028837,0.021151780907493475,0.04294279217720032,-0.036082203899111064,0.02000844157369976,-0.05975865572690964,-0.29165421304060146,0.0902551216697395,-0.22801398945739493,-0.13060326448508675,0.002943467519098181,-0.0064846873283385675,-0.0662084094115666,0.005944528133531632,0.017382808029651642,-0.02422959261873203,0.04199674183549418,0.05397352116415278,0.04066680158887591,0.038941999973470025,0.09307122230529785,0.0728891236441476,0.0796093553888492,-0.22528967261314392,-0.4758981806891306,0.13379945630674364,-0.3235275298357009,-0.08514942015920367,0.006778620903849062,-0.012191295623779297,0.1714426491941725,0.016444827365949634,-0.023649156093597468,-0.33756635527658674,0.09130294737620288,0.01736488402821129,0.2942470071278161,0.3235275298357009,-0.021293830789134827,-0.01736488402821129,punch
v_BoxingPunchingBag_g02_c03,127,133,130,5030,5280,5155,250,punch_window,2.1552578423677846,0.8282086959526429,3.5770281726781663,2.8668102829744533,1.5513106203891147,4.664554684299666,1.467048255385422,0.42021662858847986,1.9707319852429135,1.949345247444995,0.9628028570171134,3.2297158809824533,0.1690359881946019,0.02326903699134304,0.0025632530450820923,-0.1861337061439242,0.04058532109822518,-0.004273444414138794,-0.6914476135695752,0.07355855909316493,0.09936296474188566,-0.14734308208738053,0.042717081716741497,0.08299385011196136,-0.052961739046233046,0.028378152729322065,-0.08817693591117864,-0.46906112141940476,0.15868385780664518,-0.2692867862060666,0.16428024428231375,0.012284483273129245,-0.02090536057949066,-0.04437052139214107,0.030384690487241295,0.041626304388046265,-0.31329333789679886,0.06816435333589893,0.13353755604475737,-0.13394090533256534,0.0016661760777940164,-0.0020629018545150757,-0.040515131184032986,0.020832372299548495,0.051625341176986694,-0.13469524635833555,0.11649118092974615,-0.20466070342808965,0.08383473328181676,0.02469286261170875,-0.0030350089073181152,-0.0040499610560280775,0.036877863545396586,0.007721573114395197,-0.6146756128541061,0.043270790676084955,-0.03611046075820912,-0.06877968141010829,0.041926821710118176,0.08394977450370794,0.1349569346223559,0.0293299393624534,-0.09056195616722112,-0.4613465138577989,0.13313443507356607,-0.19094778224825876,0.03620408498356287,0.03611046075820912,0.14284826127651706,0.19094778224825876,punch
v_BoxingPunchingBag_g02_c03,155,161,158,6150,6400,6275,250,punch_window,1.8240504973498088,0.9997265455531614,3.889435936175735,3.7552571808042745,1.4559533022335587,5.902433939576678,1.728126881131433,0.8747773677805509,3.2784549019905738,2.998460269200434,1.8218470627099925,5.763016374115881,0.09056162940604347,0.01411095237783804,-0.024053484201431274,-0.1835350628410067,0.027210450293357127,0.06773070991039276,-0.6083112953721346,0.04464326250502261,0.10001430101692677,-0.024399066609995714,0.04145829952890637,-0.12397739291191101,-0.21489490142890388,0.014721644305660095,-0.010882511734962463,-0.6260391259524373,0.12338590095257576,0.15584799833595753,0.11043469501393181,0.009822689736902245,-0.0039816200733184814,-0.024037043963159834,0.030693707452812764,0.08485119044780731,-0.2392528822071784,0.04336225666153819,0.07775348611176025,-0.08407434288944517,0.019695746010545724,-0.05641669034957886,-0.058265249644007,0.027129815647802896,-0.009790614247322083,-0.3645562655916105,0.10740905825562505,0.22301152534782892,-0.0015393665858677455,0.012822297186199072,-0.024548649787902832,-0.00037146466118950387,0.02454639173578619,0.06313535571098328,-0.6451755402875798,0.033871037505811316,0.022923246026039346,0.04850253462791443,0.042391131308742426,-0.12803691625595093,-0.0007223444325583401,0.011358158167680729,-0.013731509447097723,-0.5322760888209034,0.07098275364669916,-0.05417482182383537,-0.02496350096483524,-0.022923246026039346,0.043928666246921155,0.05417482182383537,punch
v_BoxingPunchingBag_g02_c03,180,186,183,7150,7400,7275,250,punch_window,2.51963607479101,2.6913838061764843,8.338843638855678,2.3000738652504404,1.9047526411016222,5.081772237175955,1.4523772867776732,0.8436730363281294,2.6317666921724028,1.2468076314827792,1.1522862231965172,3.47540398899085,0.12161682013954435,0.07412146111397139,0.16804406791925436,-0.10054697734969002,0.10376213705035066,-0.22611919790506363,-0.5323719804177277,0.1621677747927257,-0.29365355009213095,-0.1513841482145446,0.005538193056163785,-0.015087269246578272,0.02011944992201669,0.05300347573098291,-0.11775863915681839,-0.35671943387569627,0.1899471325466695,-0.43757751816883683,0.13955538719892502,0.031109982744523274,0.06645307689905167,-0.04388259564127241,0.023988064372614804,-0.0652848556637764,-0.22734556627879748,0.06090236347642904,-0.04470108682289725,-0.12327899145228524,0.0027894840060205504,-0.007588081061840057,-0.030025878122874668,0.00791356682140913,0.023587994277477264,-0.07845937289052274,0.11353406953177958,-0.2709966213442385,0.043621812547956204,0.07468524296418591,0.17027479410171514,0.0737444417817252,0.09614820549624632,-0.20683974027633661,-0.461887340726597,0.1999774243564292,-0.43059512041509146,-0.06870439648628233,0.0033987126779195247,-0.009135186672210804,0.1919511045728411,0.049752227175909124,-0.11940222978591913,-0.34870741835662306,0.1786621257210786,-0.40141999721527094,0.3702029625515145,0.43059512041509146,0.26884138978689387,0.40141999721527094,punch
v_BoxingPunchingBag_g02_c03,203,209,206,8070,8320,8195,250,punch_window,3.0779758739342906,0.6608554708682769,3.8541073098639584,1.513662972021625,0.6265839725634592,2.5174170601293486,1.7020633485892516,0.943901637117996,3.7226345924222364,0.874189045142025,0.6278865504022959,2.127166248083265,0.04556511555399212,0.07082513104736862,0.22116513177752506,-0.08351902557270867,0.08090129988746815,-0.19790534675121307,-0.40042314071823576,0.11183183764030957,-0.28049185092095286,-0.03220134547778538,0.019960311733047534,0.003051053732633646,-0.09302040615252086,0.015985261118446215,-0.027410045266151428,-0.4391229592272014,0.0576627999362631,-0.15883540327195078,0.13504417027745927,0.017865588853761796,0.03263531252741819,-0.03694847332579749,0.02767387477170969,-0.0758589655160904,-0.12767131552183333,0.05035259836934068,0.06172376160975555,-0.09903739179883685,0.010729142072907805,0.03232647106051445,0.04217497259378433,0.008245982731638844,-0.016191259026527405,-0.2174812654307711,0.05598741988001865,-0.15326505119446668,-0.024375285421098975,0.07288657587526053,0.23620447516441356,0.1242944427898952,0.07168719693126323,-0.17107725143432623,-0.4063471236399242,0.15918198455637347,-0.4412306919693946,0.07590223210198539,0.023407136294331655,0.011038288474082975,0.07744783588818145,0.019452604809678933,-0.03332307934761042,-0.39413570186921526,0.040494768779241144,-0.07901737093925482,0.37220040532514304,0.4412306919693946,0.06978796451026215,0.07901737093925482,punch
v_BoxingPunchingBag_g02_c03,216,222,219,8590,8840,8715,250,punch_window,3.0662051016139817,3.615009384197872,10.898376504078009,1.7240069047654982,1.3645779037108956,4.338336013432038,1.2653002378200158,1.379032974304766,4.107986745957113,0.9432244799736589,0.3319731862980722,1.2336073477254759,0.11991908933435168,0.07017776133921733,0.1669404990971089,-0.11397667016301836,0.11608874751806071,-0.23551014810800552,-0.47293075741202173,0.1430669504757159,-0.22148630791343749,-0.09247324296406337,0.024248800536917504,-0.0672329925000667,-0.029784990208489553,0.04568507220304392,0.10186263173818588,-0.41628145142125766,0.060026257531129605,0.08273374265991146,0.15663933966841018,0.012367303899300996,0.0234950371086598,-0.0817094360079084,0.04623994742866455,-0.11070314794778824,-0.20594552619981446,0.05475762946819136,-0.07137363427318641,-0.12650037024702346,0.0044336803003599354,0.0009247995913028995,0.029876151255198886,0.007522337527261854,-0.0266745463013649,-0.15042095453411872,0.029431720320746438,0.09257251000963147,0.06282661642347064,0.07891089449238987,0.19033682346344,0.10482157553945269,0.11286159963704027,-0.22661355137825012,-0.413361628140722,0.13845998907171572,-0.20089263468980795,0.0194282787186759,0.02435853816087445,-0.06923960149288169,0.13160700031689238,0.038340036958038844,0.08543133735656738,-0.4108408505895308,0.0627021939575403,0.04817506298422808,0.15145916323020714,0.20089263468980795,-0.023210057394711547,-0.04817506298422808,punch
v_BoxingPunchingBag_g03_c01,17,23,20,630,880,755,250,punch_window,3.4963589815310754,2.77572743230043,8.24840932238316,3.7005833493294844,3.6989084670554258,11.367750895551923,2.4118536190709468,1.5378492492179805,4.807103473332394,2.4432524370946833,2.270971386785656,6.861107679249286,0.009150516773973192,0.0760347119518326,0.1872795894742012,-0.11255510364259992,0.03457178464073561,-0.06728188693523407,0.4499950880084985,0.17674891164017809,-0.43951669801026577,0.15983265106167113,0.01595390397746295,-0.008403562009334564,-0.1243994917188372,0.0191264137666314,-0.0586838573217392,0.12136467840589048,0.18841800024941155,-0.45893883053213347,-0.04319245581115997,0.09135040542972658,0.22423303872346878,-0.06678131648472377,0.03381926808271016,-0.06787954270839691,0.2992909218217911,0.07157322987141136,-0.07559642288833854,0.15838983548539026,0.021868443884932302,-0.050041697919368744,-0.044467764241354804,0.013237117827190668,-0.036035940051078796,-0.08170167062365048,0.1467627926260476,-0.41698426846414804,0.04489224297659739,0.038074388605045736,0.07173767685890192,0.05266897167478289,0.02928850716406051,-0.05271118879318237,0.35366465583709733,0.22639908354705873,-0.6369210295379162,0.08283306019646781,0.02125604114445175,0.055367410182952936,0.037942630904061456,0.01843647085284866,-0.057744622230529785,0.2919627630284854,0.13971281542670222,-0.2222220972180365,-0.34769924783871065,0.6369210295379162,-0.13061711465597334,0.2222220972180365,punch
v_BoxingPunchingBag_g03_c01,49,55,52,1910,2160,2035,250,punch_window,1.9872928290730691,2.3379956353132525,6.766880350560565,2.6279561791436037,2.281765433139624,7.427642408655817,1.2593144716495714,1.59168250748416,4.731937764229754,1.3949493590518875,1.2888194109947209,3.972713592806199,0.08398702102048057,0.026309588777295372,0.07527699694037432,-0.14176057491983687,0.036160696722777746,-0.08371903002262115,0.21101275645196435,0.16914303360762442,-0.4024670161306857,0.14531315437385015,0.007184470101093738,0.011416729539632742,-0.14653646520205907,0.04136751585579214,-0.10034061968326569,-0.07071997917124204,0.20079090581482686,-0.42075325921177864,0.059123556528772624,0.04426340502240495,0.11304625496268272,-0.06278516139302935,0.019304348877593643,-0.02894999086856842,0.2389419592384781,0.07574317223239789,-0.1509011872112751,0.10099986834185463,0.032013690980633405,-0.05738619342446327,-0.04048676575933184,0.01665190579964417,-0.039966240525245667,-0.2365784897868122,0.11729787956182507,-0.2794700525701046,0.0776030421257019,0.014312671847680009,0.005506843328475897,0.035728667463575094,0.0364955623589987,-0.08585125207901001,0.030955598822661825,0.17242112118971847,-0.4358276426792143,0.11818338291985649,0.02517558619489955,0.06505149602890009,0.020250839846474782,0.032196184101832795,-0.06519109010696411,0.1458744569016354,0.18191765318029038,-0.35523253679275507,0.05553762706389731,0.4358276426792143,-0.19015690310177374,0.35523253679275507,punch
v_BoxingPunchingBag_g03_c01,61,67,64,2390,2640,2515,250,punch_window,2.442035799158648,2.0614788230057166,5.6176587504761955,2.1676703562479376,1.1429170022232347,3.5142566265694493,1.1453535320761468,0.7819283118852498,2.779154808789483,1.6043931972263883,0.7325460229210412,2.6568599716344066,0.12824921842132292,0.03469031016244131,0.08790528401732456,-0.1722242832183838,0.011110373441801005,0.02169230580329895,0.14491224282288126,0.16950609933631783,-0.48657381907105446,0.15105092844792775,0.009125700097138792,-0.013524029403924942,-0.1786420771053859,0.013816059634741498,0.02893999218940735,-0.2766685065414224,0.16982750377588618,-0.45716887339949613,0.10261979166950495,0.02385499792873537,0.059619691222906224,-0.09099478381020683,0.010886377095222454,0.02688649296760559,0.2215874775179795,0.06686858130461837,-0.187091339379549,0.08274260482617783,0.0454044045977512,-0.11732101812958706,-0.08249920606613159,0.0270101765836586,-0.03042200207710266,-0.365194126431431,0.09508650439523002,-0.2554514147341251,0.08677010451044355,0.018900178019598483,0.026687473058700673,-0.003436820847647531,0.0057641057602612214,-0.00513458251953125,-0.051328649012637964,0.1863880006622421,-0.5338794738054276,0.13838572587285722,0.014732461894049875,0.04232296347618103,-0.0005570309502737862,0.024087581403286817,0.05643206834793091,-0.03583911380597525,0.16910335319760947,-0.4497690424323082,0.21203684721280966,0.5338794738054276,0.12951648955483913,0.4497690424323082,punch
v_BoxingPunchingBag_g03_c01,88,94,91,3470,3720,3595,250,punch_window,2.550847355608746,1.3167790272133293,3.9893511210968504,2.5941847004243193,1.8169982056684206,5.191605616768682,1.4394953717960908,0.6593116202561258,2.2593451191935228,1.2542853981957591,0.6731577584681065,2.1890510927917455,0.15266279131174088,0.050881733367936506,0.1438860818743706,-0.14631406962871552,0.028130806185599582,-0.04460349678993225,0.05135531350970269,0.20026793050904396,-0.5544173419475555,0.13587834047419683,0.022751840126387233,-0.006962575018405998,-0.16625494829245976,0.021605036854377445,-0.032264381647109985,-0.31913930071251734,0.20986978917745258,-0.5045023299753667,0.10634828358888626,0.046839918988554594,0.12533655017614362,-0.07266905690942492,0.006612074281144921,-0.000527113676071167,0.19823647130812913,0.1023470778864857,-0.28912895917892445,0.04961697437933511,0.033980342943548965,-0.07677362114191064,-0.08680579704897744,0.016655729443993843,-0.03967347741127014,-0.3819289595953056,0.08986560526628742,-0.2204661667346954,0.1008821896144322,0.026596023783482133,0.07693314552307132,0.017572215625217984,0.03806714402557321,-0.07046091556549072,-0.15916174756629123,0.1960728807738196,-0.5295018404722213,0.13479094207286835,0.023013641684706453,0.027693584561347906,0.02268848248890468,0.014279538458917218,-0.006023764610290527,-0.09081198328307696,0.22863768884508598,-0.551457766443491,0.33693535819725406,0.5295018404722213,0.11490487840438021,0.551457766443491,punch
v_BoxingPunchingBag_g03_c01,118,124,121,4670,4920,4795,250,punch_window,2.273653444746278,1.3870612911612832,4.80748024654141,1.6351374896013395,1.167963851093097,3.958361091213304,1.3558241413154313,1.267975316910659,4.134576664662499,1.281120085688633,0.5286348921353615,2.0489728439717756,0.08797378518751686,0.028596576701428823,-0.04501406103372568,-0.0960957088640758,0.028261617266085025,0.0730891227722168,-0.15435776498166628,0.07881355526008994,0.1028078403323889,0.12356405918087278,0.015415393434323023,-0.020980753004550823,-0.11417734835829053,0.031150132857120014,0.08529722690582275,-0.3411699544106211,0.06824522534772368,0.15361025743186468,0.09735748491116933,0.012790465574889723,-0.03764266520738596,-0.05686768676553454,0.008717910206356589,-0.005260944366455078,0.08905775294988412,0.06582787721046042,0.15371192930615502,0.03862723175968442,0.017494055314280655,0.02974148839712154,-0.07905536251408714,0.006040755822134748,0.005413830280303955,-0.3503478414246014,0.03355337565592947,0.06159382872283459,0.030004024505615227,0.029998841186887008,-0.029309719800949097,0.07090495313916888,0.020943102933591713,0.053526997566223145,-0.36414702726792064,0.049538164107868835,0.01555412262678152,0.13915101970945085,0.02033429049533007,-0.05715206265449513,0.09116825887135097,0.021846128230390473,0.057051241397857666,-0.17460674898965017,0.07336840060493119,0.18020738661289207,-0.009503672596365698,-0.01555412262678152,-0.14104742516712165,-0.18020738661289207,punch
v_BoxingPunchingBag_g03_c01,148,154,151,5870,6120,5995,250,punch_window,1.7885013283643258,1.1008073182874003,3.3392669913962307,2.9886164138817204,2.8512992330253457,7.207144922113512,0.6927556449574203,0.3433734629418221,1.1954957370229093,1.7463282095434753,1.5729969218114985,4.11050621997702,0.0024624349815504576,0.02115679291462433,0.040017105638980865,-0.05464949565274375,0.04659016576126504,0.04867376387119293,0.4144334439188242,0.03987898741169971,-0.07517552003264427,0.09833158020462307,0.005044107358694512,-0.008062206208705902,-0.11698320720876966,0.015405611842088437,0.040519073605537415,-0.03899947793356013,0.2439352716963477,-0.52371009811759,-0.049774330641542186,0.02351555389914167,0.04964546114206314,-0.05334027111530304,0.011248254372369365,0.0038610845804214478,0.3398996322814907,0.021047820480314585,0.029783222824335154,0.09680115431547162,0.014936738465170445,-0.04158651083707804,-0.05586091748305729,0.018660121753555515,-0.01378457248210907,-0.192921426945499,0.1320493336113236,-0.27438822016119957,0.03779076252664836,0.009516097888936597,0.002392202615737915,0.13454886845179967,0.042223041337895166,0.02505713701248169,0.2384122045976775,0.05451822560064663,-0.11977826058864599,0.0232000095503671,0.012418026106253354,0.02263066172599787,0.04870676142828805,0.015229421732011045,0.03722018003463745,0.16244699060916895,0.21981217776896297,-0.4776734113693236,-0.07357977375442631,0.11977826058864599,-0.16032459837521443,0.4776734113693236,punch
v_BoxingPunchingBag_g03_c01,155,161,158,6150,6400,6275,250,punch_window,2.126323773643638,1.6047070456728327,4.461641945650714,3.6067095201792703,3.005060814216553,9.958596159482015,1.4069240309678215,0.8744364118945152,2.8814582903372745,2.4560701747927896,2.075733418466015,6.97143833317259,-0.020662854824747372,0.045549803417522905,-0.11353633552789683,-0.09974784297602517,0.057832216102352244,-0.032730311155319214,0.3561749591941147,0.061372573440776124,0.06574340962106356,0.08224663777010778,0.016799531478665003,-0.042245991528034266,-0.13098868940557754,0.027241158175171892,0.0198802649974823,0.1516397633240558,0.1841589922616884,0.585699715244118,-0.06745447005544393,0.04017081798851858,-0.11029722541570663,-0.0715054337467466,0.0345335514886752,0.015126615762710571,0.2123448141501285,0.06311590368694778,-0.17445497162407267,0.11088172239916662,0.022901442520647866,0.02224617451429367,-0.0932205298117229,0.025098810362955873,0.02239927649497986,-2.8298377791185253e-05,0.14462085945076025,0.4613804896944202,0.04062458447047641,0.028080809301041405,-0.03984484076499928,0.0623566848891122,0.05725638952682195,-0.05610978603363037,0.3030213800125888,0.11939235340771111,0.2927980963140725,0.015318521431514178,0.02147756061853308,-0.07249137759208685,0.035413265228271484,0.02695431240481807,0.026269376277923584,0.2367813112214207,0.11727845116584523,0.34334227722138155,0.1812844886629964,-0.2927980963140725,0.24142191631606946,-0.34334227722138155,punch
v_BoxingPunchingBag_g04_c01,2,8,5,30,280,155,250,punch_window,2.786580889659699,1.5457690224752552,5.134391428810858,2.9213958315860524,1.482232808281701,6.084050789564078,1.5591634977355626,1.0452793199775443,3.138697780352835,1.767191722053419,0.5467571284439491,2.732053694994867,0.23693409615329333,0.07391042696298132,0.05731559172272682,-0.10950628561632973,0.05333167161190207,-0.041901230812072754,-0.00687375541643371,0.15019934468435853,-0.42309247236698855,0.13730273555432046,0.1144296592063322,-0.3110488317906857,-0.03142671287059784,0.0662822236323186,0.17599427700042725,-0.33649108545588596,0.11724547179405813,-0.22229516785591846,0.16300751960703305,0.04775697828999388,0.07443026080727577,-0.10203322555337634,0.03661290855432773,-0.004843473434448242,0.14116139324115853,0.0824494891863615,-0.24668102804571393,0.0010731779038906058,0.11160930228299008,-0.30453659221529966,-0.02492764379296984,0.039352906265062826,0.1074787974357605,-0.3252122432791761,0.034623223610832594,0.04300844389945263,0.15978015320641653,0.07010835833379644,-0.011706113815307673,0.06322239977972847,0.04863497239796534,-0.03339362144470215,-0.14426979738553714,0.11839083659357642,-0.34057678282260884,0.16631014006478445,0.07974608258421798,-0.20578803122043615,0.15497781549181258,0.07112112903878823,0.18722331523895264,-0.13366854297263284,0.17874597490054356,-0.38265135139226925,0.15003692166096796,0.34057678282260884,0.1364350697362402,0.38265135139226925,punch
v_BoxingPunchingBag_g04_c01,7,13,10,230,480,355,250,punch_window,3.7944026589957267,2.7557093300174875,8.862788452898265,2.725489493356599,1.8712605453762026,6.475001206478131,2.29218835331941,1.1706614117987013,3.981920981561135,2.1917123031408523,1.8615450241688096,6.0073031993367625,0.24626459340964044,0.07384463511668049,-0.07755858823657036,-0.11496444897992271,0.06041614297897106,0.003984004259109497,-0.1690912362454193,0.18149361813008677,0.3347194707021116,0.07630845425384385,0.11344185480314536,0.34536080434918404,-0.051033034920692444,0.07048954920771713,-0.20393845438957214,-0.4568558866158128,0.09629910139158346,0.31357251759618526,0.17651731999857084,0.04100350648135482,-0.07910827919840813,-0.08585425572735923,0.05785957486399889,-0.018818706274032593,0.08787977961557249,0.09386740682132241,0.17613791581243274,-0.04898042391453472,0.11632367233660834,0.3437834717333318,-0.023139406527791704,0.04708843315786436,-0.11850383877754211,-0.33933656330087353,0.04573551650434866,-0.021210291422903482,0.15572658606937953,0.07401891841864344,-0.025623023509979248,0.06330015829631261,0.05659590735628872,0.006984710693359375,-0.31820550348077503,0.1740349024230703,0.2588258013129234,0.12550338676997597,0.08018460626773506,0.25057436525821686,0.14390357051576888,0.06751365734228137,-0.20603179931640625,-0.3010753148368427,0.14731215128320338,0.46077768504619604,-0.1481748286498965,-0.2588258013129234,-0.19331585052858707,-0.46077768504619604,punch
v_BoxingPunchingBag_g04_c01,14,20,17,510,760,635,250,punch_window,3.0707366242479535,2.616671911336127,8.245281826055017,2.9412951302035637,1.807210791911968,5.96585904845817,2.035076018523079,1.5838172688597858,5.296047753449921,1.8962939096618083,1.4910084175795244,4.993455351355664,0.2673063091933727,0.06053167388944734,0.09562857821583748,-0.14726742676326207,0.055720082657126566,-0.039520263671875,0.024285378400236365,0.178963411256738,-0.43022766476497054,0.15621251559683255,0.14276158387615348,-0.37073556706309324,-0.07316134657178607,0.07783055070059812,0.18494373559951782,-0.3670108465344778,0.17052551303489058,-0.4510074681602419,0.17255462759307452,0.047316061253284136,0.08336450532078743,-0.12606248685291835,0.04970876038936045,-0.007615149021148682,0.17662731604650614,0.09285840130788536,-0.20764142042025918,0.024303083441087153,0.14131773333764874,-0.3551423661410809,-0.04196293864931379,0.0440862701243132,0.10796737670898438,-0.3493045800631599,0.035456639190654754,-0.00678865378722554,0.19570250596318925,0.04940552894092383,0.041845679283142145,0.04083785840443203,0.051890608630728544,-0.040939390659332275,-0.11753500040088379,0.13461108825094592,-0.3380197957158088,0.1691253845180784,0.09586414172118274,-0.24892866611480718,0.1144787243434361,0.07889811275691733,0.1883583664894104,-0.13792541835989272,0.24141736590094873,-0.6037702560424805,0.1653858425577773,0.3380197957158088,0.308611094675934,0.6037702560424805,punch
v_BoxingPunchingBag_g04_c01,21,27,24,790,1040,915,250,punch_window,3.0800754186176498,1.8482018561864364,5.161755933207738,3.1042589791006256,1.4992331420490526,5.649322336957515,1.6962330388863258,1.1200437352696644,3.5467391971999973,1.699998279895002,1.3070064866721414,3.876279523273428,0.2387282539691244,0.06464914173554012,-0.08583061024546623,-0.13057209764208114,0.061803353946352516,0.01295827329158783,-0.000573319782103819,0.2021861201466659,0.4668622361496091,0.15745669496910913,0.13993851390188405,0.34700321033597,-0.10136886579649788,0.0869683880466474,-0.2270602434873581,-0.4022245255431959,0.1661573641531598,0.3988893823698163,0.16434776250805175,0.04131778616252386,-0.07464925572276115,-0.12326283965791975,0.038759535982780265,0.007421121001243591,0.15867035669673762,0.09607613417352519,0.22537409467622646,0.021713264286518097,0.13906978823033267,0.3384220190346241,-0.06272860084261213,0.06443866300728338,-0.14371539652347565,-0.3667970637657812,0.02654474051194593,-0.006801377050578539,0.163905531167984,0.05880199558598354,-0.04182791709899902,0.05885190623147147,0.060869733582115546,0.008472442626953125,-0.156176752277783,0.18637197593078075,0.394810140132904,0.18351387551852635,0.09484322703938196,0.23714806139469152,0.09713719998087202,0.0836176161293997,-0.2190055549144745,-0.20421659733567918,0.2256013330487642,0.5327527672052383,-0.2210987127467981,-0.394810140132904,-0.26327838280392957,-0.5327527672052383,punch
v_BoxingPunchingBag_g04_c01,26,32,29,990,1240,1115,250,punch_window,3.930848226176749,2.3371520752122987,6.620242667968181,4.19028417665104,3.069859121543975,10.544084481627783,2.642107745122276,1.2907569060827955,4.102242041852496,2.692927397906402,1.3918631936224304,4.360341724576182,0.226280827075243,0.054908680005832246,0.08041990920901299,-0.1585980930498668,0.03024448542817093,-0.040726631879806574,0.0657934076152742,0.12085048187398881,-0.2937863525003194,0.204534400254488,0.12340365156280064,-0.33674554899334913,-0.11094193160533905,0.08104449353558708,0.21441954374313354,-0.3081125082182033,0.1519938274397348,-0.4034775327891112,0.1606402668569769,0.03640339475494681,0.0691381804645062,-0.12351952918938228,0.04716150334732749,-0.025046586990356445,0.18517206476203033,0.05571709600482958,-0.13267220370471483,0.06367466651967592,0.12156732278821825,-0.3206473924219609,-0.06502606826169151,0.06274910028300323,0.15487676858901978,-0.36447083071938574,0.04723076743723826,0.008822577074170057,0.15499627590179443,0.05526779280999838,0.04241973161697388,0.026913945163999278,0.026765758345737158,-0.03649070858955389,-0.09764782332682176,0.11122070245823075,-0.2504247054457664,0.21213144063949585,0.08533222912413581,-0.24162596464157113,0.08484706282615664,0.07944785857393465,0.20702415704727173,-0.06611398926803046,0.19564215582145547,-0.5335425436496735,0.1391201019399271,0.2504247054457664,0.2592422420406101,0.5335425436496735,punch
v_BoxingPunchingBag_g04_c01,34,40,37,1310,1560,1435,250,punch_window,2.949804507630493,2.447198423230947,8.05374379644226,2.85320852338233,2.2936139526472337,6.561927142129903,1.9549889903469815,1.2592580101657607,4.205332377603893,1.8232185993092074,1.8645066110210005,5.5375603482240265,0.24362788509045327,0.03327062708459577,-0.05782120674848551,-0.16395803221634456,0.03435260587947317,0.040824368596076965,-0.07874534013015884,0.22808481148951326,0.44648687355220307,0.16577503138354846,0.141335155682909,0.31600583344697963,-0.11643472952502114,0.07754382754026089,-0.17150871455669403,-0.40262356240834507,0.17726523808395372,0.4234949927777052,0.1769064585013049,0.02400607814065196,-0.0593815073370933,-0.13143542196069444,0.04215597547080485,0.02369840443134308,0.13617411282445704,0.11956612905042974,0.23793113976716995,0.03425473666616847,0.14948045226985923,0.3413783535361291,-0.06545500457286835,0.060437532445420473,-0.12669555842876434,-0.3686026212360178,0.051016568023638666,0.10437552444636822,0.17030342987605504,0.04077225410527695,-0.015607714653015081,0.028920667512076243,0.03068543299513677,0.03131824731826782,-0.25354130832212307,0.23176614597358938,0.47377985343337053,0.18848363203661783,0.09106258045835484,0.20575350522995006,0.08162415879113334,0.07973697223709046,-0.18516206741333008,-0.20472934416362218,0.23981892294608384,0.5381456837058067,-0.26465201502779434,-0.47377985343337053,-0.2293477440207729,-0.5381456837058067,punch
v_BoxingPunchingBag_g04_c01,39,45,42,1510,1760,1635,250,punch_window,2.7540557695085384,1.7551516440213517,6.172666354037961,3.143945144079988,1.438298573202597,5.2957506703932715,1.5096599924341403,0.8122346928370794,2.419685350881295,2.4862183853035353,1.1847665105221405,4.627586837823543,0.26386971878153936,0.04636903587967995,0.09901101514697075,-0.1651227729661124,0.03832457115751035,-0.04617170989513403,0.013259872860674347,0.1805740722665713,-0.46517337718978513,0.1854045848761286,0.14749731233293045,-0.3616097755730152,-0.09063767109598432,0.09369342407588421,0.24196837842464447,-0.35281296387048705,0.1570961667006203,-0.38284200290217996,0.1742668098637036,0.028892321583717472,0.06743485853075976,-0.1485595405101776,0.029509564487069033,-0.03966452181339264,0.16958673890413983,0.09642449428570259,-0.2509182044304907,0.0456030358161245,0.14583132374962857,-0.3473740331828594,-0.06617809619222369,0.057021994630767465,0.14365403354167938,-0.3391191522324724,0.03668283908020258,-0.0043591842986643314,0.19592888014657156,0.04210330698905217,0.05604821443557745,0.022455977542059753,0.0355471360809505,-0.040919154882431086,-0.10899078819368566,0.14817873417813252,-0.33403705991804594,0.19630811469895498,0.10196778992692437,-0.24709707498550415,0.09707189457757133,0.0963641336019275,0.2352229356765747,-0.135383529322488,0.22015115938437946,-0.5414436608552933,0.19072979844900476,0.33403705991804594,0.2741684794450906,0.5414436608552933,punch
v_BoxingPunchingBag_g04_c01,46,52,49,1790,2040,1915,250,punch_window,4.7355938757622935,2.379220496836652,8.660380599737763,3.354466620688701,1.4252945985422112,5.627944767296393,2.3788675737258993,1.2135569845368825,4.852799381615048,2.5321565487969573,1.1170768663858035,3.668061000443559,0.22496561599629267,0.0819924017643646,-0.14863010868430138,-0.12403571179934911,0.07277442210581159,0.049350716173648834,-0.11481320112943649,0.22826446870305528,0.4848580560646951,0.10947428111519131,0.1405977938836872,0.38019007816910744,-0.09734315531594413,0.08761583446936336,-0.2197149619460106,-0.4931004952107157,0.1872006399937033,0.43355295574292546,0.16221107861825396,0.050432926600306814,-0.0884185098111629,-0.11250927192824227,0.05351307417188268,0.021425463259220123,0.12123898390148365,0.11284678972043671,0.22214673226699225,-0.020795958382742747,0.13613272518198616,0.35552940890192986,-0.054902694055012295,0.06021057934208137,-0.14194419234991074,-0.39866357296705246,0.07441908823343196,0.04416603362187743,0.145431854895183,0.07323881565424299,-0.09814146161079407,0.06149903365543911,0.06706940883473658,0.04644569754600525,-0.26854030122714384,0.22857009049020957,0.4238037820905447,0.14738125673362187,0.09771796186888454,0.25411801040172577,0.10311536703790937,0.08298820330129678,-0.21500325202941895,-0.2950762297425951,0.23469085164472767,0.5470896065235138,-0.26766673701965604,-0.4238037820905447,-0.27108289391840973,-0.5470896065235138,punch
v_BoxingPunchingBag_g04_c01,53,59,56,2070,2320,2195,250,punch_window,3.800533800671355,2.601742492132923,7.213403034998975,3.2507526069904755,1.9136964150418656,6.578974884335017,1.856738302063939,1.4428507035489693,4.313526800504113,1.8400085804051225,1.0045567466816094,3.78467590257306,0.2357684075832367,0.07113363688610642,0.0883877538144589,-0.1544553775872503,0.054953091776661606,-0.013589434325695038,-0.087125059882445,0.1863225868402336,-0.43937456747516984,0.13157215075833456,0.13611043082592417,-0.3578510321676732,-0.07242483007056373,0.0685434886091137,0.1786724403500557,-0.4090397522917816,0.19654088001583733,-0.4636157467029989,0.17264942611966813,0.03860929474227666,0.06876241788268089,-0.12009294650384358,0.042945186562724814,-0.01088809221982956,0.08740644582680294,0.09778418704792495,-0.19812231278046952,-0.0033651739358902372,0.12731607487988184,-0.32302837446331983,-0.034463244889463694,0.04975009962251626,0.12064934521913528,-0.34555829369596075,0.0214189191949714,-0.06380653521046037,0.16027333906718663,0.06545336683413777,0.04902654886245733,0.03342501180512567,0.051766183656642734,-0.010343760251998901,-0.20378785540482822,0.16365282147571508,-0.40652703493833525,0.1619806843144553,0.0947570675288761,-0.24144503474235537,0.1112451255321503,0.0729946907351855,0.1906527280807495,-0.19620550743171147,0.2513015058111259,-0.5856800228357315,0.25618107783070887,0.40652703493833525,0.34524584863664765,0.5856800228357315,punch
v_BoxingPunchingBag_g04_c01,61,67,64,2390,2640,2515,250,punch_window,4.6417203595954915,3.7836924540128245,12.609251903859489,3.1360690363296673,2.9617612202452768,9.094892760071362,2.1348714448708828,1.9624869474938655,6.324354106330674,1.9972278544858426,1.2823356023923138,3.7620693254329907,0.21621979294078691,0.04634044587454345,-0.04679542034864426,-0.11643540965659278,0.05075637564452634,0.028350763022899628,-0.017189631039010663,0.25117078686316696,0.4178545498289167,0.19768230138080461,0.13299984935711828,0.30538497120141983,-0.12183204825435366,0.08106451458649566,-0.1818055883049965,-0.3653296789021364,0.17641532454335093,0.39702020818367606,0.15240229187267168,0.040688206541939,-0.059582464396953666,-0.12130774025406156,0.02548100860833096,0.025957457721233368,0.13339181849732995,0.12044319320598121,0.24832628155127157,0.0626235609608037,0.1313231158201784,0.3039308711886405,-0.0739925769822938,0.05548960005105172,-0.11129636317491531,-0.3587663219576435,0.038847821489830285,0.0725478702224791,0.14274531602859497,0.04831264647691647,-0.00750616192817688,0.06598209483282906,0.047187465101866874,0.007826477289199829,-0.13809668246124465,0.22912071233868125,0.3820842951536177,0.20665950647422246,0.08761102516299217,0.20244441926479342,0.07293424861771723,0.08277997660839145,-0.18758639693260193,-0.14879040207181662,0.22106339325653618,0.5147176384925843,-0.2367293078756486,-0.3820842951536177,-0.25792773197539104,-0.5147176384925843,punch
v_BoxingPunchingBag_g04_c01,66,72,69,2590,2840,2715,250,punch_window,3.493793333935452,0.9502279693527536,4.369379191138407,3.3026775747101134,1.3896249745634703,5.770818522070217,2.1077015975751032,0.9004654776479537,3.4444460970624036,1.9328886517705914,0.6535206094404881,2.7187610859928273,0.22929327189922333,0.07239200065323075,0.12303473800420761,-0.1258618501680238,0.06300631640908975,-0.06388901174068456,-0.0424160822959883,0.17906046580428447,-0.534890011884272,0.14478022072996413,0.1406799694421354,-0.3619744256138802,-0.07512942488704409,0.08117818216417884,0.2161331027746201,-0.3554241711805974,0.16167059236979464,-0.43730886373668915,0.16307640714304789,0.038172877598520484,0.09466963261365888,-0.10542491610561099,0.05339123301154656,-0.03698663413524628,0.1241538872875805,0.10238029716329197,-0.28959202859550703,0.012624869389193398,0.13148336459264287,-0.3326398581266403,-0.03224220552614757,0.05628448377203226,0.13505442440509796,-0.3297700170161469,0.01510332108004177,-0.030484930612146854,0.15496529000146048,0.06735753925129878,0.07638716697692877,0.05081998024668013,0.06068531580530143,-0.06324073672294622,-0.15240256089184961,0.14098426095132288,-0.3759136870503425,0.17041113334042685,0.09704780459120607,-0.24290439486503607,0.11106002330780032,0.07944715711851448,0.20702522993087774,-0.14769690590245382,0.20357898235284505,-0.5258002281188965,0.19509324628358019,0.3759136870503425,0.26179189258488056,0.5258002281188965,punch
v_BoxingPunchingBag_g04_c01,73,79,76,2870,3120,2995,250,punch_window,3.499913896446593,2.7357020302757507,8.335713361254621,3.0985625439047357,1.9986363714461324,6.323280126799735,2.240079628146128,1.3606299311459777,4.723514571631533,1.7316511554718232,1.9881164758989758,5.550252466863543,0.2322922833263874,0.05245366714948942,-0.1125944890081883,-0.13368138458047593,0.03740181814905052,0.03587166219949722,-0.17464302217454783,0.27342049613659763,0.633889292133972,0.1075517593749932,0.14662723561133303,0.37356675788760185,-0.05598435018743787,0.07451831521734849,-0.1834564134478569,-0.3868662060704082,0.16528524055175725,0.37061381782405084,0.1713016645184585,0.040811699262834185,-0.08820209279656421,-0.1037432189498629,0.04984549323740437,0.014079250395298004,0.04540623774352883,0.1344369782439046,0.2898678823839872,-0.015051322856119709,0.1494581047271034,0.3577151261270045,-0.03238347385610853,0.055947773101678616,-0.13710781186819077,-0.3171100877558014,0.026797402184201825,0.03607982839457696,0.15139318789754594,0.04243968476294511,-0.05298355221748352,0.04208259497370041,0.032206255157908294,0.03385695815086365,-0.29121416674128603,0.2363457597889439,0.5415371954441072,0.14106740908963342,0.09452507391356514,0.24083141982555384,0.1318684816360474,0.07274915104174319,-0.18370398879051203,-0.2194361069372722,0.2187553352853136,0.4991211891174317,-0.29922270031351506,-0.5415371954441072,-0.22682183314954496,-0.4991211891174317,punch
v_BoxingPunchingBag_g04_c01,80,86,83,3150,3400,3275,250,punch_window,3.551104514914538,2.8658262544336623,8.128028956869683,3.6524694219107414,1.8663966969639172,5.473107542275187,1.8600182547478061,1.22183869477027,3.4378134900034834,2.24986516057191,1.8253473068296417,6.051282797548362,0.21761845371552876,0.056955644695721036,0.10788036882877355,-0.13947069538491114,0.04565493281712583,-0.044099278748035486,-0.040630895577903337,0.1743520196455552,-0.4783115410245955,0.1347870028444699,0.14792707534899685,-0.37026658654212957,-0.10382091041122164,0.041457833738503605,0.11196716874837875,-0.4277335598931781,0.19764682645257872,-0.5655905553139746,0.16583231197936193,0.026031237484611714,0.05695213377475744,-0.1265407449432782,0.0361841252696077,-0.054387129843235016,0.12335038750565472,0.08444030699194549,-0.20807336503639812,0.01124324223824909,0.14449158531399556,-0.34912323951721197,-0.04201471699135644,0.05233006652393216,0.1125694140791893,-0.38335770601406693,0.04269840507370386,-0.10443901503458619,0.15127527713775635,0.05610429422589405,0.06234887242317205,0.04240218656403679,0.042857594961406606,-0.03255802392959595,-0.16557135033820355,0.14671147968755838,-0.39776689559221273,0.16034661659172603,0.10101877651650877,-0.24945561587810522,0.076521030494145,0.04550449405548867,0.12419307231903076,-0.21279907865183698,0.2373888740057316,-0.6531333476305008,0.2719499212994121,0.39776689559221273,0.3891472490751337,0.6531333476305008,punch
v_BoxingPunchingBag_g04_c01,88,94,91,3470,3720,3595,250,punch_window,3.048240942326304,1.2213529150596039,4.987164125302582,3.326596009765565,2.4138863817289393,7.838667708822654,2.1136973383699527,0.7054196910337305,3.2142898721632096,2.0754582030572593,1.677898250000196,5.018159797956287,0.23175308959824698,0.06021338887551777,-0.12682953476905826,-0.13588576125247137,0.044699103988453774,0.04080019146203995,-0.06996101200846691,0.22201794580342565,0.5704004345461726,0.10556939031396592,0.14776486976727787,0.3480779826641083,-0.06071306020021439,0.08502796973623644,-0.20257099717855453,-0.4513783311870481,0.16967840287515323,0.38143426459282637,0.16276092188698904,0.044549167194695566,-0.08945831656456002,-0.11388363050562995,0.04502122781668687,0.020403392612934113,0.12343968374521601,0.10711267622626786,0.282018075697124,-0.013926086681229756,0.14502520873277272,0.3489342629909516,-0.04648064609084811,0.0581613991413412,-0.13556008785963058,-0.36337065543713315,0.05268236924419306,0.02690556924790144,0.1561525080885206,0.046823372520364656,-0.07714948058128357,0.04803660937717986,0.037582046907206054,0.02977490425109869,-0.20099330001643725,0.209294177911354,0.47229815647006035,0.13643123422350203,0.09811097653017867,0.2229760885238647,0.13089443104607718,0.08300309017390423,-0.1977616846561432,-0.25061689742973875,0.2113203892440149,0.49046346545219416,-0.18518549623779132,-0.47229815647006035,-0.24447404596130734,-0.49046346545219416,punch
v_BoxingPunchingBag_g04_c01,95,101,98,3750,4000,3875,250,punch_window,3.7113949964131696,2.293214090185891,8.172135038206434,3.6062997588511614,2.3995481531184217,7.543393239560148,2.099535138996999,1.3819860359506972,4.486740122715499,2.3521026990978173,1.774947612545261,5.954484801928709,0.23105181008577347,0.05389785300367935,0.0874632559716702,-0.15863799516643798,0.01812491915242276,-0.02545963972806936,-0.11368802013540906,0.1991300265207298,-0.5444729258306324,0.11104045276130946,0.1451797244084012,-0.3633230812847615,-0.07924567269427436,0.06400145985123804,0.16564757376909262,-0.4522728144989482,0.18830560939873847,-0.4380643670447171,0.16714020179850714,0.030491382732568958,0.05941751226782799,-0.12348417618444987,0.03654089096385266,-0.038021974265575464,0.08525805607704176,0.1145953233352507,-0.30121110426262016,-0.01955850954566683,0.13010466323561692,-0.3228783570230007,-0.04533388252769198,0.05503952335425681,0.1281731203198433,-0.38854451603921397,0.04778083264178884,-0.01060411380603915,0.15878025123051234,0.04969481284598923,0.045257061719894465,0.01826463001114979,0.014999494574588362,-0.024897336959838923,-0.22833116741717926,0.14595626559673128,-0.382903017103672,0.14345167364392966,0.10126686418540644,-0.2507292777299881,0.10973516532352996,0.060785553340397896,0.15973374247550975,-0.23581373265811376,0.2424629667826994,-0.5796573907136917,0.22762881364414403,0.382903017103672,0.3407502552218936,0.5796573907136917,punch
v_BoxingPunchingBag_g04_c01,102,108,105,4030,4280,4155,250,punch_window,3.3007799085014806,2.1609146416435294,7.4312424490883,3.38756131053746,2.0331569112875085,6.65122232034166,2.100721466588985,1.0195252897987706,3.2414050355907698,1.9844122384695257,1.4829673185237933,4.331565711140423,0.23327306817684854,0.06933090765585417,-0.15951075404882437,-0.12331912347248622,0.046449320191188484,0.03291609883308405,-0.1994873963703867,0.22077938758744436,0.5194728630594909,0.06029184854456355,0.12758773812054394,0.39098960906267166,-0.051441230944224765,0.057960635140130425,-0.14780932664871216,-0.5061752814674817,0.20064164112754024,0.5077180820517242,0.164130190121276,0.03933486920265628,-0.08191015571355814,-0.10521719711167472,0.0475897297653421,0.027233421802520752,0.06068401119721656,0.10566401375862956,0.240651439409703,-0.0570749752223492,0.12079239912553334,0.34825684130191803,-0.03642867718424116,0.05402219049368503,-0.1365823745727539,-0.3485903566844562,0.038943102340921146,0.043070371728390455,0.14941000512668065,0.061069702415743866,-0.1129416823387146,0.05400225520133973,0.03765982902445724,0.020208060741424505,-0.3254131264485685,0.19757819423543274,0.412785317748785,0.10999491810798646,0.08665089160137802,0.26634068787097925,0.14453057731900895,0.051042742779753014,-0.13682785630226135,-0.35579375496932436,0.23973312294118745,0.628704160451889,-0.32250527381591326,-0.412785317748785,-0.3379536701852345,-0.628704160451889,punch
v_BoxingPunchingBag_g04_c01,110,116,113,4350,4600,4475,250,punch_window,3.944170110003449,1.788356789193638,7.430461576817756,3.521056286028129,1.6936991046619445,6.1155443264518885,1.9848534466934211,1.52191099434126,5.151035961579778,1.9013266302564789,1.0264590184459823,4.016721961560976,0.2221455289317029,0.04915122984061239,0.0990030225366354,-0.15308817476034164,0.028394901963824406,-0.013599269092083033,-0.09619219601154326,0.15296762376472628,-0.5073649385012686,0.11029210713292871,0.1386460397276394,-0.34766330011188984,-0.12994172424077988,0.03242456633436794,0.08459318429231644,-0.4674019320601864,0.1994431790815819,-0.5361635931767523,0.16326141064720492,0.021216165107036902,0.04118788801133638,-0.1419434089745794,0.01975515842053844,-0.03347110003232956,0.09909858108897289,0.07918395513502027,-0.26956349099054916,-0.013075315260461415,0.11635198559683999,-0.2875045593827963,-0.051294323589120595,0.05267538939292414,0.11963380128145218,-0.4136004125300263,0.01986318249723934,-0.06539010489359498,0.14913712654794967,0.04524801390778362,0.06890740990638733,0.027676752635410844,0.029012756114487715,-0.008249431848526001,-0.21995391091331834,0.11528429881433795,-0.3632766604423523,0.14588713433061332,0.10060634976610261,-0.24969352781772616,0.057425801243100864,0.031289163879983796,0.08453166484832764,-0.2504145694630487,0.25292557140389305,-0.6685317605733871,0.27815804434713653,0.3632766604423523,0.40091042572999597,0.6685317605733871,punch
v_BoxingPunchingBag_g04_c01,119,125,122,4710,4960,4835,250,punch_window,2.9849913824812457,1.3845017473763033,4.722582342858778,3.7210525419004217,2.3634551984909145,8.094333306455754,1.5204195216999115,0.606636577231215,2.5160736879556054,2.622058326962499,1.8390523478791103,5.0007263565069175,0.21553834288247994,0.04385424990692569,-0.08802113868296146,-0.16649713154350013,0.011648501852727478,0.015494115650653839,-0.05917861093101758,0.18250939309414194,0.3568749246187507,0.15440005569585732,0.14798846368364985,0.33673967979848385,-0.10798303463629315,0.06786994598038458,-0.15597035735845566,-0.3782833382886435,0.17032464779668224,0.4058728446252644,0.16530169200684344,0.026000546516830352,-0.060815373435616465,-0.1274499116199357,0.03135749857632122,0.014258719980716705,0.10358825061536792,0.08650380374530406,0.22414691047742966,0.02642950176128319,0.1474120695947637,0.31130241788923746,-0.049127884209156036,0.05705690455707407,-0.12364288419485092,-0.3703545283393136,0.05379226909974283,0.0334788491018117,0.1431851770196642,0.046318353020170115,-0.04866954684257513,0.011415085622242535,0.008671974075804504,0.003273874521255493,-0.19592829234898085,0.17405734753528154,0.3001697938889264,0.17962033514465606,0.10069798521823005,0.2348087430000305,0.07984988604273115,0.06964643033813292,-0.1613825261592865,-0.14788960133280074,0.20252901576810722,0.5268950760364532,-0.2223618839572605,-0.3001697938889264,-0.23059330260798788,-0.5268950760364532,punch
v_BoxingPunchingBag_g04_c01,127,133,130,5030,5280,5155,250,punch_window,3.4757546394919037,1.911527187995371,6.785023296529542,3.8008815410670724,1.440466792605261,5.045850495063613,2.0924157509878984,1.0087795965840858,3.716659874451494,2.356790979179344,1.6236982793251735,5.507253555036179,0.24446915941579,0.074980820348605,0.12616569176316267,-0.1464612398828779,0.05752591266514085,-0.06532362103462219,-0.1434048911157463,0.14626613261788718,-0.3979261149652301,0.03689892377172196,0.10398598966826784,-0.2923559658229352,-0.06230249575206213,0.04341576733026116,0.1485478579998017,-0.5329626409469971,0.19216036684299315,-0.35827813716605306,0.17584233837468283,0.03697081884163005,0.08533183112740522,-0.13079659002167837,0.04047873757140977,-0.05141341686248779,0.0793332909233868,0.07791000577470475,-0.21803464414551846,-0.07943311227219448,0.09582824820549145,-0.27089094743132597,-0.01201938305582319,0.04090939092580192,0.11300170421600342,-0.3851605477476759,0.036759205651433244,0.08492027549073106,0.16681407604898726,0.06507406620134007,0.09101578593254095,0.037039003201893406,0.05144376090870392,-0.047408103942871094,-0.2556249020355088,0.09999152288985863,-0.24918917380273337,0.09814109653234482,0.07565247211367253,-0.21038688719272625,0.12385845610073638,0.0436870759032262,0.14854007959365845,-0.341999032667705,0.21891864534080874,-0.5001145005226135,0.23318726372998588,0.24918917380273337,0.24618231277457603,0.5001145005226135,punch
v_BoxingPunchingBag_g04_c01,134,140,137,5310,5560,5435,250,punch_window,3.0675214614291435,2.3906254637208293,6.737645051197864,3.429682720182626,2.3567923921112373,6.169994413961703,1.7859580047797199,1.4362411490188645,4.720703500435885,1.765902112278684,1.6941133040853051,4.645078053708848,0.20410846546292305,0.04405413391792049,-0.0709925070405007,-0.13112698388951166,0.04474258448328669,0.028794780373573303,-0.0036453801024305876,0.1828902293310733,0.4267787346616386,0.1536080278456211,0.1451420448529066,0.333727829158306,-0.09456695935555867,0.07689601960221386,-0.18568931519985205,-0.3390802737807722,0.16185837069453282,0.3869924703612924,0.1443971326308591,0.03735442922224636,-0.0735246911644937,-0.10560417281729835,0.04876745644498311,-0.0016731768846511286,0.15778105977889417,0.08812603731089781,0.22790107969194642,0.028456001941646828,0.14570182722473296,0.3353659063577651,-0.05387774642024722,0.06301484598254335,-0.13233928382396698,-0.3345608409976454,0.02964559252120541,0.03315563593059773,0.13551930231707437,0.04700483976932673,-0.0149603933095932,0.05073960338320053,0.04084461638624214,0.015341460704803522,-0.14340672592100281,0.1826592165302338,0.3537129722535609,0.17506946623325348,0.09304998428052016,0.21249303221702567,0.09349159257752555,0.07873972758028532,-0.19458550214767462,-0.1227443494967052,0.19237498643995976,0.47786071896553045,-0.17479444935860705,-0.3537129722535609,-0.23531878730653732,-0.47786071896553045,punch
v_BoxingPunchingBag_g04_c01,142,148,145,5630,5880,5755,250,punch_window,3.329231668986687,1.32851816703124,5.114400938379618,3.4943920026368356,1.9077078914328292,7.144243604285593,1.8852064017132946,0.896101799397401,2.8996304419423753,1.8872105299634117,1.7316667059140403,5.232065727989876,0.2267345493393285,0.0744159571699308,0.08858263492584231,-0.12733598266329088,0.07160496022697205,-0.024456679821014404,-0.16046710508609457,0.16818038513194775,-0.47587906778790057,0.03425286763480733,0.10885064728751305,-0.2991597950458526,-0.06338194012641907,0.04867925525907068,0.15714123845100403,-0.509858836652711,0.19180484831773398,-0.37728478224016726,0.1675632218165057,0.04045766478664538,0.08496585488319405,-0.12207303302628654,0.042922040407860476,-0.018496900796890314,0.05297126850512408,0.09333969045666107,-0.27760920883156354,-0.0753936522773334,0.10280998344343699,-0.28772731870412815,-0.009215780666896276,0.03997416530029183,0.11230438947677612,-0.3701758284587413,0.029396840238802183,0.0688173004891724,0.15168440341949466,0.0670640775093756,0.05486449599266052,0.05209918107305255,0.06966901259883229,-0.021848827600479126,-0.23209272777395587,0.10430813202275666,-0.26979929953813564,0.09508646173136574,0.07555406177554956,-0.20143193006515503,0.11526624645505636,0.047089922897147876,0.1515659093856811,-0.3174744099378586,0.2231021512426607,-0.49435481429100037,0.20981964934104871,0.26979929953813564,0.30071918643787326,0.49435481429100037,punch
v_BoxingPunchingBag_g04_c01,149,155,152,5910,6160,6035,250,punch_window,3.7531832670060497,2.594973429626593,8.205207263910804,3.0773540413734053,2.4991898245187905,8.36906290109797,2.4779199299570176,1.2671749109549908,4.133193260700824,1.9146574176760247,2.1684187680132627,6.589338990288517,0.2117975947580167,0.039086535505262955,-0.08683357015252102,-0.13106383702584676,0.03504556549328581,0.042232438921928406,-0.11094209378851314,0.2551612743321251,0.5057686497457325,0.10546465404331687,0.1569224438061905,0.3451788090169431,-0.07602994037525997,0.09016214039700021,-0.21058310568332678,-0.4262268648349813,0.15946563778682274,0.33962028892710805,0.1624228142734085,0.033680887492753754,-0.06794172897934908,-0.1029309555888176,0.024919481378763875,-0.0006503015756607056,0.08973449109388246,0.13217067348332637,0.2606491264887153,-0.01055842026003768,0.14123164103514363,0.307150710374117,-0.04739506861993246,0.06505494530256148,-0.13697411119937897,-0.37219423255217926,0.03735432663518072,-0.03344756690785283,0.13664415904453822,0.038073497037929116,-0.0497489571571349,0.04529985785484319,0.03211872292563139,0.0360556542873382,-0.22384248514260566,0.20283984609995953,0.3627250529825688,0.1395955820168768,0.10832394051574189,0.2398399263620376,0.10804685524531776,0.08476811848863727,-0.1983229815959931,-0.195453941822052,0.21025312650693928,0.45883926749229437,-0.27444427594486454,-0.3627250529825688,-0.20429124021872408,-0.45883926749229437,punch
v_BoxingPunchingBag_g04_c01,156,162,159,6190,6440,6315,250,punch_window,3.041588836453462,1.509973343427893,5.174078970667282,3.18991988456574,1.5903647229569104,4.927778356607456,1.520287025081827,0.8791287249595676,2.620036166268556,1.820853608614553,1.5743563958623892,4.598540234068759,0.21317601842539655,0.07438030053918375,0.0819895900785923,-0.1334232794387,0.054679217008421085,-0.02944593876600271,-0.08476559112646749,0.12711587447427303,-0.30477908439934254,0.08864040459905352,0.1218671053370237,-0.3179835192859173,-0.07864630860941753,0.055991717440087116,0.1457109227776528,-0.39047879286642584,0.14359483774764406,-0.28517664968967443,0.1554432362318039,0.034837351461469664,0.05493393912911415,-0.12177262774535591,0.03697714426825922,-0.04007100313901896,0.10338423999824688,0.053494633621268106,-0.14750340208411206,-0.04046973266771863,0.10828541906490556,-0.27212880179286014,-0.03903784283569881,0.04341403499345724,0.10611618310213089,-0.34750222614301096,0.039878989042678635,0.09388436377048481,0.13863778965813772,0.07075669396294401,0.05255839228630066,0.042446289743695964,0.05238772838564007,-0.025648832321166992,-0.217540791524308,0.11976602514616014,-0.18521651439368728,0.1353092661925725,0.08937243614355718,-0.23296417295932778,0.10806642685617719,0.05459560185212179,0.1440410614013673,-0.19056604163987295,0.1853204627787493,-0.43928471207618724,0.1386204197184066,0.18521651439368728,0.2179231588478867,0.43928471207618724,punch
v_BoxingPunchingBag_g04_c01,164,170,167,6510,6760,6635,250,punch_window,3.6175210669001223,2.091013743586854,6.912581968977404,3.1728972596771325,2.2194120331667166,6.627782687760159,2.164537748289025,0.9164641897426046,3.5770476064785415,2.2598533921810415,2.0823288431121605,5.92359273616554,0.19905683398246765,0.04555835440143132,-0.1135172732174396,-0.11658632648842679,0.04190101166068215,0.046532489359378815,0.009365339430847334,0.2186997101152399,0.3767384313978255,0.1476572773286274,0.1575674068235238,0.3598259650170804,-0.09099607701812472,0.0736202116807617,-0.16236411780118942,-0.33270335722980754,0.14109134227526313,0.3213703730143608,0.15202626160212926,0.04134238208796517,-0.06872268393635744,-0.11006100156477519,0.03783230036552576,0.01809034496545786,0.15926074100259155,0.09827372220977794,0.14711011713370692,0.020195703421320228,0.15378183511132928,0.3156951628625394,-0.06526665070227215,0.07052425349730809,-0.13615258783102036,-0.33020647821415744,0.03143475250195477,-0.02697568153962493,0.13282816324915206,0.04314559486342998,-0.05553025007247919,0.05636075139045714,0.03571584779004638,0.03893211483955383,-0.1348705778696707,0.20074216863646197,0.307089826092124,0.16788163355418614,0.10235281003748525,0.25125470757484447,0.09821501799992156,0.07296018842190359,-0.15914496779441833,-0.11665229286466326,0.18170280664332772,0.4349247813224793,-0.18249104770535693,-0.307089826092124,-0.15080127054963438,-0.4349247813224793,punch
v_BoxingPunchingBag_g04_c01,171,177,174,6790,7040,6915,250,punch_window,3.1891339680578326,1.301176414049203,4.904205151329734,3.2421082780280472,1.7893398181602596,5.989608366597231,2.115840466824384,1.138491489231039,3.3046869790039333,1.959063817110647,1.275216482770219,4.4906252152488655,0.2023586178464549,0.07836598564704385,0.12149325013160711,-0.1049171803253038,0.08437666269859931,-0.0400805845856666,0.013917298854461718,0.11525744975275226,-0.35083295684307814,0.10543168389371463,0.13108021259263908,-0.35725033283233637,-0.08202802176986422,0.04858776474455588,0.12199889868497849,-0.3497338251077703,0.15241537971986083,-0.34253985714167356,0.14583698500479972,0.05016570060212707,0.06547838449478155,-0.11582623102835246,0.05392494655589519,-0.04509923607110977,0.14583062819604362,0.06259071028789646,-0.20557903032749889,-0.023948597588709448,0.11496621465449121,-0.301120400428772,-0.03135233585323607,0.05259691225525733,0.1268736049532891,-0.32403230228062185,0.03263953828308329,0.04741947818547487,0.13772406322615488,0.07098863557118511,0.07756403088569647,0.06605451447623116,0.08003863987257034,-0.03316619992256159,-0.1219689915222781,0.0925486664967124,-0.2172169834375382,0.1400196530989238,0.08998448296029807,-0.2502676546573639,0.10091027191707067,0.045297578780078306,0.11611738801002502,-0.15989295925412864,0.1916806247664617,-0.4977030456066132,0.1364348534878652,0.2172169834375382,0.21860129087941688,0.4977030456066132,punch
v_BoxingPunchingBag_g04_c01,178,184,181,7070,7320,7195,250,punch_window,3.538910116639618,1.9206824449607574,7.435384957181054,3.5108750738394456,2.0956064263352285,7.2417528289412,2.319585948950888,1.0910522895983519,4.485734430854779,2.2076735827322547,2.354736572947998,7.263652260788129,0.22573411677564895,0.05869710832576487,-0.1526367925107479,-0.14242285170725413,0.02570974358071602,0.03306864202022558,-0.09136654928858791,0.22537811607988492,0.5782251346390694,0.0794046095439366,0.15675649002811878,0.4105587340891362,-0.05108329334429333,0.08651990704179101,-0.17537380754947668,-0.41563201868640526,0.14212174120517887,0.4589681762736291,0.16581512987613678,0.04175171878187845,-0.12129696831107134,-0.1149030040417399,0.03587756526916133,0.01298542320728302,0.08702707756310703,0.12148114847237754,0.3015700269024819,-0.03671420684882576,0.14695002476105126,0.3611677251756192,-0.038071292851652415,0.06789126033626329,-0.1572529524564743,-0.3331470751602735,0.04338677923237714,0.01380510511808103,0.148186628307615,0.05282921178356221,-0.09036746621131897,0.0358470508030483,0.02239229782707625,0.03950229287147522,-0.19293634819665126,0.18549229156993655,0.4122017174959183,0.12195643356868202,0.10363809870997581,0.2681676149368286,0.1295848573957171,0.08410824980021141,-0.17247173190116893,-0.21482878284794943,0.19332089902896393,0.5823821425437928,-0.13291472287431594,-0.4122017174959183,-0.214438182223955,-0.5823821425437928,punch
v_BoxingPunchingBag_g04_c01,186,192,189,7390,7640,7515,250,punch_window,3.1726869602371615,1.9995378149447363,6.912203252553129,3.0990710879763412,1.6260518794318084,5.321279759144864,2.038097098883367,1.2394747354311728,3.7067212132667198,1.9777411012764923,1.2173475199391148,4.143457346163111,0.20656952315143173,0.07957353811765157,0.13713459298014646,-0.11637023623500553,0.06291559253936554,-0.04517115652561182,0.007395817794271596,0.1679895663819316,-0.46484445640817273,0.12337928850735937,0.1443941658402546,-0.38000408187508583,-0.07740060878651486,0.07465110354392929,0.1940594464540482,-0.3513242953298946,0.12970581887561813,-0.289499452803284,0.1493687166699341,0.04705879825724944,0.10317833349108704,-0.1189268156886101,0.0452764267111797,-0.03163449466228485,0.1375607308291364,0.09284546934433556,-0.27575415233150113,-0.00795231653111326,0.13265814956390082,-0.34136510640382767,-0.04084472677537375,0.0535748878958603,0.12740190327167517,-0.33877235967416447,0.029928200114172535,0.05931124975904817,0.13654110261372157,0.06986284326925933,0.08388182520866405,0.06300168803759985,0.06043280197409204,-0.052356004714965765,-0.1185686366266704,0.12703939786872134,-0.28270340710878367,0.1568103475230081,0.1008443982887738,-0.26563902199268347,0.10513905116489952,0.07632332010175795,0.20120224356651312,-0.14355473220348358,0.17053941973303025,-0.4276905357837677,0.14226227951117834,0.28270340710878367,0.16854270866330895,0.4276905357837677,punch
v_BoxingPunchingBag_g04_c01,193,199,196,7670,7920,7795,250,punch_window,3.8905948526404117,2.5188055202890323,9.106567195472662,3.4086890134661147,2.0580544327561063,7.569888939530353,2.274474267338384,1.3322870678639058,4.336805747901724,2.1549425840567626,2.1559134879943,6.912609455098632,0.2256554982491902,0.07070457974563554,-0.11388671025633823,-0.13565406096833094,0.0403531794565877,0.006867647171020508,-0.08860303654468485,0.2193444250322915,0.5592993893660605,0.07518807692187172,0.15043413423216806,0.3804462291300297,-0.03209019878080915,0.09189062149965949,-0.2126401066780091,-0.4204727004814361,0.11512043980208403,0.3553290911950172,0.1765097486121314,0.03964240259915782,-0.09113651141524326,-0.11431940006358284,0.03982597544570707,-0.013866961002349854,0.08553957533357401,0.12898001892114141,0.32929726922884583,-0.04813347969736372,0.1386135489367563,0.34815982356667513,-0.0334159763795989,0.07022302336243878,-0.16677087545394897,-0.3438113734259137,0.032411576326913376,0.012911344412714243,0.1422522834369115,0.07290804300329404,-0.05249989032745367,0.042503425053187785,0.03774533958274401,0.01282075047492981,-0.17197634279727936,0.1696347431197781,0.3493875116109849,0.12070584722927635,0.10305141410544044,0.25126409530639654,0.1523917956011636,0.08678635945787569,-0.2002628743648529,-0.19010571709700994,0.14297311195716392,0.42117944359779363,-0.120445585066835,-0.3493875116109849,-0.16716203632271215,-0.42117944359779363,punch
v_BoxingPunchingBag_g04_c01,200,206,203,7950,8200,8075,250,punch_window,4.3979681339440715,2.537699206848464,8.670217390768398,2.9767271378495384,2.451712153337306,8.27399880890822,2.6480911478819027,1.774405530602899,5.626901051815628,2.056759200551284,0.8465114073463411,3.0911533602383527,0.176024750407253,0.08827263506791637,0.13815728202462196,-0.10886056082589289,0.08312498640426136,-0.02912630885839468,0.11059539352676698,0.16971050789801723,-0.5386850573122501,0.18114010617136955,0.12705446300660725,-0.3395904563367367,-0.11118592960493909,0.06263001020412036,0.17551995068788534,-0.2604567585512995,0.10365605046060263,-0.3225352056324483,0.13915179297327995,0.045290033420941046,0.08781710639595985,-0.12436293278421674,0.04562965784992723,-0.021385006606578827,0.16538259746240716,0.09945828537904688,-0.32134078815579403,0.0402552214051996,0.12113849630412415,-0.32000536099076266,-0.06769890870366778,0.06074005897460906,0.15992821007966995,-0.32371280302426647,0.03478247551861727,0.033048938959836904,0.11217135190963745,0.09052446864316231,0.09142005443573004,0.0706791409424373,0.07915062044223913,-0.03752702474594122,-0.010453156328627018,0.11673204103467637,-0.3437146246433259,0.20425868034362796,0.08325909608136538,-0.21795690059661874,0.07658836671284264,0.05837613110060811,0.1633754968643189,-0.03626825128282823,0.15300840913683164,-0.4790467619895937,0.09039112584384898,0.3437146246433259,0.14829817145376983,0.4790467619895937,punch
v_BoxingPunchingBag_g04_c01,208,214,211,8270,8520,8395,250,punch_window,3.727734785608604,2.1789750099923344,8.189379174971483,2.6770486988490334,2.0823735966668933,7.068591028204418,2.277741270046488,1.464261499562856,5.03671400978491,1.8465193778791338,2.25084357581984,6.706941374019797,0.2212684489786625,0.06419721091178708,-0.10603709146380427,-0.14307642621653424,0.025715695169290835,0.010826937854290009,-0.10166330795202937,0.19368522641519922,0.3695393060334026,0.07687685266137123,0.14100822066027738,0.360883180052042,-0.03622373725686756,0.10510329328505745,-0.2659784629940987,-0.37311714089342524,0.0823852518641755,0.186971225310117,0.17203883134893008,0.03557845041794957,-0.07705117389559749,-0.1041483474629266,0.04135093503882175,-0.000606931746006012,0.05587612358587129,0.11367029174287008,0.2294728239066898,-0.04759487562945909,0.13399634198120244,0.33331239596009254,-0.02228477384362903,0.0672680830767537,-0.16281963139772415,-0.32985759686146465,0.031884611997873534,-0.07736947340890765,0.13699373177119664,0.06508474424504825,-0.07177317142486572,0.03062539441244943,0.020342540297048763,0.007633537054061945,-0.17146834252136095,0.1503158887822245,0.14517508447170263,0.1271055660077504,0.0971528482015346,0.24964974820613864,0.14092362352779936,0.09791228284383968,-0.2531454563140869,-0.1420160893883024,0.12599275894140763,0.29049143195152277,-0.10664820555357607,-0.14517508447170263,-0.03784149188055613,-0.29049143195152277,punch
v_BoxingPunchingBag_g04_c01,217,223,220,8630,8880,8755,250,punch_window,3.1664400839927715,1.1424950779940737,5.183909662381029,4.302962463763623,3.263181353190745,11.272785377816732,1.8372395029098672,0.845823407328199,3.1642792832033777,2.706151641295342,1.383774174705189,4.409535630531424,0.21959383306758745,0.10737359560992976,0.11313728243112564,-0.155236263360296,0.03478107366347478,-0.032791897654533386,-0.049247841816395535,0.12881302742459538,-0.3822279511950909,0.08495638785617692,0.11705517150843185,-0.3231597170233727,-0.08223936600344521,0.053263512106242014,0.14800919592380524,-0.37122674878420575,0.22820673839825015,-0.39019167562946677,0.17199812350528582,0.041321683497645235,0.07725600153207779,-0.13765842786857063,0.03048581072418073,-0.02478192746639246,0.09522841864132456,0.0778995389221157,-0.2282842486165464,-0.039373985890831284,0.10150372706924994,-0.2821638137102127,-0.02788797233785902,0.04967963915276934,0.1277908831834793,-0.33541730638327344,0.06493349465055598,0.03019264200702304,0.13989210128784177,0.10277870694340893,0.07700094580650335,0.020710753543036333,0.03031117051492737,-0.02571198344230652,-0.1418875285557338,0.06631502598085258,-0.2009516805410384,0.13496208403791704,0.08614394163721636,-0.2246086448431016,0.09950894543102809,0.05283203816511903,0.14908614754676824,-0.17979456697191515,0.23503136874699845,-0.49935552477836614,0.1519963007863601,0.2009516805410384,0.22143369703233085,0.49935552477836614,punch
v_BoxingPunchingBag_g04_c01,225,231,228,8950,9200,9075,250,punch_window,5.843740711153583,3.6642007686542337,11.996517310580234,4.65851076795956,3.3035272653929613,11.457170644747396,3.5120650234557824,1.8322325173988372,5.462289557959681,2.3855090472236697,1.6872339504019358,5.68870518079877,0.19657215955001967,0.051425451151593436,-0.14465076476335526,-0.12049083198819845,0.03312788068517596,0.08203129470348358,-0.034743387218830864,0.1826544112496034,0.4134854006115346,0.13285904324480466,0.13332616883271456,0.28845035284757614,-0.0997726278645652,0.07566551157364942,-0.16851122677326202,-0.3250671898879643,0.17499618766506425,0.43299761437810963,0.1644961072930268,0.025908448022175786,-0.06222293525934222,-0.10924260105405538,0.029634993242329277,0.01545442640781397,0.10268261263679178,0.07790452395858079,0.18514147424139069,0.00367467477917672,0.12370734867206727,0.2637910470366478,-0.052373622144971585,0.05923969674955353,-0.11567710340023046,-0.33679132133589257,0.022033893810793886,0.03369814180769026,0.11534976533481053,0.04298633793680381,-0.10590732097625732,0.05643073575837275,0.02940123166292654,0.07557383179664612,-0.12140963851873367,0.1653161203174054,0.3304827203974126,0.16743604625974381,0.099296311420279,0.20547109842300418,0.08714304651532855,0.07147066160729824,-0.1555707752704621,-0.08558860846928186,0.2093327153249185,0.5163535177707673,-0.19440846532880804,-0.3304827203974126,-0.12635329141102553,-0.5163535177707673,punch
v_BoxingPunchingBag_g04_c01,232,238,235,9230,9480,9355,250,punch_window,4.2743048131436465,2.446914852662,9.603193032264882,3.2474388941148864,1.9205351454934372,6.392432027784915,2.9837607889172766,0.9681457125654674,4.6285249550112555,2.193162240007446,0.48189383983572476,2.8612468612115443,0.20747607414211547,0.08881104487748956,0.11868588626384732,-0.11344874437366213,0.060216118815681,-0.030159346759319305,-0.14241939809705526,0.18812454328416467,-0.4520525489933789,0.07744983583688735,0.11785747807407991,-0.31439921259880077,-0.07449595949479514,0.06910411076700405,0.19667590409517288,-0.4184592454028981,0.1636293449929804,-0.41907945880666375,0.1525942630001477,0.04971813485581529,0.05785958468914029,-0.10335266696555277,0.04455065401266052,-0.018965594470501,0.03300775414598841,0.11311954989899653,-0.28286813059821714,-0.048114742551531135,0.09598550121149575,-0.2516535446047783,-0.030292980372905738,0.0436401123279717,0.11078161746263504,-0.3286702933588198,0.024133441291888266,0.017435187008231823,0.12980554359299795,0.08427564056532465,0.09023094177246094,0.058018718447004076,0.056233512327243024,-0.026121765375137274,-0.2007175505693469,0.13439598619574444,-0.24932332709431648,0.13375187984534676,0.08915366774410913,-0.2323043197393419,0.11020044343812128,0.0640737379098273,0.18057841062545776,-0.2271386023078646,0.19841603176772102,-0.5114124417304993,0.19108610458956238,0.24932332709431648,0.19867241225420929,0.5114124417304993,punch
v_BoxingPunchingBag_g04_c01,239,245,242,9510,9760,9635,250,punch_window,3.694625230925664,4.516679673467546,13.661963234478321,4.505068754886185,3.4994210889005104,11.166858633420736,2.8105233794040174,2.621672191914276,8.517869036023527,2.362111158709612,1.926758927795596,5.910057277324464,0.20421245002320834,0.06656003690186045,-0.12110571190714842,-0.14299132568495615,0.030959906842047996,-0.0020765885710716248,-0.07538322186363595,0.27469524121931144,0.6067377263680098,0.09054245852998324,0.1516494994243723,0.3746333159506321,-0.05704947454588755,0.09433208619333738,-0.20221417397260671,-0.3441458912566304,0.1755487087899324,0.39383600000292074,0.1677283745791231,0.0385884845134358,-0.09332756325602537,-0.11836584550993787,0.03773379998545074,-0.02293532341718668,0.0727517717917051,0.16048637017102685,0.35873102489858855,-0.015489148774317332,0.1489072274966294,0.34257752075791353,-0.04433603371892658,0.07947652087892532,-0.1810001060366631,-0.30839781396623167,0.028100572744739125,0.0752000892534852,0.13314695869173326,0.059280526244379655,-0.06735301017761236,0.03565058537891933,0.02915025926885351,0.003967761993408259,-0.1540486982890538,0.2085180539789015,0.407390333712101,0.12498729356697627,0.0949871542268282,0.24143104255199438,0.12001219817570281,0.08725677932164227,-0.1879655122756959,-0.1271203394447054,0.19880193879769736,0.4579322040081025,-0.13506151716264797,-0.407390333712101,-0.1810545315639887,-0.4579322040081025,punch
v_BoxingPunchingBag_g07_c03,17,23,20,630,880,755,250,punch_window,1.2817229954002751,0.734393359853732,2.782382524710407,1.1934620358524592,1.416222057207471,4.313538604287083,1.1083546944700502,0.5228140689353893,1.7852140298146992,0.9021999412359665,0.7086128013296459,2.316403848708669,-0.1105128824710846,0.018126300271537037,0.04293636977672577,-0.145272039941379,0.004278182286725655,-0.011834852397441864,-0.2027666398457118,0.053985137041079406,-0.12865972518920904,-0.12571468097823008,0.02250075817151645,-0.004521623253822327,-0.13365738945347924,0.010667990233352494,0.023235328495502527,0.01003772978271752,0.04662948467997375,-0.15221741050481785,-0.014009020158222743,0.03340095112156008,0.06487290561199188,-0.07085843384265902,0.02158763566279069,-0.03940292447805405,-0.21827957672732215,0.019982172016981103,-0.017957977950572968,-0.09823899183954511,0.01235835474581199,-0.009492054581642151,-0.05452352549348562,0.006454323220788746,0.012667454779148157,0.16339780390262598,0.04152076252335177,-0.13794168084859854,-0.12056041615349906,0.021852516265652103,0.05352884531021118,0.008788802794047788,0.004430158657600539,-0.01474031805992121,-0.06556348289762225,0.06977256308981541,-0.163367047905922,-0.08221484933580671,0.02908023140892505,0.03642714023590088,-0.012966454029083276,0.00997166841169605,0.006232976913452204,-0.16309930277722226,0.03937274734963476,-0.0750506073236464,0.031104873099903313,0.163367047905922,0.045656122254821546,0.0750506073236464,punch
v_BoxingPunchingBag_g07_c03,23,29,26,870,1120,995,250,punch_window,1.8039566817356214,1.4251942157037498,4.0578031328865585,2.469123232800627,1.4132896300763074,4.645256086951879,1.3327039538977885,0.8099483469341091,2.9860744932329384,1.1923694389678603,0.6753688933271934,2.119239086315408,-0.05782860091754368,0.05164567142076592,0.027834773063659668,-0.13004308513232643,0.014088369172101396,0.027577988803386633,-0.2996123536889042,0.04224267772998662,-0.07374473288655276,-0.1255499677998679,0.03307742179794309,0.024526357650756836,-0.10253796832902094,0.0392199171920123,-0.001110710203647669,-0.09711052557187418,0.06556200141805199,-0.05149229243397714,0.0366231415952955,0.023882435332736263,0.015389323234558105,-0.09682490995952064,0.014416631391186516,0.0304291769862175,-0.24575573817959853,0.04412306158749922,-0.08640388026833531,-0.11314770579338074,0.018729973642621835,0.011460542678833008,-0.03827692355428425,0.01983699496113973,-0.005670912563800812,0.06623923725315499,0.024841164630174294,-0.02637182548642153,-0.07541951111384801,0.046210063346816335,0.008408606052398682,0.020752578973770124,0.013182360399572827,0.01900902390480036,-0.17982506964887895,0.02923262911204296,-0.022819250822067205,-0.05674809217453003,0.0327328495765448,0.010564088821411133,0.009862537894930143,0.03731211587332582,0.0032266080379486084,-0.21828966694218765,0.07204993535468755,-0.055526874959468814,0.016399206164158825,0.022819250822067205,0.049345245742002636,0.055526874959468814,punch
v_BoxingPunchingBag_g07_c03,29,35,32,1110,1360,1235,250,punch_window,1.6121902092856637,1.44588569881934,4.346371840540623,3.185209907756507,3.2196366161023233,10.258160463732386,0.9343700553259294,0.5262893191127677,1.9538774114528898,1.4697898762193458,1.4442055018919189,4.630933256283472,-0.051737065826143534,0.06194552429110845,0.07785162329673767,-0.12392581254243853,0.01050189276611437,0.02114085108041769,-0.38285604305565357,0.0535950895997295,-0.08660793490707874,-0.13231528231075831,0.026243920934574644,-0.040974706411361694,-0.05770454555749895,0.04933226643688786,0.07362592965364462,0.05874424135046346,0.2001078404811856,0.30218046717345703,0.016469321080616543,0.03022237664222706,0.02466711401939392,-0.08557626072849549,0.010935584232740738,0.004660643637180273,-0.3358706211937325,0.0190409764143353,-0.035814674571156446,-0.09728032776287623,0.01351804698353841,-0.005226701498031616,-0.05995360336133414,0.012165217799872192,-0.02358212321996689,0.16706932522356507,0.09749471426164065,0.16494761221110824,-0.06690893854413714,0.0615771997640326,0.08171951770782471,0.018217712640762322,0.0121715020169137,0.02011430263519287,-0.20942173259598867,0.058342089765312216,-0.1008491367101669,-0.08857381343841553,0.025262859679343486,-0.05700725317001343,0.06094391431127277,0.05374409615983545,0.07883530855178833,-0.0972757839730807,0.180910161032449,0.269098363816738,0.077858044396163,0.1008491367101669,-0.12484285254206115,-0.269098363816738,punch
v_BoxingPunchingBag_g07_c03,35,41,38,1350,1600,1475,250,punch_window,4.204381248672149,3.035982622730708,10.812808232194707,6.082593461698934,5.776770951900768,18.508761612746948,2.2913311457430843,1.6870630075916733,5.483593106876635,3.5244981489344713,3.31602005417673,10.378084048451383,-0.11849582621029446,0.12468793379936419,-0.254243403673172,-0.09125708150012156,0.02033042344266569,0.018518589437007904,-0.2101612981724819,0.14280986677359508,0.35796222562203184,-0.05499678424426487,0.13869864044401048,0.25182202458381653,-0.030935580176966546,0.06322111426719708,0.14221446961164474,0.1709995938415107,0.2144690398832344,0.072948467975948,-0.06388490966388158,0.10437391303487112,-0.21149834990501404,-0.0854246903743063,0.008812202746703239,-0.0161448791623115,-0.18884858242069766,0.07146497982936607,0.23608541587600482,-0.01661408373287746,0.10936152472093082,0.191507488489151,-0.06810226930039272,0.02750008535597653,0.07538764923810959,0.17735789643899938,0.10452169078173557,-0.0180611935793423,-0.08733992917197093,0.07331402644325312,-0.1446319818496704,0.030922919511795044,0.02978494956210491,-0.020866155624389593,-0.09290155658631452,0.13448317479184357,0.2658319363836198,-0.04318053381783622,0.09538163112751015,0.1756156086921692,0.0915697727884565,0.0671032904973034,0.14095020294189453,0.04799411951431206,0.1719211055546064,0.06214854121208191,-0.12285860042062782,-0.2658319363836198,0.07990648076116946,-0.06214854121208191,punch
v_BoxingPunchingBag_g07_c03,104,110,107,4110,4360,4235,250,punch_window,3.4029924489057817,1.613804708159971,5.720926714355497,3.9959586953944464,3.0391290728474205,8.75877213714988,2.418443233317644,1.6578565301595967,5.205095378337736,1.8723404536170054,1.187791782599472,3.55181099002854,-0.1809870664562498,0.08208503112255287,-0.17821900546550756,-0.10941887540476666,0.015461746645393851,0.0322458073496818,-0.20248958335391112,0.1403190350328157,0.23750630393624306,-0.0514731513602393,0.07006880215133282,0.15938393771648407,-0.040732845664024374,0.0626134337007026,0.15055262297391886,0.1873638391760843,0.20682225894720255,0.333106386475265,-0.09875806953225817,0.08154544697499631,-0.17764891684055328,-0.09529368579387668,0.021570868103334116,-0.02654675394296646,-0.19730208348482847,0.08445467386563149,0.15752054471522575,-0.013455972075462341,0.06714124529911691,0.1628904789686203,-0.04211298695632391,0.02920788181881263,0.06738998740911484,0.20842025016567536,0.07899010460676736,0.11632241215556866,-0.15086096950939723,0.046351662789346236,-0.07915487885475164,0.03157736573900494,0.00858633586790416,0.007342666387557983,-0.11042779085359401,0.12526084496309253,0.15859831217676412,-0.0520872814314706,0.04157425123908768,0.06282681226730347,0.08463802082198006,0.059958884561214995,0.14187508821487427,0.012862485966512124,0.2051350882889201,0.31242463365197176,-0.06247217789071974,-0.15859831217676412,0.015562370326622,-0.31242463365197176,punch
v_BoxingPunchingBag_g07_c03,109,115,112,4310,4560,4435,250,punch_window,2.236154313859469,1.5989945214222725,5.313419561948192,3.29659587834475,3.4536535989743484,10.700729496796479,1.6416370509315714,1.0807053204869355,3.8456148261045486,1.3817206288960626,1.517488327446883,4.62219959709121,-0.17025319806167058,0.05020064775427378,0.13332885503768926,-0.10819470350231446,0.017948930174070794,-0.03932753950357437,-0.12614629550703935,0.10699108881254199,-0.14606791175901898,-0.07215625260557447,0.08963996798935553,-0.2183893322944641,-0.035788070942674395,0.04341240541357347,-0.10257313400506968,0.2613548366352916,0.17429021651858845,-0.3711538556963205,-0.09677634281771523,0.05746191778838248,0.1470012068748474,-0.06961539707013539,0.020543992109075045,0.05758800357580185,-0.17039265071174925,0.0653611848505156,-0.11399854533374307,-0.015008238809449332,0.07764213782411153,-0.17113804817199707,-0.02244035154581073,0.013674043579233236,-0.02856383472681051,0.26380626604493174,0.04832950942395454,-0.08543217368423936,-0.135690804038729,0.016821520238069182,0.041666567325592097,0.022952245814459666,0.012529613029958838,-0.027967244386672918,-0.02703450447214503,0.09220504748533678,-0.0569692105054857,-0.07177622829164777,0.0536196341964501,-0.13305950164794922,0.08369213342666623,0.044923152711310796,-0.10995686054229731,0.06823072795357024,0.18411369286388832,-0.4051133468747138,-0.0023160834941091113,0.0569692105054857,-0.03580632718698584,0.4051133468747138,punch
v_BoxingPunchingBag_g07_c03,132,138,135,5230,5480,5355,250,punch_window,1.1488658395392044,0.6560921340323748,2.284059762327294,2.7213086426207265,1.3237339519320754,4.591207698035355,0.6045632916350009,0.41547110872564147,1.2996642519853796,1.3482484278371532,0.7285287460766207,2.1216583892076852,-0.061764393533979146,0.003331837676678659,0.007037684321403503,-0.14808030000754765,0.01472467507944557,-0.022348761558532715,-0.3582875297537872,0.05410366601944868,-0.09343273006379599,-0.13435826982770646,0.04279216228276218,-0.09870214760303497,-0.1357604499374117,0.018357404960048604,-0.02178865671157837,0.061951881540673104,0.12594967568399532,0.14258395694196213,0.028905732291085378,0.004440427422456798,-0.006333902478218079,-0.08307791820594244,0.011736071642246887,-0.003637790679931585,-0.26865117837275776,0.02277306759516939,-0.04701464436948305,-0.11657708031790597,0.03458632575974877,-0.08236755430698395,-0.06664555626256126,0.02385075031367014,-0.03601336479187012,0.12864659460527553,0.04498663165910897,0.07114723511040222,-0.08481745209012713,0.005302959531682979,0.014206111431121826,-0.004833097968782689,0.013585461239755727,-0.020738273859024048,-0.2526201659015247,0.05458832108693249,-0.08768653869628901,-0.0708954930305481,0.031142413224422967,-0.07106757164001465,-0.033719565187181735,0.01778840484008273,-0.019960850477218628,-0.07790966864143098,0.13381337214021072,0.1565677039325236,0.07585218807918381,0.08768653869628901,-0.09534068442593843,-0.1565677039325236,punch
v_BoxingPunchingBag_g07_c03,141,147,144,5590,5840,5715,250,punch_window,3.6716525359593852,3.3038836039017196,10.73506141896654,5.561125418122157,3.669275165822078,12.993532066349605,1.9836071370454054,1.6076747282449613,5.4904559136633715,3.7290553824416612,2.1902874577898093,8.01954616931625,-0.05701567232608795,0.14251278872799425,-0.2290761023759842,-0.1174347432596343,0.021227339467888247,0.0719884037971496,-0.23000428093863384,0.1322545101622187,0.3384541012346745,-0.10386333082403455,0.09965508187520444,0.20902501046657562,-0.03487975150346757,0.06971106727135916,0.15618440508842468,0.17733422720006534,0.23451079824028698,0.24359326623380184,-0.0021870285272598267,0.11266914864074706,-0.2152198702096939,-0.1097543484398297,0.006506625376193403,0.007742792367935181,-0.2177032705928598,0.042433574543150346,0.14192152582108977,-0.060675704053470066,0.08311520233090641,0.19034914672374725,-0.05701102848563878,0.03584664840862673,0.06316873431205744,0.20301426414932525,0.14146815470564164,0.15033765695989135,-0.04884168079921177,0.10139880043589454,-0.11817014217376709,0.020186339105878557,0.014418118132524757,0.04798322916030878,-0.10582079911338431,0.14111971438569137,0.3230953719466925,-0.07365186725343977,0.0635611435805831,0.13013118505477905,0.08349519968032838,0.07088270769133172,0.1626328527927398,0.031653550054345836,0.15942336557903694,0.12128747999668119,-0.13367943863150786,-0.3230953719466925,0.13031620430956736,-0.12128747999668119,punch
v_BoxingPunchingBag_g07_c03,147,153,150,5830,6080,5955,250,punch_window,4.5296670405981905,3.2881845877765317,8.987263297619123,5.063064053814741,2.6226106852589983,9.491887634487512,2.734913329605188,2.0684588143868656,6.310231040155818,3.2256325281479867,1.7994973471198341,6.171707876333671,-0.15203683929783957,0.05538442370950456,0.150639608502388,-0.07525510447365902,0.009331802838014899,0.025351114571094513,-0.12677673899036432,0.12113712472204718,-0.11049364600330601,-0.04351009854248592,0.10665164561067446,-0.1873786896467209,-0.032324654715401795,0.059341610278293454,-0.13566335290670395,0.22452260277766203,0.15924946121625957,-0.466597049497068,-0.08508369965212685,0.046738370237598435,0.12583805620670319,-0.0817141660622188,0.015287798756482333,0.02458251267671585,-0.16981108995553632,0.07829565748926265,0.03176758904010052,-0.007910679493631636,0.0784185559384789,-0.14450423419475555,-0.05617308190890725,0.03134863303656326,-0.058059267699718475,0.2176545591293169,0.10041857745009834,-0.27900262456387287,-0.10547282014574323,0.04509378393463473,0.08719027042388916,0.03911241888999937,0.009383098472371237,0.011480361223220825,-0.01621226686984303,0.109347589845524,-0.16655948199331772,-0.03639205864497593,0.0877697962072715,-0.14293378591537476,0.0910885717187609,0.05808924303985461,-0.1412095129489898,0.06925249578697341,0.11432158004473021,-0.3309300057590008,-0.0015256411530974456,0.16655948199331772,-0.14634983270672533,0.3309300057590008,punch
v_BoxingPunchingBag_g07_c03,152,158,155,6030,6280,6155,250,punch_window,3.2824011989174573,2.1070182579679004,7.721470552256573,3.2620947776162077,2.05798799757565,7.402324561892821,2.711057438294061,1.5487077792245634,5.516334723915241,2.3015055092208967,1.2307286102531068,4.675235204372194,-0.18233107243265426,0.069249146158007,-0.1598837971687317,-0.08228273263999397,0.01262257750894423,-0.027146421372890417,-0.14694245508871973,0.08638275490162599,-0.012555382912978447,-0.0825022544179644,0.07921952615506749,-0.0037535130977630615,-0.018518671393394488,0.04068049371739936,0.07393724471330648,0.20236188289709386,0.11787628058890766,0.21953852497972554,-0.09030818087714058,0.05210207050028733,-0.10302487015724182,-0.08600009977817538,0.01016137797864919,-0.024605713784694727,-0.15079559814850135,0.0599015120092225,-0.05903063691221175,-0.03601868663515363,0.057106966995339487,0.007507592439651489,-0.04543534134115495,0.016270971527297284,0.04089090973138809,0.2293249140826187,0.07839942255717511,0.17834636592306205,-0.1404711135796138,0.049912289435085216,-0.12587830424308777,0.037134502615247464,0.008481962926739814,-0.009818285703659002,-0.09334311581083707,0.056389126631997244,0.003273488022387097,-0.07370743581226893,0.05910676856660811,-0.013873040676116943,0.08480700424739294,0.03235776152500415,0.04396441578865057,-0.0011843799480370034,0.05865842186572484,0.09043259918689732,0.07942361463792053,-0.003273488022387097,0.03176718309729809,-0.09043259918689732,punch
v_BoxingPunchingBag_g07_c03,164,170,167,6510,6760,6635,250,punch_window,2.384233991066521,2.3345571840901216,7.388770788593159,2.5468689860603626,2.479002979214124,7.695362038183037,1.4942875601814392,1.1515324469112767,3.901664681286694,2.0118799282245816,1.731494114124247,5.2786479502764205,-0.039468577929905484,0.02249225631688641,0.058393970131874084,-0.1185378474848611,0.029321206301719294,-0.07815998792648321,-0.3090753466156976,0.13829309036096663,-0.3473464353010059,-0.07726109027862549,0.06112752977881038,-0.14338372647762299,-0.06721316916602,0.04959454059555475,-0.133840411901474,-0.08121118262144074,0.16859426618492668,-0.45331003796309227,0.03774270841053554,0.022075833032408742,0.056436553597450256,-0.05731095586504257,0.02987123428400364,-0.07756024599075312,-0.23482838020260846,0.04156973422291418,-0.09650371503084901,-0.07178550107138497,0.03988854274194064,-0.09468607604503632,-0.03300840088299346,0.029649944808887888,-0.0732077956199646,0.07807318480419258,0.13841486846135065,-0.39981117378920317,-0.06610719646726336,0.01680862310661831,0.028824210166931152,0.01553131001336234,0.026463931239429087,-0.06762480735778809,-0.21158145740628242,0.15077530169703487,-0.3966654799878598,-0.028776322092328752,0.04483951216552911,-0.09846919775009155,0.03675978098596846,0.05002445152802826,-0.13523957133293157,-0.22376350399905015,0.10915022728484075,-0.298686284571886,0.35420728386874484,0.3966654799878598,0.2780837746090722,0.298686284571886,punch
v_BoxingPunchingBag_g07_c03,210,216,213,8350,8600,8475,250,punch_window,3.777943018580872,2.288311651376754,6.085387201691005,3.299306018207387,0.9904435002561462,4.908860543897839,3.3725849993963415,2.0286875577907737,6.5443534747656225,2.4146746200745315,1.1413311005756404,4.569190919867863,-0.0802065623658044,0.04183067398517405,-0.048600077629089355,-0.08053754482950486,0.03850311240377977,-0.08565814793109888,-0.12229447975447065,0.08949529977891371,0.2088702479377388,-0.09741356330258506,0.03839782490917632,0.00852954387664795,-0.00557003702436177,0.02996533830063297,-0.04308749735355377,0.1382498589082388,0.06079963987860467,0.17656370345503092,-0.01820162151541029,0.035573476015184055,-0.08611613512039185,-0.06994729808398659,0.01801691252574474,-0.0221240371465683,-0.14185425217354863,0.06608415685735286,0.1459550745785236,-0.07575519382953644,0.020525550619531967,0.0037925243377685547,-0.024039081164768772,0.01556453585077525,-0.023480132222175598,0.19092240899044555,0.028332144397789243,0.0405712956562638,-0.0791022436959403,0.026384093761125608,-0.02004110813140869,0.04903517876352583,0.04133712880852096,-0.10176309943199147,-0.05328018792871651,0.08008944657984131,0.0887359119951725,-0.06273290089198522,0.029118816953398637,-0.015652894973754883,0.0998330797467913,0.03167462619558601,-0.045963793992996216,-0.027015016547271183,0.05741418634444251,0.1776368618011474,-0.0050121411959668655,-0.0887359119951725,-0.028334680165465448,-0.1776368618011474,punch
v_BoxingPunchingBag_g07_c03,215,221,218,8550,8800,8675,250,punch_window,5.559247363199102,0.8853231211573515,7.328686295687552,3.031934009720077,0.7403732227516099,4.347526740187514,3.6591090479453694,0.9592645659490447,5.146037238190183,2.136323120032602,0.5341514674756426,3.120909248837593,-0.062522611447743,0.06450886772665079,0.0028077811002731323,-0.08489028257983071,0.08979577322915193,0.26692691445350647,-0.12957763079819934,0.11725811205277208,-0.14377842657268058,-0.08368949804987226,0.058630823601481696,0.08764682710170746,-0.043784024459975146,0.03204840201013992,-0.07168331742286677,0.16551208076998591,0.04446591160379197,0.025530522689223206,-0.01997984732900347,0.05105520678612143,-0.0005591064691543579,-0.08163632878235412,0.031394099928921684,0.08250990509986883,-0.15630655635946564,0.09865762494491,-0.23568422906100747,-0.049752163035529,0.04787304388071613,0.05663304030895233,-0.04706795513629915,0.025303900846435523,-0.06701311469078064,0.1934352496505848,0.02813292100758583,-0.019041100516915405,-0.054743332522256036,0.047211132182356425,0.030950427055358887,0.03132979784693039,0.08472833092826443,0.24298271536827093,-0.04341215666915688,0.08750866243825517,0.10963694378733621,-0.06072982719966343,0.03816401291913612,0.07085168361663818,0.059477299451827996,0.026608527104311767,-0.0475253164768219,0.009794680135590693,0.046875815857156056,0.08421494066715238,0.053027450700295464,-0.10963694378733621,-0.10312194296337387,-0.08421494066715238,punch
v_BoxingPunchingBag_g07_c03,224,230,227,8910,9160,9035,250,punch_window,3.965487173467406,2.7690371263312175,8.267803950610066,4.284400343418762,1.5569891479253517,5.831893080350092,2.220943877693715,2.057072987574148,5.71597457992379,2.716669529819258,1.4959451474490861,4.667021794810053,-0.006509609520435333,0.029148651347769488,-0.031210437417030334,-0.06466753035783769,0.06996582071493565,-0.186786487698555,-0.23739421681966633,0.1548108829629888,-0.057963588507846,-0.12292710691690445,0.11203039413028026,-0.1616726666688919,-0.0843757912516594,0.02930077498999684,-0.07965905964374548,0.025202587363310144,0.11089297353621393,-0.10926967975683505,0.023112379014492035,0.03462771169850017,0.008405253291130066,-0.04958052684863412,0.028943341201004974,-0.07070870697498316,-0.20102938082224378,0.07443502494911293,0.057827478973194985,-0.07445630182822545,0.07804389202701885,-0.08710415661334991,-0.07651143521070482,0.02077022067072798,-0.04818178713321686,0.09191704576369374,0.06508679822062532,-0.09377654525451355,-0.02171214421590169,0.024407825959017623,-0.05495578050613403,0.0543070435523987,0.06320383157119946,-0.168357402086258,-0.10938550780216856,0.1487774954794232,-0.14855345338582998,-0.09536081552505493,0.08598430275194133,-0.1257731318473816,0.03252160052458448,0.030599316902199095,-0.08241888880729675,-0.05352162880202132,0.09000636184973525,-0.059116885997355,0.010843513063169136,0.14855345338582998,0.0748690296412699,0.059116885997355,punch
v_BoxingPunchingBag_g07_c03,259,265,262,10310,10560,10435,250,punch_window,4.5292682847726615,3.1888367517875866,9.445490400767886,3.059974997531914,1.858103592502274,6.030099941830719,2.7477752261003237,1.939316102612033,5.563171604086292,1.3708955240388745,0.7435515435176014,2.3229622137125894,-0.002876641494887216,0.04140292996301918,0.07945224642753601,-0.07597484333174573,0.029521092526858323,0.04757768660783762,-0.27763165486976504,0.10672608937280254,0.034917594864964485,-0.17796372728688375,0.07286179929124469,-0.13194569945335388,-0.09761268326214385,0.01520786621024503,0.01835826784372324,-0.013370296053056199,0.06021758810325831,0.04218813963234425,0.06014569955212729,0.022152378349671608,0.06515279412269592,-0.07815282259668625,0.025333218772042403,-0.06590052694082266,-0.1826215834090752,0.06898192836084771,0.05762277729809287,-0.13838144072464534,0.03653385118604959,-0.08387723565101624,-0.05603129097393583,0.016427214269524197,-0.03257080167531973,0.07483069991160711,0.03047227503151348,-0.05664980225265025,-0.02242488520486014,0.045098599866466624,0.0802680253982544,0.06255123870713368,0.03220056461646751,0.05828016996383656,-0.20282888146383424,0.09162233320056984,0.01210597902536395,-0.10544031006949288,0.058714252815189126,-0.08217620849609375,-0.001541388886315474,0.012279256961714584,-4.190206527721063e-05,-0.10802584460803434,0.0966729782092215,0.1525330021977424,-0.016463359265873917,-0.01210597902536395,-0.09459865114143362,-0.1525330021977424,punch
v_BoxingPunchingBag_g07_c03,281,287,284,11190,11440,11315,250,punch_window,3.2783498237817774,1.3088473041182458,5.575536815579556,3.818641171598601,2.2860599123866256,7.47031546019016,2.327572775961286,1.0583487909614497,3.778228990507476,2.104738896440827,1.4887808185717286,4.958775315252366,-0.06478738359042577,0.07074424222384777,0.17851164937019348,-0.036632311131273014,0.03585483487884626,-0.013807184994220734,-0.09094263999057664,0.12022011042277227,-0.261892581358552,-0.06294872505324227,0.051549289651049546,-0.15776684880256653,0.01104332400219781,0.05606284778558543,0.04089697450399399,0.1549430815503001,0.09543291603863611,-0.21179077215492711,-0.022605448961257935,0.054585928003932555,0.12096044421195984,-0.035035438835620894,0.029532894158555516,-0.039125002920627594,-0.15588427215282402,0.06670338029413693,-0.05251852609217175,-0.043373631579535346,0.03756407418560295,-0.11095687747001648,-0.016368268855980472,0.02570779545242882,-0.017985828220844324,0.19078123210264103,0.055385062387390355,-0.10971616394817822,-0.04629443372998919,0.0555255171110106,0.13069480657577515,0.07992898992129738,0.03356953240278399,-0.007136642932891846,0.03617178568882601,0.11114235712941314,-0.2674006670713424,-0.0357373697417123,0.04056824398186845,-0.1220635175704956,0.12443367072514129,0.056080412700999234,0.029625892639160212,0.029725844306605225,0.07474042588420919,-0.1327506378293036,0.1329364485129783,0.2674006670713424,0.10698891867108776,0.1327506378293036,punch
v_BoxingPunchingBag_g07_c05,7,13,10,230,480,355,250,punch_window,1.885115649513612,1.3721910971345723,3.561161688215792,2.8569490170366754,1.8223986316568528,5.0094981198938,1.2906906732366523,0.7448048837903708,2.475312224937165,1.4373298461545563,0.8348901171865513,2.629302805137564,-0.0641023466984431,0.01218477031787325,-0.003687739372253418,-0.11153610423207283,0.01467202868128303,-0.03284980356693268,-0.2898068484500982,0.10169418431635173,-0.2575672522652894,-0.12002282838026683,0.04667047136189465,-0.07782900333404541,-0.09476225947340332,0.022535551953481812,-0.03943242132663727,-0.04462409087379151,0.15722425487864927,0.36416445369832207,0.02651346226533254,0.006266609567668214,-0.005209565162658691,-0.06507981196045878,0.010546015196232833,-0.022343561053276062,-0.1973724285101828,0.07571000017317463,-0.1928712532389909,-0.09673031667868297,0.028405808606579142,-0.0455281138420105,-0.0396016078690688,0.028753038632462855,-0.07479019463062286,0.06635514241255197,0.08928095437181603,0.1789655990432948,-0.08211333552996318,0.014118201901414813,0.001091599464416504,0.027328982949256914,0.015467527300487784,-0.034496158361434937,-0.22839906027851006,0.07145277046238685,-0.1637560399249197,-0.060817867517471313,0.03677584880672519,-0.05111032724380493,0.006885503729184478,0.02197220797192303,-0.03869244456291204,-0.15189923842748002,0.13423072135095815,0.33609452098608006,0.1530040898627517,0.1637560399249197,-0.14573330022260927,-0.33609452098608006,punch
v_BoxingPunchingBag_g07_c05,35,41,38,1350,1600,1475,250,punch_window,1.3196748275952348,0.8576951257847636,3.0463524764120065,4.511165124570825,2.3348201040295335,7.521790416881068,0.854635176979167,0.41133620352973144,1.482696886153799,3.148519585538722,1.7018662107404314,5.4441612381337015,-0.04078449095998492,0.029239313536346356,0.07080529630184174,-0.13062176853418353,0.01969722568160914,-0.049506194889545385,-0.3265844704583287,0.08066280634060835,-0.17096593417227265,-0.11615413853100368,0.05823360216436473,-0.06491662561893463,-0.09275344333478383,0.02520823131582738,0.06501757353544235,-0.04166336397507362,0.15702110428059537,-0.08267805539071547,0.05449952823775155,0.030157264321962144,0.06974373757839203,-0.0887736369456564,0.02033302609079747,-0.04961983114480978,-0.2354580625625593,0.02012037882279734,-0.040888840332627296,-0.09808241895266942,0.044223383480610924,-0.05668880045413971,-0.04737192711659844,0.008329601305971776,0.006975434720516205,0.07674285210669042,0.11512877351379322,-0.09367508627474305,-0.06952922684805733,0.0226152886504289,0.05514127016067505,0.012178774390901845,0.01331564265244689,-0.029639989137649536,-0.2280925868877343,0.09901006346539601,-0.18630573153495789,-0.05637096507208688,0.048720763138257184,-0.0180855393409729,0.013039252587727137,0.02231607976371667,0.04805326461791992,-0.15625920306359017,0.11777181564383159,-0.01122313365340219,0.13792969928479876,0.18630573153495789,0.028161176265343646,0.01122313365340219,punch
v_BoxingPunchingBag_g07_c05,63,69,66,2470,2720,2595,250,punch_window,3.96078699710271,0.2854150937179117,4.261546655044068,4.883180074985867,3.342968426212987,9.579589698010167,2.368270430090393,0.8667246536578032,3.2141249112108237,3.0285978194600864,2.134596861755018,5.9867032852359445,0.03477107733488083,0.06593212333622105,0.04370488226413727,-0.11154130287468438,0.010747804221058227,0.029872603714466095,-0.3154932375764474,0.05091008921205274,-0.10360339283943173,-0.17131008952856064,0.0639676188251928,-0.1715434044599533,-0.06082706339657308,0.003973241524339479,0.009140230715274866,-0.06305236031766981,0.12342811200441575,-0.16545382142066942,0.07393842190504074,0.011878606854938155,-0.005619868636131287,-0.10763706453144553,0.014791380329969043,0.012582100927829687,-0.20316139271017158,0.044286351926798646,-0.03211361169815061,-0.1386660858988762,0.03679186414107763,-0.08561836183071136,-0.0396624151617289,0.0011058325311210295,-0.0022070333361626226,0.05903283378574994,0.07030293315547556,-0.0792311653494834,0.012443006038665771,0.06294109782153881,0.04298043251037598,0.02682188898324965,0.014801207395100983,0.04021462798118591,-0.2103548347949982,0.051493088879543125,-0.0855650156736373,-0.0916493684053421,0.05460248003461369,-0.14754581451416016,0.03235803544521332,0.001262823734125753,0.0020970404148102917,-0.13774604955688113,0.09478561451774499,-0.12568612769246088,0.08350638466402766,0.0855650156736373,0.17163375046200768,0.12568612769246088,punch
v_BoxingPunchingBag_g07_c05,110,116,113,4350,4600,4475,250,punch_window,2.2453651199734512,1.3148852174171397,4.584279129731834,3.8433419575562087,2.4054164525747614,6.994923019479527,1.2885296696274045,0.46894925035223745,1.875227144246942,1.9964955166995682,1.0226499077305553,3.455210820706445,-0.02659651211329869,0.03920900065789187,0.042043864727020264,-0.13771061386380876,0.018001663295907924,-0.04040493816137314,-0.31996205049966064,0.06345984886487739,-0.0019950121641159058,-0.12231983457292829,0.04336404153696891,-0.037283480167388916,-0.10599368384906227,0.026346966276786284,-0.01196777075529093,0.045357187677706974,0.11435854797660894,0.31357873976230616,0.0637170502117702,0.023639580259452807,0.021210432052612305,-0.10454486523355759,0.02569206153021748,-0.03876497596502304,-0.2398352519209896,0.02936241092936796,0.04926085472106928,-0.11192314113889422,0.021057605666592746,-0.008995652198791504,-0.07856418405260361,0.02553773307448126,-0.016611956059932764,0.12586490517216065,0.04752499558120883,0.11366112157702446,-0.059157490730285645,0.04292540252925254,0.06426680088043213,0.004214261259351458,0.016542965055377237,-0.04227140545845037,-0.21226385342223306,0.06682208095940162,-0.04820876568555829,-0.06342405080795288,0.031775526599898456,-0.017364799976348877,0.0015144305569784902,0.022612219534439315,-0.019601017236709484,-0.07294293067284989,0.10937064557057642,0.3181735128164291,0.012273872448113093,0.04820876568555829,-0.24459506497242217,-0.3181735128164291,punch
v_BoxingPunchingBag_g07_c05,138,144,141,5470,5720,5595,250,punch_window,3.4207620115689554,2.149638168159659,6.89302541640973,7.2217435471233955,3.0565189529919246,12.013958566393422,3.096417468761216,2.3376533070975714,6.62325657417448,4.152657708752313,1.5265515452867817,6.423807402075063,-0.0016219296625682286,0.09489688232597478,0.14508633315563202,-0.12632823416164946,0.01198621130734383,-0.0016852021217346191,-0.3228864226756351,0.04774815039078465,0.025089016184210777,-0.08808972367218562,0.07381527318381538,-0.1236611157655716,-0.09353942104748321,0.011038041457031899,0.018089920282363947,-0.033766201963382134,0.18812238049880547,0.06691714189946649,0.0559934356382915,0.08840445457152549,0.06222294270992279,-0.1101662601743426,0.015450235063595394,-0.033026725053787176,-0.22538125342024223,0.01912685853962157,0.012192448601126699,-0.0697237104177475,0.06830684156314674,-0.05968154966831207,-0.07067524961062845,0.026255252516641465,-0.012930810451507568,0.035809453543541654,0.08318198258369756,0.06278833560645578,-0.01429218053817749,0.0714571696051709,0.14333099126815796,0.0014784676688058035,0.013821254440509568,0.0036908090114593506,-0.22934570615845068,0.05810682648100437,0.10366436094045642,-0.04609877722603934,0.052267135339695146,-0.1071358323097229,0.014297025544302797,0.010272942477340844,0.022965252399444636,-0.0898453537374735,0.18962731354895368,0.11690403893589965,-0.09404472394933469,-0.10366436094045642,-0.09155174340542577,-0.11690403893589965,punch
v_BoxingPunchingBag_g07_c05,144,150,147,5710,5960,5835,250,punch_window,4.496509867794805,3.1315105239203342,11.081906831231224,4.180210995482628,4.286462311852067,13.31356842554088,3.178951516918953,2.1561549632317383,7.721205834207942,3.052056659211716,2.4768013058301803,7.884386240369999,-0.13041403038161142,0.10161658581310903,-0.28123635053634644,-0.072516819196088,0.029920818249229444,0.08012685179710394,-0.09169329968946324,0.12653553788796026,0.3801103709265589,0.019484677485057285,0.07994533108353358,0.2499169111251831,0.0034422544496400015,0.06668276830381323,0.13596537709236145,0.22534079397363319,0.1761744832696038,0.5463807163760066,-0.07009252054350716,0.0828396189894127,-0.26408398151397705,-0.06791678390332632,0.028098065502268604,0.06268218159675598,-0.1413813470197575,0.051956493540526144,0.13264722656458622,0.032607585191726685,0.06520979281395897,0.18404501676559448,-0.025611075971807767,0.026439508849247333,0.03910553455352789,0.21176296978124548,0.11152866515180652,0.3052472276613116,-0.07592799833842687,0.06728533675626201,-0.17364931106567383,0.037531184298651564,0.024268442434564174,0.04632851481437683,0.0006520255867923672,0.10791866122799305,0.3348489589989184,0.02331883566720145,0.05445700453189946,0.1685190200805664,0.11701586842536929,0.06141855477394625,0.14538642764091497,0.05890396343810217,0.11368500891889671,0.32816287875175487,-0.07031543804233603,-0.3348489589989184,0.0008838341240600678,-0.32816287875175487,punch
v_BoxingPunchingBag_g07_c05,159,165,162,6310,6560,6435,250,punch_window,2.188700538470165,0.7498848264417013,3.598761608376208,7.288771076540535,6.901300761856648,17.892853770780373,1.3062419822337805,0.7385080409460233,2.8401752592922613,3.1732097899627063,3.235788125665978,9.428094879827254,0.022305160760879517,0.05331886914682293,0.11646705865859985,-0.1176342165895871,0.011434814496819306,0.018602468073368128,-0.3986763032153249,0.0641202968664429,-0.11235202895477414,-0.1594069983278002,0.06168162813518308,-0.16215747594833374,-0.10785385646990371,0.006726731646946558,0.005357749760150909,-0.10989088605024984,0.23753146247530496,-0.00164397107437253,0.07324268562453133,0.03286091721328208,0.0610310435295105,-0.08994143881968093,0.02946073470548791,-0.07345872372388834,-0.2794003905728459,0.025518031669009796,-0.08289864705875524,-0.12251000319208417,0.036012329659348814,-0.09590911865234375,-0.06701021641492844,0.025427586734940142,-0.05618389695882797,0.03281158541462251,0.10826683174432244,-0.07590360613539804,-0.013435627732958113,0.05056763798314039,0.11635631322860718,0.021903910807200833,0.01052261935266837,0.01404106616973888,-0.28050921697701725,0.05967525276516227,-0.07233413308858866,-0.09039755378450666,0.046544030022657015,-0.12352842092514038,-0.006352973835808898,0.004334147324943307,0.00668942928314209,-0.18964024846042898,0.22903949460831494,0.12662057392299172,0.05816349901808171,0.07233413308858866,-0.06982040790099675,-0.12662057392299172,punch
v_BoxingPunchingBag_g07_c05,200,206,203,7950,8200,8075,250,punch_window,2.755037633107855,2.530956608937385,6.202182383425936,4.531115009667924,4.327658783881389,12.42552402393259,1.53048726079419,1.0754347187405204,3.215604505828429,2.1907192522023275,1.779564019437625,4.9458645019814576,-0.08923495667321342,0.015461367213404185,0.028538987040519714,-0.10360117788825719,0.01284499437069431,-0.03103465586900711,-0.1683409589209727,0.12626431801857674,-0.11812119930982592,-0.09666112491062709,0.03990511226207431,-0.060073450207710266,-0.09070678587470737,0.013388195079153781,-0.031576998531818334,0.1745163407176733,0.17441000258690867,0.04881398379802696,-0.023172523294176375,0.031168498664775102,0.020033225417137146,-0.046498046389647905,0.00935956714933808,-0.023706175386905615,-0.20031786151230332,0.058186026461076894,-0.08555374294519424,-0.06427680594580513,0.0428560628046263,-0.024327769875526428,-0.04139417303459986,0.032416078037163024,-0.08230484277009964,0.2369888150798423,0.07326303651293362,-0.011609606444835663,-0.09979810885020665,0.010635638173889942,0.012107133865356445,0.0381422426019396,0.015247313165314262,-0.03987565636634827,-0.04813836674605101,0.11960582100797981,-0.08808268606662756,-0.0719688790185111,0.022837103390194513,-0.039108335971832275,0.03231884752001083,0.010889796341684112,-0.02008599042892445,-0.01312963132347377,0.1757922361636935,0.0940145775675773,0.051046261440406554,0.08808268606662756,-0.05207541539556046,-0.0940145775675773,punch
v_BoxingPunchingBag_g07_c05,206,212,209,8190,8440,8315,250,punch_window,3.458177932033907,2.0102412610182676,6.8248342080255044,4.250654051585655,2.32059255049999,8.579049964760413,2.5643266653130437,1.8048289459838478,5.6635037215893185,2.532691444089722,1.1879525476566934,3.8194167229648994,-0.14133132781301225,0.08860778737188177,-0.17177081108093267,-0.08155788268361776,0.017206724525476697,0.03433284908533096,-0.22642036846705843,0.07256860111504516,0.240056212991476,-0.06030563797269549,0.09427593718815025,0.22902598977088928,-0.0397745796612331,0.04105995249925868,0.13126305490732193,0.13236708247235843,0.1382848457892001,0.15752375498414042,-0.054477427686963766,0.07811915423468457,-0.15549293160438538,-0.07277916584696091,0.009303722804899332,-0.022178135812282618,-0.21883367401148587,0.04916606225240309,0.17046907357871532,-0.03521477324622018,0.08313723065542022,0.1763407289981842,-0.055853141205651435,0.029477692701761406,0.06022039800882334,0.17485957273415154,0.046529038554654116,0.05452075228095052,-0.12032872864178248,0.041718831562278125,-0.05898717045784002,0.04758805036544799,0.019574764995000136,0.002115368843078669,-0.10577875482184544,0.04876590304925112,0.11358805745840077,-0.03673476832253592,0.0594296447415496,0.15771037340164185,0.07176346864019122,0.03575663978028826,0.10994991660118097,-0.012866515666246399,0.13949914130000074,0.08411005884408948,-0.03719584835699477,-0.11358805745840077,0.010896088225622547,-0.08411005884408948,punch
v_BoxingPunchingBag_g07_c05,212,218,215,8430,8680,8555,250,punch_window,3.909206822412741,2.3902861430491935,8.445556987715452,5.044955198972215,3.322574033922514,11.368939625529146,3.122450930857149,1.6550776323892347,6.310040638605277,2.869715351012967,1.7752505465330748,5.714192587752161,-0.1670245783669608,0.07948410114141852,0.06582154333591467,-0.08366240561008456,0.007671424285468684,0.006952226161956843,-0.08217748573848183,0.13322568487399872,0.17791741713881493,0.022283490215029036,0.06029587350536389,-0.014821305871009827,-0.014721578785351352,0.03746111145786833,0.01425972580909729,0.22558508387633733,0.1458153805284059,0.06617758795619011,-0.10225465042250496,0.06244898729246432,0.029619023203849792,-0.07546574090208329,0.01872287936419638,0.039678692817688044,-0.12413489312997882,0.08824744807918698,0.11251519806683061,0.03372572575296674,0.06396405641016396,0.00755135715007782,-0.030337110161781335,0.016770890326810287,0.03792384266853338,0.22135949773447855,0.04772236755820266,0.004520814865827616,-0.11463673199926104,0.05689995020069334,0.04789921641349798,0.027344013963426877,0.00718456460833912,0.005194097757339533,-0.029898377401488187,0.10188336228173483,0.1473188400268554,0.009912252426147461,0.03450150189654534,-0.032280683517456055,0.09393468073436193,0.03638723816381399,0.02173900604248047,0.04725665066923414,0.14145886075820557,0.1063116192817688,-0.03538150550847988,-0.1473188400268554,0.05454751845782055,-0.1063116192817688,punch
v_BoxingPunchingBag_g07_c05,218,224,221,8670,8920,8795,250,punch_window,5.347762756478743,3.08952516065841,10.431310801266974,3.3375780493616722,1.9771201895813586,5.653758652315115,3.921661885462782,2.9857807366869293,9.43420113904384,2.5607670210846423,1.4764170969908643,4.736219804020754,-0.07363099498408181,0.061149043449870565,0.11453144252300262,-0.00824784700359617,0.07590062161949722,0.11331718415021896,-0.12001665202634675,0.12895273170338667,-0.13030751235783095,-0.03903510527951377,0.059974025773083854,-0.049854591488838196,0.015574486127921514,0.04779053895182683,0.05026077479124069,0.21322212873825006,0.04770331439147971,-0.07051408477127552,-0.030078315309115818,0.043301004037995285,0.0878584235906601,-0.03778336622885296,0.027091734109081018,0.020063959062099457,-0.15197653757474786,0.11013939936539933,-0.07118445821106444,-0.009383804031780787,0.04576024396284964,-0.06270720064640045,-0.01379509376628059,0.031511019341082254,0.023878030478954315,0.22406542381005629,0.014367060080032875,0.008051512762904167,-0.05480491263525827,0.05179340034430404,0.07277184724807739,0.1084302536078862,0.0758291150964036,0.13562285900115967,-0.039393893576094074,0.055059539947086844,-0.1105890870094298,-0.025226312024252757,0.04206274492558952,-0.0038183927536010742,0.11893750088555476,0.0451854764685725,0.019981592893600464,0.02974435580628258,0.04070130936016016,-0.11643552780151367,0.038969214327052165,0.1105890870094298,-0.022038072681612786,0.11643552780151367,punch
v_BoxingPunchingBag_g07_c05,281,287,284,11190,11440,11315,250,punch_window,2.372397782002842,1.4752787144456139,5.068783063692698,2.9625542070458546,1.7407858097841789,6.40537192880069,1.4911631467683086,1.0244022923737244,3.081997043119115,2.025807228902647,1.5426177701271058,5.358968321582338,-0.0007376223802566528,0.05008020553248506,0.13495643436908722,-0.10672228676932198,0.013957297953699639,-0.04601939022541052,-0.362064334630434,0.13070360254982233,-0.38821590505540376,-0.12862241906779154,0.05563688486309662,-0.10785101354122162,-0.10444042938096186,0.021100808928370303,-0.011097773909568842,-0.09307658439502117,0.0656584004758561,-0.10255804471671578,0.07663797693593162,0.04219651133880034,0.12147296965122223,-0.0787205185209002,0.026886628657639838,-0.07296113669872278,-0.2388595860850598,0.050688342935384975,-0.13943666778504846,-0.10021150750773293,0.029375933509735802,-0.07472793757915497,-0.05113128253391814,0.024020515934022484,-0.04368831217288971,0.044686204421200866,0.053121417234634496,-0.1736018862575292,-0.03458785159247262,0.044153821155816106,0.109588623046875,0.029444924422672825,0.015958858978311063,-0.05507209897041332,-0.2697391012417419,0.11291573982055905,-0.3481253385543824,-0.07459198577063424,0.05047060338434123,-0.07039213180541992,0.0007227616650717599,0.021430304344756696,-0.01750129461288452,-0.1936743830197623,0.08171026692171786,0.11408866196870801,0.2914804548093912,0.3481253385543824,-0.06652203794367079,-0.11408866196870801,punch
v_BoxingPunchingBag_g07_c05,287,293,290,11430,11680,11555,250,punch_window,4.058070433481458,4.19229269682058,13.252756562557172,3.315279367991028,3.7761616052105538,11.547625807502296,2.7836508930618273,2.1776946481072086,6.546444491210572,2.381586201418871,2.7580959528879667,8.236190349073228,-0.11935399685587202,0.08169832775682463,-0.141935795545578,-0.06723714619874957,0.06157189166038668,0.18047411739826208,-0.1712269527987311,0.17622279132761604,0.5345283914357425,-0.06064129301479885,0.06399756398221229,0.18827250599861145,-0.005128876439162687,0.05939659512185016,0.18826906383037573,0.14058054533753808,0.13938135068572954,0.3997168261557817,-0.049450452838625224,0.0716344313950003,-0.1758793294429779,-0.06370452365704947,0.031440194034262695,0.09457819163799286,-0.18990580016647332,0.0741040866488747,0.1870112139731646,-0.027943870850971768,0.048798580813078994,0.146887868642807,-0.034310663385050656,0.034181738747320965,0.08292360603809357,0.17546971331051148,0.09888765209795758,0.3013325650244951,-0.09633747168949672,0.06230425592435127,-0.058860182762145996,0.05402807678495134,0.06228953058482971,0.17368811368942272,-0.06181368414711739,0.16365871271541998,0.5298869758844377,-0.0470816833632333,0.04178640393483342,0.12274384498596191,0.1071375480719975,0.05910823953126327,0.19471970200538635,0.027382286531584584,0.09543192850477375,0.1853823512792587,-0.22960454019264928,-0.5298869758844377,-0.004647829829244554,-0.1853823512792587,punch
v_BoxingPunchingBag_g07_c05,290,296,293,11550,11800,11675,250,punch_window,3.0071133664772045,1.6321772178479552,5.986972624905679,2.818038214767571,1.2294427416246296,4.76751661992646,1.8166776074651036,1.1880413893416697,3.5413766334220456,1.8292254997624653,0.931024084759667,2.994511065154882,-0.1254101480756487,0.0310040169120999,0.0511091947555542,-0.06532878428697589,0.060060269920642444,-0.017176598310470526,-0.13193212314009925,0.07959822215022955,-0.0276985109667294,-0.06941125222614833,0.0537971138476929,-0.023749828338623047,-0.0016279507960592393,0.05244618721253001,-0.0431557297706604,0.15914606791089417,0.07220533821298221,-0.08449553855462,-0.054381183215550015,0.023080624134876222,0.026534616947174072,-0.06442331735576906,0.03552789519454969,0.00431182980537409,-0.16330883004203703,0.03936844169717779,-0.0041043103556148985,-0.03555142027991159,0.04210617799817656,0.00800466537475586,-0.02277463142360962,0.026974383068295974,0.008526533842086792,0.19386948654261818,0.04701480146417799,-0.07050282665295529,-0.09725768225533622,0.033725166701490714,0.05327343940734863,0.05503257683345248,0.06170484362701278,-0.024721205234527588,-0.02987490697497765,0.0831379532453284,-0.025858933804556797,-0.052213694368089945,0.04051412507898083,-0.011865973472595215,0.10890210526330131,0.05212060170638642,-0.044105798006057684,0.008847954549959727,0.05153323384420741,-0.036407709121704115,-0.029740475097909502,0.025858933804556797,-0.0185898886531827,0.036407709121704115,punch
v_BoxingPunchingBag_g07_c05,299,305,302,11910,12160,12035,250,punch_window,2.34634896207798,1.2848626098264664,4.120651098964994,3.7324145137886227,0.7268875699134327,4.69811638027224,2.256124966078685,1.6922615166313866,4.575373401300121,3.3679959504160384,1.363927915463503,5.152518584077793,-0.14185913801193237,0.03405200234800024,-0.02713373303413391,-0.0698507681488991,0.0477263333407696,0.08910511434078211,-0.22886026408523316,0.07292083087139481,0.14244177937507624,-0.05382921099662781,0.06312972886838848,0.14318695664405823,0.0071738645434379356,0.0331868878739283,0.07778875529766088,0.128938221745193,0.11932322458253689,0.15314195118844515,-0.061344844102859494,0.033233585291939,-0.050253719091415405,-0.058577562868595154,0.024193583301191278,0.035882517695426996,-0.25595799889415505,0.03503132698988141,0.048077672719955444,-0.02709187865257263,0.04771494574360764,0.10272523760795593,-0.028210760653018984,0.01393448423406976,-0.0007515698671340942,0.190143677778542,0.05933726465776433,0.018567681312561063,-0.12020373940467835,0.022331415370837566,0.006951808929443359,0.04105755090713502,0.03451401211792724,0.06700572371482838,-0.048464089632034316,0.09441997337318754,0.192838728427887,-0.034112954139709474,0.047374534336032295,0.1112813949584961,0.11159778833389282,0.03559069607164079,0.08899214863777172,-0.0035348135977983086,0.10734464230898262,0.1896358784288168,-0.03498946275925305,-0.192838728427887,0.0348113154049953,-0.1896358784288168,punch
v_BoxingPunchingBag_g07_c07,10,16,13,350,600,475,250,punch_window,1.3251691658215774,0.6584212570417483,2.2651116883737314,4.315972452227995,1.6388617612712912,6.537048546428678,1.3338551670465086,0.6589329389379899,2.3689748970763578,3.1675463853209744,1.8667397258928813,6.25500393221758,-0.010762721300125122,0.007730826512464235,0.01234385371208191,-0.14701977159295768,0.007619510504479887,0.00800859928131098,-0.4477366867525104,0.039517287901120614,-0.11898204265162349,-0.19476168070520675,0.052208588038622106,-0.12267103791236877,-0.11071571069104333,0.01718310504522717,0.0007849335670471191,-0.16158731666759454,0.12167327722587234,0.12988515803590414,0.07127416559628078,0.020342198409682093,0.02681604027748108,-0.09634959484849662,0.017126420276840297,-0.03955522179603571,-0.2816625214763917,0.03548070601104371,-0.053196396213024855,-0.14127466082572937,0.018024015322688304,-0.04828706383705139,-0.07661775393145429,0.0074382481565960935,-0.01575577259063715,-0.01892220134946651,0.09535126975417715,0.024800461251288625,-0.05502344880785261,0.0076366947649876326,0.010221123695373535,-0.004839203187397572,0.0084209106541046,0.014828860759735052,-0.35022565722465515,0.03524343816663086,-0.09271778166294103,-0.12072964225496564,0.04272509912470121,-0.09686905145645142,-0.0035324437277657566,0.017476269728084488,0.006518900394439697,-0.215781208892752,0.11057401135404502,0.1996157579123973,0.08976997374710771,0.09271778166294103,-0.08931347142911902,-0.1996157579123973,punch
v_BoxingPunchingBag_g07_c07,35,41,38,1350,1600,1475,250,punch_window,3.1695430645664504,1.4522902363456776,5.107215384498049,2.9041485333520947,1.7288805000115788,5.778116225309604,1.8789819340772687,1.0161853753562466,2.943542089737541,2.446090121326036,1.2538441818053143,3.865577039493426,-0.1475666697536196,0.05225227319022161,-0.11936651170253759,-0.04918889807803293,0.030084081067306374,-0.095697320997715,-0.030310846274785173,0.10508406694493189,-0.32471044920384873,-0.04824608777250562,0.050614001553977384,0.11911197006702423,-0.020400808325835646,0.039543561255014174,-0.09784374386072164,0.31328785141730414,0.07758734949159674,-0.0023075994104145847,-0.08416136886392321,0.038787316999661314,-0.0671454519033432,-0.05040392598935539,0.022341319461344208,-0.07774985581636434,-0.0925288429383987,0.06376687288119243,-0.17473241500556458,-0.01558426661150796,0.03897777906050477,0.07104088366031647,-0.020500152238777707,0.02754840491369153,-0.06936822086572647,0.28049034879742457,0.042246973172828405,-0.010580902919173185,-0.10994823489870344,0.043657991665247635,-0.10893595218658453,0.0676426419189998,0.03167675181698906,-0.08529606461524963,0.02392778303640497,0.098593322088741,-0.3170966058969496,-0.03921383619308472,0.037280956083630995,0.0964885950088501,0.08090439864567348,0.03828742761696665,-0.10205155611038214,0.10878899906362806,0.08784504294229209,-0.002876296639442333,-0.031798128274276805,0.3170966058969496,-0.02833813774306998,0.002876296639442333,punch
v_BoxingPunchingBag_g07_c07,40,46,43,1550,1800,1675,250,punch_window,3.500219818909999,1.2344156012762248,5.107215384498049,4.646989713627913,2.697489956458158,8.318299653017757,2.739917724854152,0.9035356679730377,3.498707042821666,3.2605119799252598,1.652377700003541,4.981401169745643,-0.13418338767119817,0.08114068807303268,0.08881054818630219,-0.09038285166025165,0.024915732541324367,-0.055773794651031494,-0.17631131927815394,0.06394784183990619,-0.12026445113588113,-0.06077432419572558,0.0864126216452403,-0.052018120884895325,-0.054368724780423316,0.04481229043387732,-0.0399441123008728,0.20520132728519716,0.10891006392332658,-0.14240075473207986,-0.06098644009658268,0.06602040325488102,0.07053427398204803,-0.08228801297289988,0.012895863657998078,-0.0318736732006073,-0.20486862583285465,0.042469366356727066,-0.10487048153299833,-0.02137620747089386,0.06702229019088811,-0.028150394558906555,-0.04611652557338989,0.032503332341847706,-0.03438588976860052,0.2310273322842217,0.04296793252392772,-0.07811069313902413,-0.11103606224060059,0.05131944892004517,0.06277161836624146,0.02477802974837164,0.027778665595391636,-0.05035907030105591,-0.05933840073911204,0.0482264983786631,-0.022539672907441896,-0.054200436387743266,0.0643180888194723,-0.02784883975982666,0.05197767274720329,0.04035958521538254,-0.05155742168426514,0.036180885774748664,0.10450003278613267,-0.06965462863445279,-0.07572215416576866,0.022539672907441896,-0.04281870001764049,0.06965462863445279,punch
v_BoxingPunchingBag_g07_c07,58,64,61,2270,2520,2395,250,punch_window,1.710732594973203,1.4790972959461421,4.525828413769797,1.9954377764744393,1.3977117411519577,4.34606168316075,1.1736337348450963,1.027738223121437,3.2474692317061855,1.4625761726255095,0.7151187770614301,2.275120573502027,0.039275827152388434,0.04097976436026209,0.06320929527282715,-0.1326329207846097,0.013059908803005912,0.03749557584524155,-0.38057567157583044,0.09045453839661802,0.18466356862336397,-0.16675829674516404,0.05802843603071418,-0.11221635341644287,-0.10425732071910586,0.005148481095851254,-0.013989843428134918,-0.1709325002739206,0.09276375525169145,0.11323454696685076,0.08966319262981415,0.0240837292746916,0.03529083728790283,-0.10618744684117185,0.004345380321516112,0.0001403018832206726,-0.23318398402937285,0.06621348388249301,0.148557354696095,-0.13354207575321198,0.018443161498053768,-0.04041731357574463,-0.08465585644756048,0.014758749502980692,-0.03639552742242813,-0.015479651313009003,0.051913809707370986,0.018572494271211375,-0.001679905823298863,0.03875382173344492,0.05942302942276001,0.0009428901331765152,0.00934220759905969,0.022873550653457697,-0.2949069190238203,0.07115511604228204,0.12737993150949478,-0.10032860721860613,0.054571682194489164,-0.10323941707611084,-0.005695402622222885,0.00419332164356246,-0.009838283061981201,-0.21003907619576365,0.11324630230157556,0.18796799331903463,-0.13161171889932685,-0.12737993150949478,-0.1108539796767378,-0.18796799331903463,punch
v_BoxingPunchingBag_g07_c07,65,71,68,2550,2800,2675,250,punch_window,2.0633041486511767,1.1953706272272164,4.252858533382735,4.280338711979832,2.126103411585873,7.65559545580782,2.3445089630271574,0.9513889505532934,3.3848398648536193,2.716048728830914,1.0845851841420624,4.714094737297869,-0.15267893033368246,0.05529069058775018,-0.18454961478710175,-0.06844619980880196,0.012137094314999894,0.034493826329708155,-0.01301515128995693,0.043018290629841575,-0.05481889564543958,0.02129795934472765,0.08389626132705179,0.2120664268732071,-0.03456752853734155,0.05196218341022164,0.16814129799604416,0.32862640518162933,0.09120132067196393,0.18406351003795857,-0.09813711260046278,0.03667641602436673,-0.11409126222133636,-0.07110226367201126,0.015875922267008152,-0.01762969046831131,-0.12221844055290733,0.06063616003644636,-0.1586168948560953,0.046641607369695394,0.0465975559115929,0.12110789120197296,-0.051504490630967285,0.019149134818323327,0.046565912663936615,0.2616624792239496,0.05455111370822933,0.1611966351047157,-0.09561233009610857,0.038706942796994014,-0.1287791132926941,0.03752151983124869,0.01074809748881885,0.025421977043151855,0.07599290620003425,0.055778256974691874,0.07506562583148481,0.008495969431740897,0.07714888520683068,0.18105250597000122,0.08341503143310548,0.05332084044523399,0.17854756116867065,0.1515842569725854,0.0734812680404673,0.08794878423213956,0.14000337195069817,-0.07506562583148481,0.10067631835171506,-0.08794878423213956,punch
v_BoxingPunchingBag_g07_c07,103,109,106,4070,4320,4195,250,punch_window,1.4278717376421113,0.8715928122607891,2.720172703713699,3.7437368402966373,3.0253016524209553,9.56638250245727,1.0488595659176634,0.3783055584226423,1.5972177856287648,2.3864936995950283,1.6894080328255292,5.451005172612679,-0.024324325578553335,0.040071587217848086,0.08711162209510803,-0.1056392501507487,0.025455005930770415,0.03733024001121521,-0.2133482425249115,0.06738692212667827,0.2022374072112143,-0.1501068494149617,0.06653547174402696,-0.16347149014472961,-0.07775506909404485,0.029673202144381808,-0.0033426284790039062,0.0009612465634875571,0.1260196425211938,0.06036234134808184,0.0483566927058356,0.01772374351945837,0.04784092307090759,-0.0761161925537246,0.03254803777758058,-0.09276551008224487,-0.16075748225557615,0.06037122564446342,0.16850642347708344,-0.11343196673052651,0.03546037216783063,-0.08776262402534485,-0.030620635620185317,0.013973447513833212,-0.0358070433139801,0.11332411973853593,0.07752638612143666,-0.04409377905540167,-0.045313434941428046,0.04456902812173089,0.10026264190673839,0.03932699986866541,0.03003986211353697,0.06141257286071783,-0.14713078100300794,0.05300308358345837,0.16188551485538477,-0.08367631265095302,0.05213522388197243,-0.11613857746124268,0.018122690064566477,0.02923670060274318,-0.023408383131027166,-0.1290421802550554,0.11106334424441125,0.1798960361629724,-0.1337229065835165,-0.16188551485538477,-0.09821458079036419,-0.1798960361629724,punch
v_BoxingPunchingBag_g07_c07,136,142,139,5390,5640,5515,250,punch_window,1.2769150270496732,0.5561760599172706,2.114523734103315,2.136511260683459,1.2617091677087977,4.869638806286189,1.1176401667510423,0.4082575725905901,1.7474400566536044,1.2626135302347972,0.6925325945673447,2.7196967202224727,-0.10275727936199733,0.019458270050941775,0.06344892084598541,-0.1082853791969163,0.027808709172292282,0.08720933645963669,-0.23684849457017013,0.031253551449281713,-0.06322385743260384,-0.12292926226343427,0.019093513049495883,0.006097152829170227,-0.1157089929495539,0.03356514853767763,0.0931384488940239,0.024134801858703446,0.05880712927730435,-0.06500580982537935,-0.009708928210394723,0.02191598076649152,0.0613870769739151,-0.05819906400782722,0.01328798311303672,0.046728722751140594,-0.23329786929701055,0.019163704067930283,-0.03594163432717323,-0.09702623316219874,0.006454079031036523,-0.00031225383281707764,-0.03873156543288914,0.012223086223777189,0.025464080274105128,0.18180295000118862,0.045611523985281704,-0.07826251164078718,-0.11966036898749215,0.025023889213696783,0.08356332778930664,0.04860771128109524,0.025572712292968737,0.07095497846603388,-0.11570012675864359,0.03816034743364234,-0.04688082635402682,-0.07459895951407296,0.021368207747376713,0.03736448287963867,0.007654522146497462,0.027294268304866715,0.07021459937095637,-0.1729756065261816,0.04205409950679092,-0.0033066094038076144,0.002727660353952749,0.04688082635402682,-0.005592932263980582,0.0033066094038076144,punch
v_BoxingPunchingBag_g07_c07,149,155,152,5910,6160,6035,250,punch_window,3.4415977976777654,3.423136959657608,10.956212330538298,4.029660169479793,4.419432858955752,13.742966387857338,2.9616126804924114,2.312202590337275,7.98395123831839,2.8903334545651407,2.1957434508228704,7.567614201917476,-0.14060805312224797,0.09665107201975584,-0.14540836215019226,-0.07833231240510943,0.020406228690305155,0.067595474421978,-0.10359550254153353,0.1515032696673061,0.3254285752773285,-0.06276621775967735,0.06698255449865752,0.12476775050163269,0.0011768905179841019,0.050465063632987306,0.11375587433576584,0.22178137635013886,0.20052881237871756,0.3176513053476811,-0.07949871463435036,0.08770227415228778,-0.14892783761024475,-0.06696467633758273,0.011417303806468444,-0.010119177401065826,-0.1265763873234391,0.09139558076062702,0.22829201817512518,-0.014419153332710266,0.06736580289131776,0.14165744185447693,-0.031537199659006955,0.03299485885742394,0.09202321618795395,0.21223323592650037,0.09524676463335471,0.15794169902801522,-0.10682101760591779,0.05779175932668152,-0.0647614598274231,0.05195013965879169,0.010892578562950408,0.03196701407432556,-0.04804377311042381,0.10403888945651099,0.15626541525125504,-0.06463122367858887,0.029688308499412442,0.03855246305465698,0.11077759947095599,0.03777913518388413,0.07099610567092896,0.05535211520535611,0.16172089878567733,0.17092469707131397,-0.01695743316835141,-0.15626541525125504,0.01303761682706947,-0.17092469707131397,punch
v_BoxingPunchingBag_g07_c07,210,216,213,8350,8600,8475,250,punch_window,2.0002959422754816,1.3025959721800524,3.6678463074306644,4.504420615585894,3.7774242266185754,11.515105392738496,1.0972981948291698,0.4080983075220818,1.8134173239945646,2.074187194325362,1.6079086238405043,4.7318121630165795,-0.03908391296863556,0.07454941039850246,0.15530529618263245,-0.1339504963585309,0.006989434779054706,0.0009824633598327082,-0.27961826151502983,0.06083235559319057,-0.18109716288745398,-0.13624220873628343,0.05693455375089736,-0.1398874819278717,-0.11826117443186898,0.015605358781676862,0.03643044829368591,-0.023983658291399486,0.1664221780166649,0.07151680253446109,0.03192568038191114,0.03362047826286113,0.0827963650226593,-0.08969371552978245,0.026609705255590435,-0.04927447438240051,-0.2375869307933109,0.021720114984640472,-0.050988418981432915,-0.09995549704347338,0.03291735199471071,-0.08430764079093933,-0.043545044958591475,0.018657718004741405,-0.03626647591590887,0.09289892616548702,0.06618956505041483,-0.0031111817806959152,-0.05630712849753244,0.07607124246566031,0.1562037467956543,0.01339716144970486,0.009778622485571344,-0.013796359300613403,-0.17768426505582674,0.05742762633624109,-0.16205846518278116,-0.07329377957752772,0.04792230169507152,-0.11256873607635498,-0.0153144598007202,0.0126917895636103,0.026710927486419678,-0.15433464039649272,0.1762710322284845,0.13982538506388678,0.11061783269993156,0.16205846518278116,-0.06447102044615721,-0.13982538506388678,punch
v_BoxingPunchingBag_g07_c07,220,226,223,8750,9000,8875,250,punch_window,0.8033476806581968,0.7684306438954234,2.4405003462184576,2.8541795719420633,1.4047395568657013,5.630365509575825,0.5408285447788835,0.2237820835267085,0.9195378513073085,1.4217840623570315,0.9892940684428961,3.503549219116309,-0.013349654419081551,0.05443652081423001,0.10418355464935303,-0.10439811114753997,0.014027210716006105,0.025255389511585236,-0.31529180905116455,0.01237869553633578,-0.03440802730619913,-0.11242277494498662,0.04921876739918802,-0.10778588056564331,-0.056024910083838905,0.041154472857683644,-0.08081924170255655,0.029538865999451703,0.08604926412359747,-0.1871171724051236,0.04302373741354261,0.014951843927245254,0.029771268367767334,-0.07010189230952947,0.006197762615427311,0.008456654846668243,-0.24761272953557115,0.024934524823547143,0.04342249594628808,-0.08715731118406568,0.022900027581881702,-0.05788010358810425,-0.04549560908760346,0.0323572484243028,-0.062328033149242346,0.12032275021608385,0.05758538501995503,-0.1141380537301302,-0.03643221514565604,0.04581736040639955,0.08206939697265625,0.03389187795775278,0.011003860583841037,0.014717608690261785,-0.20113248697349007,0.023248824661559756,-0.06727069616317749,-0.055287020547049384,0.045251421879205264,-0.10555076599121094,0.050137481519154134,0.038349508415278614,-0.07841241359710688,-0.08630466700664587,0.0726747037904052,-0.121681373566389,0.05714865563018212,0.06727069616317749,0.07720794626300749,0.121681373566389,punch
v_BoxingPunchingBag_g07_c07,227,233,230,9030,9280,9155,250,punch_window,1.4754410381121967,1.2765968114894006,3.5104704645665894,2.7251521921705844,2.161077399549061,6.234125190101081,0.9371824874383381,0.8891003385308744,2.4721742478878808,2.2583872368201643,2.353964801267003,7.302497674402228,-0.18738289603165217,0.05012949028165408,-0.09754389524459839,-0.058838127979210474,0.005680967078113988,0.008571147918701116,-0.06002106188264277,0.07546981065483342,-0.10142571385949846,0.012202592832701547,0.045706529840312926,-0.041497111320495605,0.003869696387222827,0.0715586955698284,0.17055156826972961,0.29641438737910775,0.1166546419398397,0.292521215043962,-0.1262174951178687,0.020198875559638525,-0.02864319086074829,-0.06311442064387461,0.015231771121856303,-0.036899179220199585,-0.1300631630167897,0.047756443897090814,-0.06151639018207785,0.04808980865137918,0.029101043548328383,-0.030128180980682373,-0.04389637176479615,0.04426534244146853,0.10574513673782354,0.24677700645822495,0.11259709902728982,0.27684779698029166,-0.11673521995544435,0.05167345270561795,-0.10592174530029297,0.04211878776550292,0.010213952031272669,0.015053004026412853,0.031071281326668584,0.07210818238645074,-0.1263382378965616,-0.008605965546199254,0.04100719634037678,-0.02796769142150879,0.12586823105812073,0.060951662478983856,0.14601469039916998,0.12145970455769979,0.043459571981853594,0.042082790285348975,-0.010998649434668134,0.1263382378965616,0.11874174055847878,-0.042082790285348975,punch
v_BoxingPunchingBag_g01_c03,26,32,29,1000,1250,1125,250,sampled_no_punch,1.1263636558429992,0.49710435543984394,1.7422556135633291,0.7912239182502967,0.2243148023430928,1.1642328367797075,0.833361656476837,0.413453999355796,1.4885051937175156,0.6865269386941697,0.19025528991862173,1.0191082247109673,-0.09128869644233159,0.012488474204904676,0.009974822402000427,-0.06912341288157874,0.0083974143461048,-0.009141974151134435,0.0408408654870332,0.03172465151932361,0.07414802908897405,-0.004910922476223537,0.007036629866601586,0.018539413809776306,-0.03032947438103815,0.01309538965308524,0.03553921729326248,0.3154609759221784,0.03374521785752571,0.044916233047843035,-0.07699222436973027,0.011120761306874487,-0.005220368504524231,-0.03422089985438759,0.004932364176389844,-0.006024889647960663,-0.05179393259459172,0.02379781266274459,0.029305983334779746,0.03696733500276293,0.005686735669037249,0.011908575892448425,-0.02601911340441024,0.008013949868693018,0.02367229014635086,0.1978615950543566,0.02542809030772704,0.017674317583441762,-0.047509968280792236,0.011149062399239172,0.01701456308364868,0.03073353852544512,0.008842600421334376,-0.008991688489913885,0.09305193797419105,0.03448834306473108,0.07714712806046012,-0.041147444929395406,0.007910521153076765,0.0225713849067688,0.07380470633506775,0.011184784047398418,0.031936883926391546,0.21779964438506536,0.028739959305267095,0.047212228178977994,0.05682518644574555,-0.07714712806046012,0.0501413411696926,-0.047212228178977994,no_punch
v_BoxingPunchingBag_g01_c07,120,126,123,4750,5000,4875,250,sampled_no_punch,1.6200780954748175,1.0345305945446384,3.6324646248051087,2.2664245669721828,1.4222144366256273,4.619905275676588,0.7565645210686395,0.5472689395942985,1.8977396134595057,1.031924709948582,0.55765172125392,1.641412489913537,-0.0350275593144553,0.008479522257778935,0.0005585551261901855,-0.04183679606233326,0.014498538422248885,0.009370394051075037,-0.2820361075656755,0.05909640396900828,-0.011631656438112314,-0.017364157097680227,0.012242869867835543,-0.03381723165512085,-0.03683001867362435,0.0064592446556254405,-0.003019236028194483,0.29389809604202,0.08669766487809795,-0.14840348437428486,-0.011186050517218453,0.0058040948092483256,0.00443577766418457,-0.017344881381307346,0.00840619658186408,-2.189725637435913e-05,-0.25443376920052935,0.029090729418562535,-0.017792079597711646,0.0036439853055136545,0.014259089876843874,-0.0404430627822876,-0.022430519972528755,0.00865875475529275,-0.0033333823084831238,0.226581902376243,0.034941286256332936,-0.05116148665547374,-0.030361030782972063,0.007249075421347976,-0.010641157627105713,0.046177140304020495,0.013594987339883959,0.011658161878585871,-0.15312783526522775,0.06104284394622715,0.0004907101392745417,-0.02586428608213152,0.006981495133650905,-0.01275932788848877,0.04845193028450011,0.0065738235467718,-0.004003554582595881,0.18096515216997694,0.08926866845636272,-0.1594407930970193,0.007973993574336383,-0.0004907101392745417,-0.14612336520044597,0.1594407930970193,no_punch
v_BoxingPunchingBag_g02_c04,1,7,4,0,250,125,250,sampled_no_punch,2.048936647359729,1.5315534899249186,5.008401354901593,1.385771766682634,1.0623102637154682,3.6767525266954038,1.9044517848937124,0.9108830127247276,3.519282736894417,0.9411102714341806,0.4403891906715088,1.6419894137483066,0.1771378107368946,0.04883202370521689,0.07229836657643318,-0.1614948883652687,0.03279174262765449,-0.09894142299890518,-0.5123300960279137,0.08434862122888993,0.1712811642501038,-0.06955556624702046,0.05095256442552889,0.11889595165848732,-0.04316673853567669,0.05265600257952174,-0.1076006069779396,-0.5288112656604166,0.02825545319998001,-0.0691200739529449,0.1893527821770736,0.012915073731307007,0.02104677632451063,-0.06948024779558182,0.025900503726244375,0.04190816730260849,-0.15465214098055316,0.100712846559187,0.25562989406171244,-0.13741063273378784,0.019982207550764356,0.04603444412350649,0.03241785189935139,0.0025210332671809247,-0.003979183733463287,-0.26169961086790344,0.04999968717002521,-0.12610962454345997,0.09963855147361755,0.04000008707094866,0.04669329524040228,0.040884311710085185,0.028005457915946223,-0.08257105946540827,-0.5264251322618553,0.04577373579106355,-0.11722771823406208,0.03506812666143691,0.04554562120546888,0.09837114810943601,0.12388159973280774,0.0385450356805043,-0.06372213363647461,-0.4424117883401258,0.024914224610377213,-0.03743650019168854,0.112731744081779,0.11722771823406208,0.03577215080478896,0.03743650019168854,no_punch
v_BoxingPunchingBag_g02_c04,114,119,117,4500,4750,4625,250,sampled_no_punch,2.9950268041749792,1.5028465605596957,4.711498029369067,2.021254301405837,1.0298236830822531,3.5513856749280603,1.5923274026894172,1.3805356116098524,4.044010305978355,1.1493522950615065,0.23587611751849097,1.5455763138541132,0.10471371312936147,0.03189364977207802,0.033497102558612823,-0.0637685221930345,0.082923530693439,-0.20699649304151535,-0.46305964778730413,0.16133918934289226,-0.42879329615971074,-0.15776143471399945,0.011086468170564462,-0.02413081377744669,0.035331436743338905,0.019249732298517425,0.03549803048372269,-0.210673641571096,0.10201266957319409,0.1840387136326172,0.12345830102761586,0.009508489708098651,0.025461383163928986,-0.015598179151614508,0.01695269713419907,-0.034824125468730927,-0.1838201515711262,0.08802847555681013,-0.23863053688546643,-0.12558019161224368,0.003202335162442618,-0.009052924811840057,-0.0316405805448691,0.001828339169701383,0.00033987313508987427,-0.0058347634840174465,0.050048897741944195,0.08117705729091547,0.02673596143722533,0.03218770351887217,0.03317040205001831,0.10003234446048737,0.08147281108609715,-0.20444452762603754,-0.3837380496164163,0.15391522357048373,-0.4196908697485924,-0.07805096606413522,0.009633727333404665,-0.021127969026565496,0.21375058591365817,0.018175613544261216,0.030789166688919123,-0.20240493522336087,0.10015842748482849,0.17609547637403017,0.3205487243391557,0.4196908697485924,-0.1091753864376559,-0.17609547637403017,no_punch
v_BoxingPunchingBag_g02_c04,176,182,179,7000,7250,7125,250,sampled_no_punch,2.8957964962206284,1.8411385316430997,6.531458655414098,3.774593373352778,2.453450876181268,8.475369371820328,1.0737832636515392,0.4665048845442354,1.5958046452080883,1.955461543357105,1.4679507994526004,4.859506745409702,0.10454014262982778,0.060383703224374814,-0.1325770914554596,-0.09477938073022026,0.07089486203163425,0.12685374915599823,-0.49658436946421197,0.13358493530760257,0.16798364228452556,-0.1670975142291614,0.008944802944775431,0.016924917697906494,-0.007397238697324481,0.023613966542322937,0.03763161599636078,-0.3205646625678388,0.1147471644642313,0.10038130587781774,0.1496433817914554,0.02070113754758309,-0.045831114053726196,-0.03576682720865522,0.02404551730089435,0.056353434920310974,-0.2081342603570582,0.034034037205502785,0.01721245652879594,-0.13579136239630837,0.005099997783889777,0.005042493343353216,-0.057798457997185845,0.002009882562611112,-0.00473727285861969,-0.05763168592654566,0.060180935121921283,0.07128177440608857,0.014347136020660385,0.056391313342919136,-0.1153668463230133,0.07581308484077456,0.06919562236604167,0.12335506081581116,-0.4401763418988724,0.16146940454040795,0.25689560698810965,-0.10277973328317914,0.011320129871337474,0.026948243379592896,0.18120757171085905,0.023517015301234033,0.036547273397445734,-0.31997019734366666,0.10608486968298013,0.08675612811930467,-0.24960695556749046,-0.25689560698810965,-0.0630685729106904,-0.08675612811930467,no_punch
v_BoxingPunchingBag_g02_c05,133,138,135,5250,5500,5375,250,sampled_no_punch,1.5900951129706145,1.2387189114695019,3.7070637969350497,2.0105198329182246,1.279193004393394,3.511161462334701,0.9392544959840325,0.305275669640562,1.2304097659213105,1.0445230736509261,0.5389667754358567,1.7257324045510114,0.041318758080402994,0.0068792317767770806,0.01938245445489889,0.0062966321905454,0.02647893102783566,-0.0706033855676651,-0.4153689908562228,0.06226236196053568,-0.06603682367131114,-0.10828099772334099,0.008838544294037378,0.023878343403339386,0.031923231979211174,0.010300574631627512,-0.015793517231941223,-0.20104011819542697,0.045297674557762554,-0.0524932178668677,0.11086504533886914,0.003834324131512506,0.0030351057648658752,-0.0055438801646232605,0.009299984261068856,-0.030397966504096985,-0.19251440143367896,0.03313372109071289,0.006284889299422586,-0.10707844917972882,0.00431292851802198,-0.0032570883631706793,-0.021495285133520763,0.0030544559469278558,-0.004453256726264954,0.01972949206052972,0.020399858860687986,-0.03010562015697353,-0.026751076181729644,0.008670423594159236,0.024144560098648127,0.1529314617315928,0.023399748642141872,-0.06120806932449335,-0.3024784823258718,0.06928515817264677,-0.11712080240249628,-0.03388837973276774,0.007585571531249789,0.021960318088531494,0.178957333167394,0.012108554054087927,-0.025273859500885065,-0.19979901099577546,0.045986262254283754,-0.06635146029293526,0.08789128916266853,0.11712080240249628,0.03642250698565769,0.06635146029293526,no_punch
v_BoxingPunchingBag_g02_c07,239,244,242,9500,9750,9625,250,sampled_no_punch,1.889306575371117,1.125161185418257,3.320856286388713,1.1557978361135277,0.6278251833541312,2.115553300882138,1.7844228177681942,1.2419657713784003,3.8537760945358124,0.9027125817609173,0.4891748580263243,1.6174049492478773,0.14862363785505295,0.04673374684050629,-0.1195448487997055,-0.11660974845290185,0.024737423476852174,0.06780014187097555,-0.5571234414431577,0.08789934662153517,0.24978944077156484,-0.05218496173620224,0.027722753082400964,0.0834784060716629,-0.15328961734970412,0.008591544772123427,0.01082134991884226,-0.5855742831481621,0.039495554987692756,0.08467888250015676,0.16340498874584833,0.020946975031268793,-0.059786513447761536,-0.04681855564316115,0.028629860413099728,0.07057038694620132,-0.2061207035634046,0.06507215958813548,0.20448216213844717,-0.13202381134033206,0.023833370933757092,0.06799532473087314,-0.048754156877597175,0.008921089354119933,0.02523336559534073,-0.3493908881597842,0.02116081731126987,-0.05090726003982121,0.06511463224887849,0.048482647653283195,-0.12122759222984308,0.03350061674912771,0.02726939975177119,0.0778509676456452,-0.5362984177966913,0.034786811938230765,0.06787078082561493,0.01355674366156262,0.02906686601669912,0.0883274376392364,0.023813133438428242,0.014315798009222325,0.022865325212478582,-0.4755811442931493,0.04018847865190297,0.11206954717636108,-0.07672916719928935,-0.06787078082561493,-0.1059698681705783,-0.11206954717636108,no_punch
v_BoxingPunchingBag_g03_c01,133,138,135,5250,5500,5375,250,sampled_no_punch,1.1340557508647808,0.45653954436737015,2.0076641391452488,1.3230285590282993,0.6468267851515784,2.1561632168845026,1.0453457300436422,0.6937337318051969,1.943349036238977,0.8056535051434368,0.4376169007413465,1.4964116784435066,-0.01405068611105286,0.02143625462582876,-0.052801527082920074,0.012334545453389486,0.0307025128150218,-0.09704172611236572,0.3864996968768537,0.016625080170828026,-0.016143071465194225,0.11419279004136722,0.0034485265015098943,-0.007539607584476471,-0.05101584394772848,0.009135852991929906,0.027688264846801758,0.11073319070662058,0.029814427458641143,-0.03877776768058541,-0.07599486783146861,0.02154904343294149,-0.04460991173982626,-0.021056344111760456,0.00740058004037297,-0.01883983612060547,0.2999997848334412,0.038663141394333536,-0.1079412130638957,0.10432964190840721,0.004517249928208489,-0.010550476610660553,-0.0039135416348775225,0.014652404664306659,0.029544949531555176,-0.10808210928613936,0.020818818335970615,0.029289853759109988,0.03477577368418375,0.012090266668106338,-0.029139846563339178,0.19248955448468527,0.027654516521196677,-0.08945506811141968,0.2381270049760739,0.044496352325361,0.12015844509005547,0.04228358467419946,0.005247999389996428,-0.011156827211380005,0.1169694463411967,0.009630934618923271,0.02768474817276001,0.2903546721984942,0.031257447707589266,-0.07928011938929558,0.030190556940629,-0.12015844509005547,-0.06498067987838019,0.07928011938929558,no_punch
v_BoxingPunchingBag_g03_c02,95,101,98,3750,4000,3875,250,sampled_no_punch,2.7722637610639413,1.8940975453677302,5.487874489480806,4.059063733068609,1.2217907827117294,5.788286342107051,1.9741025128583776,1.20608024721259,3.669023644312851,1.634623127317987,0.9249134182165921,2.606933487728201,0.06461450244699206,0.02885731238322299,0.03626859188079834,-0.33536818091358456,0.021197744733972436,0.017314299941062983,-0.39180330386651413,0.05607494744158569,0.04297355376183981,-0.10663294579301563,0.0325022866716009,0.014496564865112305,0.25533141089337213,0.03356343237668251,0.035008952021598816,-0.9300151774659753,0.087896588571668,-0.06096925772726536,-0.039874262043408014,0.007896244904572537,-0.015536069869995117,-0.2975120576364653,0.014445986359746218,-0.0009364336729050238,-0.11425039052431073,0.033943214423349195,0.06205861829221239,-0.04204146989754271,0.008932966254659431,-0.01082324981689431,0.3486188618200166,0.021650526902832083,0.01417212188243866,-0.4961106999378119,0.039655772521794745,-0.014023864641785622,0.297701963356563,0.02938746352347065,0.03728175163269043,-0.13756568942751204,0.014862626783823787,0.0038172900676727295,-0.30515745282173157,0.048284159889993905,-0.038179948925971985,0.11775420393262591,0.03250624655918432,0.024260401725768932,0.022058538028172085,0.03259140150347395,0.05492812395095825,-0.7287695705890656,0.09147020772224719,-0.08130413293838501,0.048897589453994916,0.038179948925971985,0.08426919073606887,0.08130413293838501,no_punch
v_BoxingPunchingBag_g03_c04,14,19,17,500,750,625,250,sampled_no_punch,2.613172465731018,1.383824024782391,4.9350603072790875,1.66583049049019,1.616129274795239,3.8385550956664556,1.1583106029141796,0.8437112965694202,2.64778619000057,1.1497258461115556,0.8879621493658822,2.2983358721841514,-0.04458955799539885,0.010143466934839897,-0.028008371591567993,-0.10701976716518402,0.03409511622554256,0.07230713963508606,0.08681686998655397,0.11705914392537631,0.32471641292795533,0.052185596277316386,0.013369197263004473,0.037972062826156616,-0.09756830831368764,0.014581001882140926,0.03272625803947449,0.2675004635627071,0.05908112257428498,0.00469009717926383,-0.06774868443608287,0.01168064874681255,-0.03382390737533569,-0.02660807470480601,0.026695310546458982,0.04524454474449158,0.041712555723885665,0.060894383941565426,0.17420651903375972,0.08771145964662234,0.006337946561635426,0.009624063968658447,-0.04841791093349457,0.005205567078721719,0.0016882717609405518,0.10381725771973527,0.03678210148961059,-0.01920308778062467,0.037311275800069175,0.010971022564250706,-0.029446542263031006,0.013796706994374594,0.026606111043268616,0.04995298385620117,0.057055816054344156,0.11185640561250197,0.2991285584867,0.006640831629435212,0.013823311635103268,0.0401922464370727,0.0564471979935964,0.014838264659895992,0.02847599983215332,0.2651749886572361,0.042510671723107116,0.05434316024184219,0.09502819796496034,-0.2991285584867,0.06124786360399129,-0.05434316024184219,no_punch
v_BoxingPunchingBag_g03_c04,126,132,129,5000,5250,5125,250,sampled_no_punch,4.051249942244248,2.6804161599694436,9.421662850873611,3.6240631725526202,2.123681112172385,7.39176060226016,2.556660310161278,1.4928242184159008,5.246093380679907,3.256613260305309,1.5548527188982801,5.309821056941603,-0.028740774307932173,0.04167376970308484,-0.04917728900909424,-0.09050050164972033,0.04315772838810778,0.027507349848747253,-0.05165646877139807,0.1467959707090409,0.3772388631477952,-0.007112317851611546,0.029709841096788082,0.02700406312942505,-0.08697333719049181,0.022835574606502398,0.020981833338737488,0.10089000061686547,0.1472024912729183,0.45379255060106505,-0.0171945116349629,0.05446705275314239,-0.09148097038269043,-0.07171164453029633,0.011967636135964056,0.03134559094905853,-0.09387434553354979,0.06860157608552406,0.18452923651784664,0.027041032910346985,0.06186240449177625,0.09753358364105225,-0.08809093279497963,0.007828380981637736,-0.006486788392066956,0.06346608179488351,0.07711176041880322,0.25943333748728026,0.0005804555756705147,0.019466725415857086,0.03326594829559326,0.046393121991838725,0.05171448891359475,0.03154653310775757,0.04783750937453335,0.10965635453604473,0.2910726405680179,-0.01504439115524292,0.023838174439229233,-0.0419192910194397,0.06790406363351005,0.04366939081657161,0.07432413101196289,0.12810349996600828,0.12372868920617523,0.3259120509028434,0.08780863889067379,-0.2910726405680179,0.21287103756875847,-0.3259120509028434,no_punch
v_BoxingPunchingBag_g03_c04,251,257,254,10000,10250,10125,250,sampled_no_punch,0.6913802518123169,0.46531295140892914,1.5299069690482023,1.1607288219923173,0.2996537740472365,1.5560024875999638,0.6192595469831929,0.3525384788865921,1.264762524745154,0.7247143001537729,0.5091231589283658,1.7747733871667004,0.07207462723766052,0.004050215419272871,-0.0052868723869324286,-0.05714549549988338,0.014683179735730453,0.03499245643615723,0.3215304863240038,0.02374335685358633,0.044674079865217264,0.1325466047440256,0.0033928787338718008,-0.0017318427562713068,-0.07139521198613304,0.02036906140621295,0.02280569076538086,0.0653687143432242,0.026313074227539618,0.03542698174715046,0.018765352666378004,0.01893335519387599,-0.04340916872024536,-0.030106589198112488,0.006513388390452702,-0.002075672149658203,0.3305714252804007,0.016245696475613327,0.03128330036997795,0.10181931193385803,0.0036280730156071205,-0.0009664297103881836,-0.018776418907301768,0.013398522322981275,0.0014827251434326172,-0.18621757041130746,0.017136134141299508,0.03262801095843318,0.07606959768704005,0.01125334674732658,0.02374550700187672,0.12831331150872366,0.01867157623315817,0.0467454195022583,0.09527972127710072,0.019509758677965255,0.03342020511627203,0.0845508064542498,0.005815333640922251,-0.008816838264465221,0.10038707937513079,0.021932089127102546,0.028317511081695557,0.3133499523890869,0.023884286985441854,0.028851564973592814,0.061978601904775193,-0.03342020511627203,0.031100596390225943,-0.028851564973592814,no_punch
v_BoxingPunchingBag_g03_c05,76,82,79,3000,3250,3125,250,sampled_no_punch,1.507657380983626,1.3336146333393242,3.734667423590348,1.9549056262129891,2.367563624516396,6.7511909006022055,1.1683215347537903,1.097325595909035,3.1131527137788986,1.4264998434687353,2.063697706427381,5.930126088609496,0.04314246773719787,0.05825599461246199,-0.1634960025548935,-0.053275653294154575,0.022251310918272246,0.035507187247276306,0.26323803554155994,0.04366408732867181,0.1107705244794489,0.0872205282960619,0.009534697091958247,0.005532577633857727,-0.04182554994310651,0.04624357499602027,-0.12360997498035431,0.02263205431933917,0.13117094322530967,0.3367103422060609,-0.0067902547972543215,0.043178204213461066,-0.12503530085086828,-0.04342509167534964,0.01591485235376398,0.04644666612148285,0.2289562548643776,0.04587222300505314,-0.06325273122638458,0.09794875979423523,0.032040910751267686,0.0671776682138443,-0.01565265655517578,0.027266488633515332,-0.06898011267185211,-0.11665406922942827,0.10020324747056256,0.24215709324926132,0.05502824698175706,0.03536498348895431,-0.09990137815475464,0.10481297969818115,0.02038903615337414,0.029198050498962402,0.14483146688767842,0.08678137347973451,0.2658451385796071,0.024061896971293868,0.014028969202552035,-0.0170668363571167,0.08685676540647234,0.03785479408487296,-0.1027517318725586,0.18325099987643106,0.08151366045644616,0.2259364426136017,0.21586521990996213,-0.2658451385796071,0.18647936474336502,-0.2259364426136017,no_punch
v_BoxingPunchingBag_g03_c06,8,13,10,250,500,375,250,sampled_no_punch,1.4305540074070122,0.5218063042868392,2.217517476793611,3.3943629113910694,1.109997279445339,4.650101329722517,1.2869939192026396,1.0529289773442116,2.728764398792811,2.013074333707595,0.7064852206897962,2.6854681088636014,-0.012276632090409597,0.04870865440099366,-0.11358129978179932,0.022216955820719402,0.008711703666851848,0.016316071152687073,-0.06439249364969628,0.0258427520171611,0.036161803524009925,-0.05355098595221838,0.03926052185544311,-0.10223156213760376,0.0028728346029917398,0.007623369770324132,0.013728275895118713,-0.02679026181188723,0.10776096338245687,0.027653683791868423,0.0018196478486061096,0.02680004648346633,-0.053073883056640625,-0.0025421778361002603,0.008328493663088188,0.014929786324501038,-0.05273456335999071,0.028646329233909407,-0.0003443650202825943,-0.03825360784928004,0.01784766493608871,-0.05090707540512085,-0.011717567841211954,0.006235174936054642,-0.0012478679418563843,0.005421573063358661,0.06429907136362141,0.007367332349531321,-0.025728623072306316,0.04270103898513597,-0.10453444719314575,0.07834847768147786,0.008454449346863496,0.014875233173370361,-0.007469206427534403,0.038052103775048404,0.0454002171754838,-0.03994387884934744,0.04350610051619974,-0.10470908880233765,0.06109628081321716,0.006909267743854239,0.01712667942047119,-0.005896535391608914,0.08990751625596662,0.029830373823642807,0.03219738223365576,-0.0454002171754838,0.05501856658215247,-0.029830373823642807,no_punch
v_BoxingPunchingBag_g03_c06,20,26,23,750,1000,875,250,sampled_no_punch,1.250951430010794,0.660852004533207,2.054942511104602,2.4945205674661275,1.567694718165641,3.659597569039397,0.6677417193075992,0.27757503072349915,0.9647497389600651,1.4538165238145322,1.027741356191991,2.5545285426230984,-0.028483353555202484,0.01884566885111834,0.0142182856798172,-0.01292911171913147,0.011073212080322052,0.02324800193309784,-0.06009568966692312,0.034866866792701845,0.021100617013871698,-0.021724246442317963,0.008925590127907987,-0.013158842921257019,0.02152109146118164,0.05565947877120871,0.01464669406414032,-0.09938628174131735,0.034414080667132065,0.0226495629176498,-0.023215390741825104,0.013342955951915623,0.008084312081336975,-0.015094965696334839,0.0061620269829355985,0.012195929884910583,-0.04328257165616378,0.018872375768483465,-0.0051461094990372935,-0.0023265257477760315,0.007234834817116776,-0.016971096396446228,0.027706876397132874,0.02891599915511355,0.01495276391506195,-0.11261404625838622,0.026166720535365888,0.06137860473245377,0.008192017674446106,0.01593963579149455,0.006009399890899658,-0.02601921558380127,0.016301565607282822,0.04012554883956909,0.01551466807723044,0.032271759492858536,0.027134880423545893,-0.00038442015647888184,0.007229368897156471,0.0018286705017089844,-0.01598455011844635,0.05023528458829441,0.021758735179901123,0.02666488662362098,0.051615673242963823,-0.045678794384002686,-0.014701007111419008,-0.027134880423545893,-0.04850409364784434,0.045678794384002686,no_punch
v_BoxingPunchingBag_g03_c06,26,32,29,1000,1250,1125,250,sampled_no_punch,3.650137424311155,1.565620771262483,5.604550331756892,2.906786728487962,2.586716223602726,7.248859326278546,2.5068047480677276,0.8133617782561121,3.6092572386678152,2.532045308101314,2.3192260236397044,6.507069585423107,-0.018014344573020934,0.015615573856842521,0.03419820964336395,-0.030319929122924805,0.07928363369158738,-0.032571956515312195,-0.04261575299860849,0.08720726536995646,0.17169905081391318,-0.021392485499382018,0.009658917652649628,0.02084307372570038,0.00014210939407348632,0.08393314049386782,-0.1041252464056015,-0.0488992529510142,0.08387106339439851,-0.15122913569211963,-0.023220404982566833,0.004773179775181577,0.012579724192619324,-0.007442247867584228,0.0319169832572269,0.014024153351783752,-0.02101348410906211,0.09176899984610123,0.20144427195191378,-0.026925846934318542,0.006875078510948148,0.0012678951025009155,0.02383025884628296,0.039057221422911965,-0.04926083981990814,-0.04292872748883385,0.10393068344310917,-0.2112157559022307,0.021687579154968262,0.017210280350196724,0.038747191429138184,-0.030371534824371337,0.07506153524394496,-0.04713362455368042,-0.025654130987822977,0.027236391688113874,0.008067563176155007,0.023306727409362793,0.011114884448460233,0.02883237600326538,-0.021242618560791016,0.08155680410203446,-0.10707473754882812,-0.010297206717950752,0.012238987808113064,0.018251191824674492,0.057542337284630304,-0.008067563176155007,0.08881926422538691,-0.018251191824674492,no_punch
v_BoxingPunchingBag_g03_c06,51,57,54,2000,2250,2125,250,sampled_no_punch,3.1632305698279435,2.6484942984012267,7.5888742463200805,2.7802531428848125,1.374633855051172,4.648440236941274,1.857082617003888,1.870037682169494,5.030256979873269,1.8044729974507105,1.5049013781010503,3.883268742739596,-0.06723687797784805,0.026079250543436586,-0.05493497848510742,0.01250326136747996,0.04303456900929097,-0.10003739595413208,-0.14118701483433446,0.09966425229715525,-0.2291582566685975,-0.00641409307718277,0.020559934059179462,-0.025990068912506104,-0.022366121411323547,0.0318693703850365,-0.09351551532745361,-0.004848399044324908,0.18307395844873478,-0.1737638604827226,-0.002739099164803823,0.01881235902170462,-0.015677154064178467,0.016740724444389343,0.04423034360511623,-0.08356702327728271,-0.15104482338453326,0.060112307808361694,-0.13894254388287658,-0.021492270131905872,0.020966673354070955,-0.018013060092926025,-0.017736072341601055,0.017250094102769,0.0018096566200256348,-0.03504837195699408,0.06633629715506922,0.057588193099945804,-0.10210434595743816,0.024976858722941666,-0.011308789253234863,0.04604081312815348,0.020590459742807543,0.0016523003578186035,0.04606730490922923,0.12664637521031855,-0.3361679613590241,-0.00033391515413920086,0.029882333967570802,0.04394406080245972,0.041453550259272255,0.02153647658029544,-0.06171458959579468,0.11030363477766518,0.27068106142577203,-0.44641193002462387,-0.1375097210288128,0.3361679613590241,-0.0007318640585211311,0.44641193002462387,no_punch
v_BoxingPunchingBag_g03_c07,45,51,48,1750,2000,1875,250,sampled_no_punch,0.8752297652930497,0.5399967759091638,2.0536486043761735,1.5489472186247812,0.49117433097404956,2.4914716647800788,0.5963554406682696,0.3680638380604418,1.2878806914719283,0.8795211375573162,0.28632306472790514,1.462266212574931,-0.057251830186162714,0.022357994312806755,-0.05435613542795181,0.0023733058146068026,0.027157090173161272,0.08420334756374359,0.27225188584166704,0.025620562799480173,-0.0814859489328228,0.08008253787245069,0.003201365526016291,0.0001689419150352478,-0.060161860925810676,0.017988786224331765,-0.0005219131708145142,0.21003372321138153,0.06020875684046278,0.15136823855573303,-0.0920427250010627,0.015960565698935114,-0.04288706928491587,-0.008012726902961731,0.0178115843541255,0.04372529685497284,0.13908201022838637,0.015182900552312993,-0.05087739921873434,0.1173935979604721,0.0046202933782347605,-0.007050909101963043,-0.010556891560554504,0.001717887026116516,0.005094394087791443,0.06229772278207481,0.03768072986500623,0.10091754473978656,0.0068225264549255215,0.014459781836388439,-0.02492710947990423,0.14968256439481462,0.023778605973092143,0.0744139552116394,0.2870420523187411,0.02873876293956369,-0.05165511905215675,0.0034709147044590543,0.002452783863937815,8.726119995117188e-05,0.08445485149111066,0.017205883502719798,0.0032057762145996094,0.2571781793875353,0.05415550384476804,0.14002366736531252,-0.010953244247917271,0.05165511905215675,0.13445059741956242,-0.14002366736531252,no_punch
v_BoxingPunchingBag_g04_c02,126,132,129,5000,5250,5125,250,sampled_no_punch,2.6034310772619302,1.215998672614209,5.055506215250531,4.034419559076266,1.992570810752678,7.47896314972914,2.1334825802095883,1.129124345790555,4.498521168131153,4.49867995213343,0.9008246729149078,6.3684274848207325,-0.07346072793006897,0.014186518056675104,0.03011353313922882,0.10927445867231914,0.011348111094303694,-0.005943760275840759,-0.20611893216014973,0.03937515599619257,0.03146225493401278,-0.14977034074919565,0.03234970294537603,0.00018866360187530518,0.014206863939762115,0.020583529536209476,-0.0038776248693466187,0.041389112859698304,0.10060166831251613,-0.09268341679126027,0.0648510924407414,0.013294365084736528,0.03424157202243805,0.12584572498287475,0.007472134288341411,-0.012467369437217712,-0.26350620751535253,0.020410188532466577,0.04434949439018954,-0.12460683499063764,0.04444516146894527,-0.060318633913993835,-0.09716969409159251,0.03665673686582658,-0.018960312008857727,0.059513236628845334,0.08811289889812458,0.013854269869625416,-0.1725567238671439,0.007759279214731431,-0.0016657710075378418,0.20749710713114058,0.007002713137266355,-0.0008994936943053644,0.09060178909982954,0.024623861130477074,-0.025152295827865656,-0.11701221976961408,0.022748221829132866,0.019946277141571045,0.1968044298035758,0.01486573418828855,0.008658111095428522,0.0965286356263927,0.0909737557937563,-0.1757324524223804,-0.00928845117273197,0.025152295827865656,-0.056174842692219756,0.1757324524223804,no_punch
v_BoxingPunchingBag_g04_c03,64,69,67,2500,2750,2625,250,sampled_no_punch,2.800335401689208,2.0729964949581405,6.446532809340641,4.854091206163551,4.312194313596323,12.680601738312303,1.5334076825846867,1.0692696885135438,3.3455041323938066,2.888648614396247,2.3340233242685398,7.337918432681283,-0.026528504987557728,0.002714577885876327,0.0075585246086120605,0.13406221071879068,0.0049973136804274945,0.005846813321113586,-0.328380412577341,0.08297899103549317,0.016675494611263275,-0.19826965282360712,0.09982842810087908,0.0034691691398620605,-0.04537356396516165,0.09025741381639545,0.015655413269996643,-0.21858231894051036,0.10264007306255622,-0.17324212938547134,0.11539617429176967,0.004526134835781475,-0.0023450851440429688,0.13012935717900595,0.00506826129336259,-0.015301570296287537,-0.32382932972783846,0.03296320310677932,0.005991838872432709,-0.17587275058031082,0.0313104488483504,-0.032058656215667725,-0.15059531728426617,0.03759776801575103,-0.023162618279457037,-0.14076848002150652,0.06350022235936682,-0.05487332493066793,-0.16704193751017252,0.0029173103395500216,0.00762331485748291,0.21725061039129892,0.007207832705904555,0.015894442796707153,-0.006799911459287007,0.0729064394200113,-0.011714965105056763,-0.15535185734430948,0.09999650798310163,0.012455403804779053,0.16286959250768027,0.0878078567101299,0.004615873098373413,-0.022765864928563445,0.08817772896623152,-0.19952458143234253,0.005906991388655025,0.011714965105056763,-0.03586712504580425,0.19952458143234253,no_punch
v_BoxingPunchingBag_g04_c04,170,176,173,6750,7000,6875,250,sampled_no_punch,2.7391965847314874,1.5167125834081983,5.185046931475493,2.966985097409627,1.5387194798887547,5.801286177706743,1.8910088532353573,1.3461376914051248,3.745628186617109,2.1969293374634926,1.4578832287946752,4.177129000972459,-0.16102623300892965,0.07138751820476076,0.08300997316837311,-0.023302261318479265,0.03549023713188843,0.05763948708772659,0.05368149766166296,0.1512253800091443,-0.23716438934206954,-0.07642770877906255,0.0406219291377473,0.008099451661109924,-0.021808581692831865,0.046212586974393934,-0.12366028875112539,0.21712858715493763,0.11211891225338501,-0.05827491357922546,-0.06495606260640281,0.08336417579941172,0.09081949293613434,0.030176720448902676,0.03641999553404461,0.015011139214038849,-0.14259080528946858,0.06951597231828706,-0.07783244177699097,-0.009919824344771233,0.06799954049316459,-0.09078942239284515,-0.023515633174351284,0.04552245606250314,-0.11601366847753525,0.21368930335821848,0.04613910581028393,-0.10283629968762398,-0.12347687993730817,0.03251784047273899,0.052142202854156494,0.14120232633181984,0.033584168780556325,0.03866419196128845,0.2412948182650975,0.14961733711663777,-0.2874193042516708,-0.0728475366319929,0.020857235451386315,0.04389846324920654,0.16569745540618896,0.04889430272549839,-0.12040910124778753,0.10201304219663143,0.13319140131020932,0.016590312123298694,-0.15784432790389064,0.2874193042516708,-0.12313174638023114,-0.016590312123298694,no_punch
v_BoxingPunchingBag_g04_c05,26,32,29,1000,1250,1125,250,sampled_no_punch,4.138289023589773,3.740245175429586,11.398805202207999,2.713831598405109,2.851963687797232,7.92108159299465,3.2360854064048445,3.0164915729298483,9.764300953629059,1.787196753956959,1.8870110707786452,5.822802078974513,0.09974959279809677,0.054384228704177785,0.047365799546241844,-0.006187657160418382,0.02698716179619408,-0.03863191604614258,-0.16278730451761345,0.12807986133096427,-0.03213186701759696,0.024690970778465236,0.010780638161331495,0.005056098103523227,0.0341168503676142,0.043480936718914724,-0.13055920600891113,-0.516129948323526,0.09685841914096935,-0.08467267593368893,0.11608886080128807,0.0272301592244361,0.013085648417472867,-0.006056641893727447,0.01783957913507599,-0.03578072786331182,-0.14736548397922888,0.08915170400567375,0.04347719112411133,-0.09303453777517592,0.012983402641842272,0.031146913766860934,0.058256420705999644,0.009459969389884335,-0.025786906480789185,-0.4619029027193652,0.04290074197290144,-0.009999678935855683,-0.005008152553013393,0.05743089023898665,0.06740325689315801,0.14623673047338212,0.02827633690511279,-0.036985248327255194,0.026891661541802534,0.09535581878291295,-0.1572382748126983,0.08891756619725907,0.010624364707943592,-0.020378202199935913,0.20632239750453404,0.0466199412697494,-0.13599261641502375,-0.1665468641689846,0.10180858740884939,-0.17597579956054693,-0.07871263289986977,0.1572382748126983,-0.016095262673328337,0.17597579956054693,no_punch
v_BoxingPunchingBag_g04_c05,64,69,67,2500,2750,2625,250,sampled_no_punch,3.2652909211675594,1.750834289905897,4.929781303897762,1.5847448701912936,0.9822950293528232,2.8570430826503155,2.006567331641252,1.2209526112322373,3.6647502464771686,0.6561896542193671,0.38344355141714914,1.2907912048556354,0.04585779123008251,0.020854058362033603,0.05365661904215821,0.10626076981425285,0.05018667947726812,-0.04652839526534075,-0.31712994393892585,0.1477730211253075,0.43690773216076195,0.02034355215728284,0.008497330226681008,0.019907351583242416,0.10721481963992119,0.014398090946600479,0.04243335500359535,-0.5214796405751259,0.07332739408274214,0.21199455228634168,0.10301384143531325,0.0010062335885111552,5.423650145530701e-05,0.060918139666318885,0.028301953592295752,-0.06285217031836504,-0.21880756434984505,0.0821084025418052,0.23462855187244713,-0.10115104876458647,0.0014631300595923785,-0.0015886686742304923,0.08494460508227344,0.00830560375446692,0.024649683386087473,-0.45709211644716563,0.014922049749400243,0.04112967220135033,-0.056030383706092854,0.019555029104603126,0.0502003431320191,0.2396920293569565,0.04931266470290855,0.009954705834388788,-0.09529467225074768,0.12735452349773557,0.3696008324623108,0.09454097747802737,0.009406299647823168,0.021303959190845503,0.24343230128288268,0.01024761828939971,0.028452187776565607,-0.1429066777229309,0.09119173538976551,0.2635165452957152,-0.10406026971948265,-0.3696008324623108,-0.08666646659811023,-0.2635165452957152,no_punch
v_BoxingPunchingBag_g04_c06,108,113,110,4250,4500,4375,250,sampled_no_punch,2.8348611673146533,1.0224901068509589,4.278873109841174,3.6240738877387706,2.3013135832327634,7.1469517179697,2.1311284838875753,1.267004191994879,4.241090862993853,1.6511883064679878,0.7714844225960924,2.7848729989368737,-0.22599447766939798,0.05357992786516118,-0.0874582827091217,-0.056514643132686615,0.015837152058522087,0.02683287113904953,0.039769770655160123,0.07722283868062665,-0.14822421316057435,-0.08453210194905598,0.015908272520958267,0.0030649006366729736,-0.023769202331701916,0.007968757857433372,0.025850526988506317,0.2579604350806524,0.1691804563666624,0.33450734522193665,-0.11843072374661763,0.05706205860770516,-0.01770278811454773,0.005892025927702586,0.028960541991684713,0.0251496359705925,-0.15182812876688936,0.055159279758663894,-0.02549892757087946,0.011199365059534708,0.03625900617500892,0.050424546003341675,-0.013960413634777069,0.019932710868515648,-0.003930695354938507,0.24093450489453969,0.042929966837862175,0.09057180490344766,-0.1511967976888021,0.024619933917988654,-0.043660640716552734,0.13355069359143576,0.017018909796951164,0.019475311040878296,0.24235662383337808,0.07095311514738137,-0.17428987473249427,-0.08589250842730205,0.020446126377522363,-0.010813534259796143,0.17970198392868042,0.016104418100719185,0.03711199760437012,0.14310519552479187,0.22572741188628287,0.4789271242916584,-0.09976423502582321,0.17428987473249427,-0.12183508332227552,-0.4789271242916584,no_punch
v_BoxingPunchingBag_g04_c06,126,132,129,5000,5250,5125,250,sampled_no_punch,2.7109334752057674,2.1837897587534587,5.888510684719434,4.63340688078866,3.247310951916819,9.842740310880313,1.6609804077913177,1.040914642081677,3.5992802317451438,2.7212762288598653,1.5110506122628782,5.176141787797289,-0.08363966005189079,0.061901468927810586,0.15876531600952148,-0.03950322525841849,0.021387652877457752,-0.01765000820159912,-0.2026986711259399,0.13696290467424446,-0.4193300171755254,-0.13342472059386118,0.03316487971444809,-0.06962251663208008,-0.06774319069726127,0.03866496013331622,-0.07828551530838013,0.0017040747084787874,0.18668433832161022,-0.19546070089563727,0.02664121985435486,0.06676396790084137,0.1781611442565918,0.043015709945133755,0.014993908313526602,0.04082554578781128,-0.26518430693873335,0.07305928623733457,-0.2590340352617204,-0.0983507079737527,0.0703576047499356,-0.1759999394416809,-0.032703902040209086,0.03277326796946777,-0.027027904987335205,0.12920372108263625,0.08822311269283581,-0.015557331498712273,-0.08387923240661621,0.024322864737911055,0.049571990966796875,0.14290435825075423,0.02755414162089435,-0.008290290832519531,-0.001862582883664528,0.12127504435447307,-0.3098544515669346,-0.06705230474472046,0.026475154217887143,-0.0009996294975280762,0.11282510416848322,0.04375650240898181,-0.1033448576927185,-0.11944277105586866,0.20124488001937138,-0.2993054408580065,-0.0894686704578049,0.3098544515669346,-0.15292508384453982,0.2993054408580065,no_punch
v_BoxingPunchingBag_g05_c01,58,63,60,2250,2500,2375,250,sampled_no_punch,2.2514692883595235,1.1696293092974217,3.9196498719068593,3.29188340498238,1.6764554941875398,5.607559292408521,1.2625737866295872,1.0149681201352754,3.1415075955162206,2.871510279160159,1.7157033158867083,5.615893193049311,0.3946431881437699,0.021810463037755277,0.001044157892465647,-0.09502092997233073,0.014727379569721527,0.050542645156383514,-0.10656574958314496,0.11216266318415428,-0.27971674781292666,-0.04142773337662221,0.06221268568956978,-0.041383158415555954,-0.14011844495932263,0.06623129888537903,0.13052584975957876,-0.8628129785259565,0.0999088326948766,0.11290558520704508,0.24088733457028866,0.013381706430049406,0.016080144792795237,-0.09727749228477478,0.011719594239023206,0.02545725554227829,0.2129008670647939,0.07304325546305683,-0.1571992551907896,-0.13235949724912643,0.01847379400958515,-0.01735596358776098,-0.062138269344965615,0.013527461380831081,0.036732666194438934,-0.4739094103376071,0.12504262352132461,0.20284735504537832,0.2938752422730128,0.02006169176007979,-0.004137396812438909,0.12409009536107381,0.015123762574350072,0.05146875977516174,-0.30367636401206255,0.06145130222578093,-0.1520372368395328,0.050896203766266516,0.06083695435098949,-0.038961835205555004,0.11043063302834828,0.06319919971065484,0.12218883633613586,-0.7113940591613451,0.06822573215358894,0.10680346190929424,0.12451710598239635,0.1520372368395328,-0.08931829207273168,-0.10680346190929424,no_punch
v_BoxingPunchingBag_g05_c01,264,269,267,10500,10750,10625,250,sampled_no_punch,9.230791249683808,7.186765928823917,18.492400968544942,4.56656648205276,3.7743823743357185,11.501822868754592,8.841341363436415,5.469338003318517,15.144144051146583,5.25789665074464,4.438709561371935,12.904904949192694,0.07749226161589225,0.1725886245072424,0.2732888031750918,-0.14395067716638246,0.031156286952768557,-0.06317263096570969,0.027866152600230027,0.33583320888257395,0.768849867512472,0.1126642745609085,0.1859151880898958,0.40393209643661976,-0.1652145894865195,0.04337693634276006,-0.06345593184232706,-0.250601164822001,0.13802223490377652,0.2928586482303217,0.07052133201311035,0.09265952223334423,0.03227271325886247,-0.11162630344430606,0.04970033776418559,-0.11849259585142136,0.053303446795325705,0.27509997504748634,0.5364625334041193,0.015038946333030878,0.1522336433729825,0.38093562982976437,-0.1475970409810543,0.032688472836762184,-0.0724581703543663,-0.18291832613370687,0.1413352178870048,-0.08090546436142182,0.029308433334032685,0.18518985956714218,0.363919496536255,0.06213527421156568,0.028060637618478237,-0.05705168843269354,-0.009971782099455595,0.2558226628967335,0.5517080202698708,0.11109251528978349,0.15917618658271399,0.2699849605560303,0.05774858097235363,0.044446876152413106,-0.07184869050979603,-0.16525049724926552,0.23485405163911457,0.5965217463672161,-0.1646999799678716,-0.5517080202698708,-0.1893263692267071,-0.5965217463672161,no_punch
v_BoxingPunchingBag_g05_c02,58,63,60,2250,2500,2375,250,sampled_no_punch,2.603361227427354,1.4255626578821459,5.178268176108686,5.745988289200606,3.284822191037609,11.107890439497774,2.884237679703811,1.5682787583681874,5.820114458274171,5.393767106160711,2.677422643982595,10.237578009333049,0.10817515105009078,0.03785652269872871,-0.10031746700406075,0.10906780262788136,0.016669415418083918,-0.010927684605121613,0.07274444319773467,0.05352527427405826,0.05646743625402442,-0.07440784573554994,0.05081934865329459,0.1414826475083829,0.0781647115945816,0.06937186298658693,0.03082447499036789,-0.13743519150496766,0.0985694513187665,-0.1184003073722125,0.10967683047056194,0.034576659948199154,-0.10385926440358162,0.030639713009198506,0.020465945887057763,-0.0015643909573554993,0.03334154231318582,0.0821973641765743,0.15076828747987733,-0.07233823339144393,0.024619397355658438,0.05926313623785981,-0.022011483709017437,0.039245627159410844,-0.006528384983539581,-0.18207597348373383,0.10796795880940942,-0.12612748332321644,-0.0032678643862406507,0.02849582049873492,-0.06705471873283386,0.20050904154777527,0.013724051772147156,-0.0014399886131286621,0.12201240255186953,0.05420924057995712,-0.15217169933021082,-0.08568991969029109,0.03828097735983828,0.10448281466960921,0.19608009854952493,0.0634601421281289,0.0737044513225556,0.05987405652801195,0.04123976493085077,-0.11204367876052862,-0.08579041875788695,0.15217169933021082,0.002680663850735898,0.11204367876052862,no_punch
v_BoxingPunchingBag_g05_c03,26,32,29,1000,1250,1125,250,sampled_no_punch,1.343699689949725,0.7027569836002492,2.6708068968216723,0.6109033282764389,0.37051724494567945,1.228708851665841,1.2502144596723186,1.0195862080857336,3.3998420753299925,0.535584801829981,0.39864274732735594,1.3089020448065172,0.11029531061649323,0.01113684546277277,-0.019842565059661865,0.08557139869247164,0.02761780979786263,0.05367717146873474,0.18505929428751447,0.04783617916203317,-0.13556005433201795,0.039950871041842854,0.012112719991791612,-0.015247195959091131,0.06085021900279181,0.025173757093318636,0.061017245054244995,-0.1896221657183819,0.027769951490490233,-0.00483023002743721,0.06747326893465859,0.012651937330675453,0.024306654930114746,0.03568776058299201,0.008019499034227138,0.011212736368179321,0.24047787292926973,0.05258374590272593,-0.12535362318158155,-0.08521003169672829,0.00715369930984726,-0.007692694664001465,0.020630775817802975,0.01984449527942328,0.03794416785240173,-0.28034142067190254,0.011890324373725395,0.014540117233991623,0.022693915026528517,0.0107443680249728,-0.02310764789581299,0.2360456245286124,0.022697288756343647,0.030662119388580322,0.051860802607344735,0.029582354081697126,-0.027818091213703225,0.044665132250104635,0.015173426447869074,-0.013379573822021484,0.24513222064290727,0.006969294911353384,0.012579083442687988,0.050881307039942085,0.03888775346255215,-0.033916175365448,0.024954789263106653,0.027818091213703225,0.009683986928528315,0.033916175365448,no_punch
v_BoxingPunchingBag_g05_c04,89,94,92,3500,3750,3625,250,sampled_no_punch,4.686476816559177,2.156102870858506,8.067072659968453,1.7927499475306035,1.498644183874544,4.7476162306540175,2.7610112454591262,1.4331716224422697,4.726089146067759,1.393115014889353,1.1375397856316822,3.3073365038705247,0.12595353896419206,0.03239756738524135,0.08339626342058182,-0.06733679274717967,0.05422392279277182,0.001537606120109558,-0.11231202485214453,0.28650008750408484,0.6207722534891218,0.06337414061029752,0.05009323129295324,0.12366829067468638,-0.06916635731856029,0.017588062875264855,-0.03566773235797882,-0.37100173385988455,0.10593922268475259,0.26528767845593393,0.1398809738457203,0.05821587905555769,-0.04791723936796194,-0.06534606715043385,0.022776694357847797,-0.025105789303779602,0.09731734287439997,0.17515457407904178,0.40858137956820423,-0.06067397817969322,0.04629425400033847,0.10544814914464948,-0.005778138836224874,0.008266178864496933,-0.023875609040260315,-0.2928517371619819,0.041977162237444285,-0.09263104596175259,0.06337083379427591,0.041191658299193,0.13650098443031317,0.13562394181887313,0.06060721814069587,0.018831521272659246,-0.2735222528378169,0.23381611539365754,0.47341544926166534,0.14683812359968826,0.023500588558945337,0.05371707677841178,0.14340826869010928,0.01680050017270048,-0.023416012525558527,-0.2370950862338456,0.1968286752786702,0.50951540004462,-0.3335681471974647,-0.47341544926166534,-0.25085867242993215,-0.50951540004462,no_punch
v_BoxingPunchingBag_g05_c05,108,113,110,4250,4500,4375,250,sampled_no_punch,1.8815349624157236,0.6518724700479985,2.6736894257001063,1.858333014993395,1.0321584866647453,3.3129112869663357,1.1824480597623235,0.5733516948254718,1.888630788183182,1.2367210468238277,0.520237011196591,2.1661098770122256,0.192686694363753,0.027706837324829,-0.0674444548785687,-0.22362140938639644,0.022370457631761455,-0.05213157087564474,-0.2583559917596479,0.03080838132442756,0.05878397356718773,0.03819181770086287,0.004442629092928649,-0.006920617073774393,-0.17163078114390376,0.021708649089001976,0.033902280032634735,-0.5672596039560934,0.05873317676261646,-0.020238389261066914,0.2335050975282987,0.0072195062261995865,-0.0221440307796002,-0.10336777195334435,0.02648534579057281,-0.07128600031137466,0.06267412953699626,0.020068239183966274,0.01172846090048544,-0.10603766640027364,0.014958659689964052,0.03652900829911232,-0.03546765074133873,0.018946859399242816,0.051749251782894135,-0.40308309020474553,0.03215085505140227,-0.03569673467427498,0.08648173511028294,0.02299577019201237,-0.05034118890762329,-0.026810492078463255,0.01873757552414741,-0.03945794701576244,-0.48340058823426557,0.028126737605787534,0.06320174038410187,0.12708973636229834,0.0070982031469274025,0.0063448250293731134,0.07103614012400307,0.02053621158872365,0.01957610249519348,-0.46336078209181625,0.04561037182908352,0.02066533640027035,-0.06950857082039713,-0.06320174038410187,-0.016230085829835095,-0.02066533640027035,no_punch
v_BoxingPunchingBag_g05_c05,233,238,235,9250,9500,9375,250,sampled_no_punch,3.432103833096606,1.6884066106095976,5.044417055153241,2.7202073552578923,0.3016329040458513,3.0307885023118355,2.1865474719460463,1.4305146301387217,3.946756532160557,1.685349728840727,0.47592228250733193,2.3544714163262896,0.0984073936939239,0.02122753698845259,-0.017847329378128107,0.0839188277721405,0.01979467599765829,-0.012839622795581818,0.03645687373355031,0.07191263147634307,0.05390162998810415,0.008820372819900502,0.0207224299584597,-0.027650117874145508,0.030002665519714356,0.05638158675634427,-0.10274446755647659,-0.12724056039005519,0.03522856530908504,-0.0052016992121934474,0.08663591146469114,0.017935092108512775,-0.0009702444076537531,0.016736406087875366,0.006964901186470257,-0.0006733015179634094,0.04560003359802069,0.04443591848235658,0.04557517799548796,-0.041331112384796156,0.021324583806850827,-0.005815535783767645,-0.0047328174114227295,0.0329881443918963,-0.011097200214862823,-0.17955808136612178,0.023087077252667707,-0.06134420819580555,0.03524231910705565,0.01288651642430544,-0.0070022642612457275,0.18077355623245245,0.029269267473085874,-0.0437130331993103,0.0670725501142442,0.04492525465801844,0.05292736412957319,0.024074524641036998,0.013141832052004731,-0.028425991535186823,0.14762492775917052,0.05868847789628271,-0.13270118832588196,0.05829883515834809,0.04372004011468328,0.06345120072364807,-0.014724548137921928,-0.05292736412957319,-0.10694028928901139,-0.06345120072364807,no_punch
v_BoxingPunchingBag_g05_c06,126,132,129,5000,5250,5125,250,sampled_no_punch,6.696673158326049,3.6988505167382497,13.844282528954635,7.7605329480312575,4.395998677665988,13.240634545358759,4.090542845318003,3.0972424119558037,9.219208559414076,4.867173998700412,3.5037898604489683,8.917057351008701,0.10161288694611617,0.05246420237551797,0.14615841396152973,-0.18129491273845946,0.07374945852187674,-0.24376610666513449,-0.2318307164657329,0.24247600750725043,0.6471168855205178,-9.682588279246887e-05,0.09131780078144995,0.22528776712715623,-0.14340178349188396,0.09456704488955694,-0.31467310339212423,-0.29548189503007694,0.18916157976196843,0.39515398535877466,0.14642472112817423,0.020868818248775504,0.018025280907750046,-0.10237971693277359,0.0635535178060238,-0.16138035804033285,-0.08950565416099769,0.19966374344376162,0.5240070084109902,-0.07315420918166637,0.10447912689032036,0.2816137317568064,-0.10293704164879662,0.050686371025948126,-0.14382157474756246,-0.18021818230460793,0.10129666478022067,-0.08482392039149994,0.024659124868256676,0.05313221005306112,0.16423337161540988,0.021850134645189572,0.06872770564462717,-0.2295552790164948,-0.21040949890656127,0.15373904818619116,0.35759182274341583,0.05012064959321706,0.07689470644414463,0.1588556319475174,0.07878307785306661,0.1014863536597287,-0.34234035015106207,-0.20487553626298904,0.22910127368672542,0.646423690021038,-0.07382179912456444,-0.35759182274341583,-0.2423543193865217,-0.646423690021038,no_punch
v_BoxingPunchingBag_g05_c06,201,207,204,8000,8250,8125,250,sampled_no_punch,4.097233123462764,1.8379416243124207,7.010799044097684,2.5066665819625844,1.6101801663022757,4.394414119977169,2.26201657445348,1.0621768910339704,3.435447117922904,1.4088139646046525,1.074968568170122,3.4462026885720336,0.14579247417194502,0.07988730733853885,-0.21703322976827627,-0.12690806175981248,0.10794612919700212,-0.2095006182789803,-0.08826327169247504,0.07986435632165953,-0.03779835160821679,0.020188027726752395,0.026608924709081543,0.06904739886522288,-0.10572480516774314,0.06483439385655018,0.0037121400237083435,-0.43674419958343996,0.06901052705405678,0.14142388943582768,0.1769657800240176,0.037632466690832596,-0.06062968820333481,-0.06020823333944593,0.02736853225493515,-0.03704468160867691,0.08909577445592728,0.06926453895961138,-0.22209584619849915,-0.10443674400448806,0.004023109011292776,0.007065869867801666,-0.0239786228963307,0.02563507929273407,0.06880363076925278,-0.32823551477797863,0.034793248120659676,-5.575176328420639e-05,0.03560512832232884,0.07787038759117801,-0.20873591303825384,0.04900488257408142,0.10506589276632387,-0.20177423954010015,-0.19640749453433912,0.09065270447847429,0.10167486965656272,0.09217414472784317,0.02813932010295237,0.07181091606616971,0.13531502655574254,0.06049512604310194,-0.011309504508972168,-0.30592432957408683,0.09726059402171609,0.20732671022415172,-0.17203729707773338,-0.10167486965656272,-0.15421557506403255,-0.20732671022415172,no_punch
v_BoxingPunchingBag_g06_c02,114,119,117,4500,4750,4625,250,sampled_no_punch,1.6065126259571971,0.9522371102772633,2.866064178391033,1.2845728861435588,0.9561753302398944,2.8701344408586538,1.5890279271664158,0.8904906039182579,2.9123267866176956,1.4498306789334294,0.5870348492006768,2.4147215559684323,0.09514445687333739,0.009741038341349187,0.01764576137065893,0.0570178267856439,0.02316732915174857,-0.036198392510414124,-0.40691317509238917,0.04106391846032695,0.08261151425540453,0.014977004379034015,0.006006267390161296,0.0024065822362899225,0.09163999930024147,0.019681131450280293,0.05689577758312225,-0.40208029141649604,0.05231169109637127,0.13792310468852526,0.12910348301132518,0.009237772749344808,0.021885439753532465,0.03586281711856524,0.018630951761050518,-0.015482679009437561,-0.1247775990826388,0.04421109487333718,0.1000587325543166,-0.09882338717579846,0.00602777104300099,0.013437256217002813,0.02866123492519061,0.03011480343079285,-0.07984645664691925,-0.2848168600661059,0.039491803719812535,0.08489213697612291,-0.01739859084288282,0.013811377077366809,-0.005013704299926647,0.20044271647930145,0.022115925035777986,-0.044350653886795044,-0.40567916197081405,0.02210013493664258,-0.0349134355783462,0.07245612144470213,0.016609874322903388,-0.03955355286598217,0.2709517478942871,0.03640388071921483,0.0959642231464386,-0.22182374447584152,0.05027245403286707,0.07971763610839855,0.01460098552582706,0.0349134355783462,0.02239658084476831,-0.07971763610839855,no_punch
v_BoxingPunchingBag_g06_c04,70,76,73,2750,3000,2875,250,sampled_no_punch,2.7499991493885267,1.7574737051743259,6.049367808741552,2.9829840328353012,2.542043652594072,8.511110119662298,1.7551067585256204,1.400138368078819,4.64478527732169,2.1005057824529465,2.154122277171392,6.752574532116978,-0.07714671748025077,0.024378855770661432,-0.037704795598983765,0.0838417996253286,0.02962811624552323,-0.018240317702293396,-0.14851129597185975,0.05319222729535861,-0.09780997945927086,-0.10719916224479675,0.02643899665412548,-0.037802100181579645,0.014799219157014574,0.027119660119003217,-0.027824923396110535,0.03500529155800384,0.14352835990642765,-0.27050188346765924,0.00458788446017674,0.016617001563141023,0.010113239288330078,0.05914092808961868,0.016461732333197043,0.026996925473213196,-0.2814363401848822,0.03672228596153338,-0.07582578971050682,-0.06432225874492101,0.03404063505106859,-0.047300100326538086,-0.010856110070432936,0.011371292220364313,-0.0034584850072860718,0.14835677764910668,0.07425551876404615,-0.10147317289374756,-0.08803093859127589,0.02963991964827866,-0.06954321265220642,0.20768120884895325,0.031222224147503416,-0.024633884429931696,0.1335820108652115,0.03287784360442955,-0.03576865792274478,-0.08766325882502965,0.01952682634105783,-0.0012114048004150946,0.1735247714178903,0.023435015119478007,-0.007918775081634521,-0.08195071388036013,0.10697727167012612,-0.23940081801265478,-0.004859494614241455,0.03576865792274478,0.08584274887089294,0.23940081801265478,no_punch
v_BoxingPunchingBag_g06_c05,1,7,4,0,250,125,250,sampled_no_punch,2.9929152466657802,2.1611496318422962,6.981935312819284,4.298092961067902,2.392913086316346,7.629990475234553,1.5828720912015797,1.3633575937788247,4.069890253883646,2.5419874540867182,1.2751986923415533,4.314008281623895,-0.08349694063266118,0.006655784433263172,0.0066895633935928345,-0.041905902326107025,0.04330495262830553,-0.11453472077846527,-0.24956263095373288,0.19200591066246672,-0.4647756624035536,-0.13015257567167282,0.018740845402397628,-0.042238280177116394,-0.07388353596131007,0.051369868709571394,-0.12779013812541962,-0.27160140086198226,0.19358955155347646,-0.30240295594558114,0.017781612773736317,0.02264480760788254,0.05513794720172882,0.03201023489236832,0.02453930125924216,-0.05598454177379608,-0.2728396488625246,0.0809874060507833,-0.17000110214576125,-0.1162477359175682,0.03466323045543329,-0.07984505593776703,0.002436019480228424,0.01563798248505146,-0.048337504267692566,-0.030127594771329303,0.1129992816662963,-0.19151402777060855,-0.11159077286720276,0.022726071611060727,-0.060439467430114746,0.08796225984891255,0.029403348835335078,-0.07674384117126465,-0.06255939261366926,0.20331620723458188,-0.4835324864834546,-0.06877169013023376,0.008884688335090953,-0.003813326358795166,0.06578197081883748,0.046717085705001146,-0.10405135154724121,-0.3684985224002351,0.150258795346867,-0.19900510273873812,-0.08002857702685853,0.4835324864834546,0.16677702660862292,0.19900510273873812,no_punch
v_BoxingPunchingBag_g06_c07,108,113,110,4250,4500,4375,250,sampled_no_punch,3.058391574154743,3.3636600745174494,9.481698947751703,3.022140847493308,1.563498510586888,5.76963915828566,2.0458582221616197,1.997732742007187,5.987381362404352,2.4246375075044755,0.8586348595029487,3.9578553254897084,0.26388383097946644,0.028835210218496984,-0.03186843916773796,-0.01326520120104154,0.016711220581769756,0.04345676302909851,0.1795379634325703,0.1479777682920218,-0.3414973746985196,0.33075362133483094,0.10551204118635044,-0.23329551145434385,-0.012438772867123285,0.07812643664249024,0.166521817445755,-0.2466685582573215,0.06643537486141202,0.06776744313538074,0.12849018660684428,0.01871483453049024,0.02382995560765261,-0.055935620019833245,0.03202372948094863,0.061745673418045044,0.2949532348041733,0.08273461919600593,-0.16339119337499142,0.16618806309998035,0.08874631695911823,-0.2076030783355236,-0.004478324204683304,0.05186540149877541,0.0849027931690216,-0.39085220887015265,0.0368932530084072,0.05337035842239857,0.23011935502290726,0.04862969593881887,-0.09307017922401428,0.2049029419819514,0.015861433980571098,0.04650169610977173,-0.0413421678046385,0.15078017824160084,-0.36282553523778904,0.29232364644606906,0.07817184980210949,-0.16397269070148476,0.15961398681004843,0.09054278993689276,0.20319205522537231,0.13511696457862854,0.058110141575352214,0.0371070802211762,0.15084542980886062,0.36282553523778904,-0.021201287650465195,-0.0371070802211762,no_punch
v_BoxingPunchingBag_g07_c01,39,44,42,1500,1750,1625,250,sampled_no_punch,0.7170484038083341,0.4555110733882145,1.2438265029067574,2.1375087131901624,1.3503148981856976,4.35692470351819,1.005675492220459,0.6140817489916637,1.9096513482540194,2.290271134647489,2.191849688317951,6.082172339962253,-0.019739170869191486,0.01852567770296097,0.021543994545936584,-0.14520392442742988,0.019123558485732273,-0.043829612433910425,-0.3051780121556173,0.019359763502478974,-0.04803277086466551,-0.0832670231660207,0.011358765610564309,-0.026314541697502136,-0.12316836044192318,0.031490934166522745,-0.06389125436544424,-0.13713916088454423,0.047275635851127804,-0.029603804461658,0.06254396835962932,0.02213004750655264,0.02893407642841339,-0.07845134163896243,0.0208877646528589,-0.03251632302999502,-0.21078594347151616,0.03693367893250278,0.057744760997593375,-0.08262680967648824,0.017770052587957958,-0.05364476144313812,-0.043903958052396795,0.02577847243773095,-0.05894371122121811,0.006989078208183258,0.07984615078838068,-0.0984468953683972,-0.06288690368334453,0.01760568603910089,0.011516094207763672,-0.011805787682533255,0.017719016711579005,-0.03828209638595592,-0.2349529458830754,0.04855813758886719,-0.11247377470135692,-0.033915589253107704,0.012807362668357438,0.005197882652282715,-0.017522955934206653,0.028899543948490904,-0.05520665645599371,-0.24626895226538173,0.037145316961385476,0.05331165343523031,0.10942242145934533,0.11247377470135692,-0.04381064403742921,-0.05331165343523031,no_punch
v_BoxingPunchingBag_g07_c01,245,251,248,9750,10000,9875,250,sampled_no_punch,1.8891606551856326,1.1794105886660342,3.633635888509678,3.178797281639895,3.559326762700726,10.95402334087779,1.776148822200991,0.7986018854734979,3.080890437000842,1.866821728539298,2.4090709890293494,7.15835745159501,-0.04524547713143485,0.060969694427517866,0.15774480998516083,-0.09524459817579814,0.03165236169823555,-0.05882250517606735,-0.2700446502240083,0.06515991378994006,-0.08159636524578667,-0.08966826541083199,0.07908564451959052,-0.15930290520191193,-0.09041953406163628,0.011006613771744077,0.013046987354755457,0.04428109965010659,0.15847697799814872,-0.27623990741631127,0.024158460753304616,0.044330577665789545,0.09633724391460419,-0.08265064763171336,0.024379004621641432,-0.06676989048719406,-0.21813703422178926,0.06391050156033164,0.1365295145187701,-0.07282521043504987,0.052771265689711064,-0.0919811874628067,-0.07214841565915518,0.007411733783048823,-0.010936908423900549,0.1216964430241205,0.10855630554769372,-0.2231994253124866,-0.056774675846099854,0.04911561027580242,0.14033502340316772,0.03633037635258267,0.03184452729715741,-0.06472447514533991,-0.1537217487181936,0.09996204747994178,-0.19110029935836792,-0.06261396408081055,0.05123421931247835,-0.11022806167602539,0.029517288718904737,0.01249132952123304,0.0039152503013611395,-0.06305493893367903,0.10567011937118335,-0.11281787231564519,0.12282681633948431,0.19110029935836792,0.15543897032492932,0.11281787231564519,no_punch
v_BoxingPunchingBag_g07_c05,101,107,104,4000,4250,4125,250,sampled_no_punch,0.8850749130140511,0.8449686311198381,2.553983978623227,1.9279924979787695,2.132117492976424,6.126164037411634,0.7877766012119993,1.0484695779877764,2.8764406152860373,0.7669792806743903,0.6946159752211286,2.154715940785055,-0.0538967102766037,0.005108768974367234,0.001438051462173462,-0.09358714769283931,0.008866209002886809,-0.02342657744884491,-0.24944906549838683,0.04865245430218477,-0.14961631642654533,-0.08338375389575958,0.009012144183667649,-0.023670166730880737,-0.07869844883680345,0.016708996858664574,-0.04563008248806,-0.08550137211568654,0.10646958835143033,-0.28374332981184125,0.04246049622694651,0.012111291569393886,0.031050115823745728,-0.03669559210538866,0.003441502966740418,-0.008115425705909729,-0.1939499247043083,0.040885357995072986,-0.12315812380984428,-0.07619084417819977,0.009116001505277515,-0.024491697549819946,-0.013513552645842244,0.006013594313535027,0.007126376032829285,0.07621468114666637,0.03398872184037539,-0.08658240782096983,-0.08140239119529724,0.008921661903211742,-0.028457999229431152,0.0388309756914775,0.0048189186086709445,0.007501155138015803,-0.17761286813765764,0.03321748061632707,-0.0936437603086234,-0.03407926360766093,0.006431075681450699,-0.013103127479553223,0.021106377243995684,0.015370981783185293,-0.041475981473922785,-0.2300192633022864,0.12406896447392912,-0.3429635167121887,0.09661074820889201,0.0936437603086234,0.24790151025031973,0.3429635167121887,no_punch
v_BoxingPunchingBag_g07_c06,39,44,42,1500,1750,1625,250,sampled_no_punch,0.9744935906527914,0.5625115112919812,1.7674202712376752,2.200125500462746,1.1598812269017984,4.405371454019032,0.7802082045623837,0.6014218184376813,1.8807746836077666,1.036684660674593,0.3854613399315861,1.4531920284714928,-0.07369492451349895,0.011244495974844462,0.032560452818870544,-0.0813945457339287,0.015477543227481357,-0.0034986808896064203,-0.23572498078768453,0.025266579705192766,-0.038796285167336464,-0.08556162317593892,0.016827942838782462,0.0020295828580856323,-0.06083609412113827,0.023754186947846777,0.06979956477880478,0.06462896661832927,0.05982249396022474,0.056365406140685095,0.020159681638081867,0.010321866194998693,0.02485482394695282,-0.06945896893739702,0.01154938650549385,0.006608538329601288,-0.21761139746134475,0.019237171986555186,0.024814089760184316,-0.06275307138760884,0.01856476052799024,-0.014406934380531311,-0.03336286296447119,0.018217992689417702,0.028430990874767248,0.16562010332321125,0.01770816910254869,0.039043864235281917,-0.08382172385851543,0.010739804588248194,0.03428947925567627,0.054669509331385306,0.015619147796193831,-0.0024950206279754084,-0.12181812835236393,0.03338819022570652,-0.0798996686935425,-0.0478078822294871,0.012635850644017387,0.03064340353012085,0.04107903937498731,0.019327519661504,0.05601558089256281,-0.09979969449341296,0.06939135332691569,0.0338276326656342,0.051031444247207874,0.0798996686935425,-0.007609697439942137,-0.0338276326656342,no_punch
v_BoxingPunchingBag_g07_c06,76,82,79,3000,3250,3125,250,sampled_no_punch,1.898016552392216,2.276795786121709,5.783727098536668,3.503555189328813,3.6291019527124835,9.657448895885718,0.93338873414077,0.9285574151513901,2.4886116464288706,1.3888156010202493,1.1608032314489154,3.3146890230365753,-0.051618045568466185,0.004882925657643067,0.012130215764045715,-0.062985497713089,0.0068399678535231755,-0.012824296951293945,-0.22474163621664042,0.08804082526134982,-0.19042147323489186,-0.07760757803916932,0.019337148192948257,-0.04964153468608856,-0.056181335449218786,0.01161473708441808,-0.022903680801391546,-0.08393401801586149,0.15213944508813335,-0.3737959899008274,0.011232060194015459,0.01990665745671344,0.04844851791858673,-0.013657504320144676,0.0013425060823902132,0.001156538724899292,-0.19343768060207361,0.03321012814747373,-0.07545645907521245,-0.07489719986915588,0.024680731886335877,-0.05829553306102753,-0.01694431304931644,0.012846732577045139,0.03264951705932623,0.08769512921571729,0.055115068891160024,-0.1252396143972874,-0.08030384778976436,0.016802487201717762,-0.0384693145751952,0.056729507446289074,0.006628785275096132,0.012667000293731634,-0.11942718476057053,0.09022920723600601,-0.20761184394359591,-0.04717662334442139,0.004478073414325938,-0.005501508712768555,0.05474246144294738,0.018161670697273043,-0.04321944713592529,-0.21548760831356045,0.16117016374811893,-0.40956084430217743,0.0937555443955543,0.20761184394359591,0.1691061444310073,0.40956084430217743,no_punch
v_BoxingPunchingBag_g07_c06,233,238,235,9250,9500,9375,250,sampled_no_punch,2.0919978590711334,2.3026664603136715,5.344498459479708,1.229258416794184,0.8608269022807822,2.4434247269410627,1.4207790505220015,1.0833367823827351,2.8802651292209247,1.117477907041176,0.6254605951823751,1.9987713434409273,-0.016703465580940248,0.046119034154143985,0.11193457245826721,-0.05612493902444843,0.055488461104428434,0.14594548195600515,-0.2406851019419264,0.06494889720402079,0.2033998879196588,-0.0953214555978775,0.005926760047614948,0.00904276967048645,-0.07468840628862382,0.01043045059436117,-0.020233578979969025,-0.1754552807367872,0.05481518380204671,0.00258860611938877,0.05646304786205285,0.012371391673359156,0.02775380015373219,-0.0251533702015877,0.008472678796406927,-0.023557610809803065,-0.15858843435416925,0.06942682344870821,0.2176193805935327,-0.10767257511615753,0.005264312881828059,-0.0009125173091888428,-0.014313890039920818,0.004926576627696019,-0.008060909807682037,0.033596262364881106,0.040327959385352434,-0.011186170711880591,-0.05550227165222168,0.0481607728215372,0.12786388397216797,0.07167724967002868,0.054493082750956115,0.1442195475101471,-0.17342501643579453,0.03889540300387835,0.0932959864148871,-0.03740253448486328,0.006711049814159877,0.012111246585845947,0.026809448003768954,0.013173319940125843,-0.024650216102600098,-0.293857717514038,0.02752581335023326,-0.008597075939178411,-0.005062981267203337,-0.0932959864148871,0.004103305812249047,0.008597075939178411,no_punch
v_BoxingPunchingBag_g07_c07,120,126,123,4750,5000,4875,250,sampled_no_punch,1.4257746733458665,0.7471736021867045,2.6298750833669526,0.9491960522007551,0.5531342384992368,1.9233832253849676,0.7920391608368393,0.3833999496033949,1.3958828760969835,0.8574660834446547,0.5193163588353323,1.7694293262292573,-0.09151997310774666,0.012873350168172669,-0.034939467906951904,-0.07596305438450408,0.0034037892237853045,-0.008403599262237604,-0.17161266249604523,0.05040080526477291,0.16879242216236892,-0.10728523135185242,0.0034692483977283844,-0.006272673606872559,-0.07859748176165993,0.022187993994308722,0.0542494654655456,-0.1277300415760172,0.027157333100289765,0.0815258037764579,-0.0008755879742758614,0.01939038869882653,-0.05781835317611694,-0.03266088025910515,0.006452280089980291,0.018374353647232,-0.18778471791717624,0.02171232700749219,0.07271294039674098,-0.09461198108536857,0.00913589164450861,0.030487000942230225,-0.013347928013120418,0.01064505633200803,0.03293651342391968,0.08060940424911671,0.02001994692103011,0.07262990367598832,-0.11641229901994977,0.008384119675362026,-0.020754098892211914,0.08957096082823617,0.007113979114318048,0.013751596212386974,-0.0865869571321777,0.048148221448535734,0.13706492166966203,-0.05521634646824428,0.004522317886218863,-0.009164750576019287,0.05423218011856077,0.02671008178683476,0.06993266940116877,-0.3071338209722723,0.023134937411424233,0.0268897525966168,-0.038491634398117924,-0.13706492166966203,-0.015270737884535923,-0.0268897525966168,no_punch
v_BoxingPunchingBag_g08_c01,183,188,185,7250,7500,7375,250,sampled_no_punch,1.266968923050396,0.8353529740974237,2.668618513589349,2.1349453739218403,1.2863733192086713,4.427668848324619,0.5378086887407205,0.3988141959155128,1.3089178140976112,1.2368498139969373,0.9009911645327565,2.317916071387057,0.08065531790877384,0.021831516512696773,-0.05272501800209281,-0.06528819104035696,0.008384606776673456,0.0049287378787994385,0.055678009365995706,0.0766757917281933,-0.22831680532544835,0.10858886331940691,0.02792809373122703,-0.07257150206714863,-0.05896972119808199,0.016435653789355048,-0.006623268127441462,-0.015175001695752135,0.06288245316292033,0.03282846976071596,0.023605205273876596,0.005260456646617676,0.013219035230576992,-0.039011627435684204,0.004248194021936815,0.007540494203567505,0.13897092454135415,0.03426155372503206,-0.09378384705632925,0.07603771379217507,0.009164778369547833,-0.024067730642855223,-0.04297214249769848,0.012514949800245506,-0.010152965784072876,-0.13290160087247685,0.03316005433548875,-0.012365690432488946,0.08484600608547531,0.027342001241856817,-0.07146793603897099,0.06549479067325596,0.006033062393890448,0.007724851369857844,-0.09168338651458423,0.08134433416731633,-0.2496254146099089,0.07063404843211174,0.02391618672429013,-0.05748859792947761,0.05848540365695956,0.014294651150166171,0.009800493717193492,0.10139546667536098,0.06574608115173414,0.017298068851232515,0.12580255475119667,0.2496254146099089,-0.024641430925379113,-0.017298068851232515,no_punch
v_BoxingPunchingBag_g08_c02,145,151,148,5750,6000,5875,250,sampled_no_punch,1.5137645977239025,1.8806445576653847,5.494702110408276,0.9932926350347762,0.9312001047715992,2.9608535583820825,1.1523529455172832,0.9633891825023113,3.195931620781921,0.40996540253709296,0.26276153033511485,0.9625124048103151,0.05578725252832682,0.014552778395987375,-0.04024886712431908,-0.08974534166710717,0.011130783882284223,-0.005182139575481415,-0.0359746128586786,0.13007136909352177,0.2991139339283108,0.005053192377090426,0.0171219344505965,0.01926422491669655,-0.09539733507803508,0.008768129354327886,-0.005787543952465002,-0.31280303254191366,0.0666288889395972,0.11642035935074097,0.06035935453006199,0.015613555981832667,-0.040964361280202866,-0.05520868620702198,0.021378831861289888,-0.02179654687643051,0.06995544063725642,0.06926463875097148,0.1548309633508324,-0.03631639267717092,0.011113184522395835,0.015657413750886945,-0.06418977784258979,0.008792976350417071,-0.00723709911108017,-0.26717650291642964,0.006967706352164616,-0.002583711408078726,0.02454727462359834,0.008690835066088429,-0.019541382789611816,0.005177497863769531,0.009246148327134112,-0.004059851169586182,-0.14304446562060283,0.11038078570534962,0.25636477395892143,0.03910646481173379,0.015098785695303511,0.015356719493865911,0.009155294724873126,0.012808725219419703,-0.015926271677017156,-0.19867134307112014,0.09089578598878548,0.1684817671775818,-0.2566327098821795,-0.25636477395892143,-0.1625611096257818,-0.1684817671775818,no_punch
v_BoxingPunchingBag_g08_c02,295,301,298,11750,12000,11875,250,sampled_no_punch,2.8348621711423987,1.8915868962829818,5.450178204639251,2.0750460434893774,1.5496793748074125,5.377442112056207,1.9031122155295837,1.4494354760476542,3.7532978072213665,1.689560559974435,1.6092852901311299,4.7795264438146505,0.022005225398710804,0.06486771147516181,-0.10431618615984906,0.04089588139738355,0.024868927323136728,0.026937469840049744,0.05928942576948818,0.11352029640431016,0.19574018410639826,0.12615453079342842,0.04573846694946667,0.06023449078202253,0.06116311252117157,0.02778378034666899,0.02887992560863495,-0.06554577563656494,0.0875074050481878,0.16338371328311024,-0.02114197345716612,0.06945060093396521,-0.13458814844489086,0.013925631131444658,0.023485421847632415,-0.04557617008686066,0.0522604815113092,0.04789062826850051,0.011803729750681474,0.06635325880987303,0.05777284823450682,0.11129562929272666,0.022356248327663968,0.02177865291567344,-0.04692681133747101,-0.11173413545059573,0.08043022787764513,0.17271094612078747,0.03207553923130036,0.01989665573360118,-0.000611111521720803,0.16858088970184326,0.027992355238490918,0.07601583003997803,0.03340888778412982,0.11742586356228464,0.2666777793783693,0.09680455284459251,0.03216775867708266,0.0002800822257995883,0.17828249079840525,0.02317475413294602,0.039534032344818115,0.02975134418479033,0.03187536305658423,0.033790510147809885,0.07455852750355715,-0.2666777793783693,0.043365423501822875,-0.033790510147809885,no_punch
v_BoxingPunchingBag_g08_c04,8,13,10,250,500,375,250,sampled_no_punch,2.263511591058345,0.9027481567774512,3.362913397876127,1.7483316465396652,1.148911993413761,3.9550222124080743,1.5500048604635783,0.8545983350482804,2.8627311837221376,1.464709563185236,0.9107590393353091,3.013367595469249,-0.08803856931626797,0.012997662117512321,0.033300802111625644,0.025617536157369614,0.010206206442235946,0.003215871751308441,0.1950373832175197,0.05246826270251581,0.012588475598022342,0.08653715935846168,0.011463156827690281,0.019938349723815862,-0.1120264766116937,0.020492439205002766,0.041027866303920746,0.31335701011509326,0.10129662249846816,-0.2846392795909196,-0.11148588173091412,0.0037634845226094393,0.008716449141502353,0.01658753181497256,0.008828591465629676,0.010108612477779388,0.08035394465938826,0.05740314888458973,0.11425848002545538,0.11701223937173684,0.003910096524026475,-0.004152178764343262,-0.07480603829026222,0.02443815905608203,0.05996742099523544,0.10643942198172829,0.0874711762014121,-0.2239919409621506,-0.012059405446052543,0.012437260008213519,0.027605101466178866,0.16013585527737936,0.011281774417628457,0.024521291255950928,0.20934406698991848,0.04767127546266902,-0.10380933061242098,0.031199201941490173,0.00824730522404355,-0.00041815638542186395,0.04692929486433666,0.022902982463000276,0.06033399701118469,0.34997605501363677,0.05810909303272633,-0.17055225931108003,-0.07462592325232059,0.10380933061242098,-0.1554816004907359,0.17055225931108003,no_punch
v_BoxingPunchingBag_g08_c04,83,88,85,3250,3500,3375,250,sampled_no_punch,0.7166123765959946,0.6145369566232658,1.8657951014926926,0.7787086987995028,0.3116841462323612,1.1445417592618994,0.938416346297168,0.8662787143514102,2.523903477788268,0.8988831121034162,0.8085032739926549,2.481212882857786,0.014528340267133878,0.006408082003081457,0.012998233782127555,-0.013112222154935202,0.012121688391931569,-0.026449106633663177,0.11340113901921235,0.023248892456074324,0.023911550175398547,0.04724195280869023,0.008085565610402464,0.01827711914665995,0.002877886096636454,0.024643383391527482,-0.05258657783269882,0.14345438951083148,0.01739373404854272,0.007784381043165811,-0.018354910270621406,0.009121249680686696,0.006559939356520748,-0.033518885572751365,0.005829676944209205,-0.005503498017787933,0.041398101660888635,0.053020402930420485,0.14158103568479402,0.07098782613077974,0.010024181897386259,0.031032915459945846,0.0003994951645533244,0.010084493199903356,-0.01879873126745224,0.05433476687176153,0.05223238858161192,-0.11137839173898098,0.04290607332950455,0.009960438226321248,0.02927374932914971,0.11554720501104991,0.004077170955529499,0.0018420815467835028,0.13749481365084643,0.06749661120289951,-0.1317763477563857,-0.014111734926700597,0.008373714374211961,0.0023308694362640103,0.10786154369513197,0.01774405720242128,-0.035793632268905584,0.14473959687165913,0.043629215872103846,0.1265017036348579,-0.07772865739454013,0.1317763477563857,0.085470695954461,-0.1265017036348579,no_punch
v_BoxingPunchingBag_g08_c04,158,163,160,6250,6500,6375,250,sampled_no_punch,2.5377695463066807,2.3771215048020715,7.002529740961894,1.8576116808761582,1.388850270082144,4.432260390446533,1.206361279560351,0.9151900551699567,2.9785359377136142,1.4255189709617455,1.109689379711598,3.501526627462631,0.10953774660204851,0.015784110217782008,-0.04639092274010187,-0.0749147397776445,0.006299665263806135,0.0027964562177658636,0.09793928762276964,0.08113621482058117,0.14381054043769842,0.15120007703080773,0.024904038847814586,-0.015043364837765638,-0.08059371138612431,0.014373662156268707,-0.02507705986499792,-0.07005149502462392,0.06126876187708519,0.019651785260066324,0.06213040013487142,0.024413834236793688,-0.05164066143333913,-0.07596084599693619,0.00543081914878418,-0.007095828652381897,0.11240058578550811,0.02616398733882768,0.04914392530918124,0.09684354548032087,0.02815474703968315,0.024391738697886453,-0.07044133171439172,0.0157444952403544,-0.016003742814064026,-0.14310560685892898,0.03608749415708859,0.06877721846103672,0.09656619280576707,0.01896089039989698,-0.03825922310352331,0.03282166024049125,0.010561821372516699,0.008706331253051758,0.014216783766945183,0.08779726450971481,0.15462072193622603,0.11596396565437317,0.017015203459856142,-0.032942160964012104,0.016553560892740914,0.009620742306117596,-0.022617399692535456,0.03338839047743627,0.0573141242382704,-0.018106349045410905,0.05707278833885761,-0.15462072193622603,-0.03855872790880724,0.018106349045410905,no_punch
v_BoxingPunchingBag_g08_c05,64,69,67,2500,2750,2625,250,sampled_no_punch,4.175277435514697,3.4274085213279877,10.044599740284143,2.9474000470889243,2.6087285551686272,6.303732495013445,2.1686906021699968,1.5583450270593489,4.975111890393963,2.0170024450666117,1.533675180656464,3.973542757903502,0.06389790587127209,0.03542192035502176,-0.059714701026678,-0.03394594912727674,0.04778998199706326,0.12763449549674988,-0.015132252437372993,0.16421790916391407,0.218304319307208,0.10573818845053516,0.054280944122966336,0.1532696820795536,-0.07232927903532983,0.03363418413837903,-0.10075968503952026,-0.13146531116217372,0.08244446457229508,-0.023974956944584902,0.045151528591911017,0.05257055082068571,-0.11963349208235739,-0.03368397677938143,0.008045383253431076,0.017028063535690308,0.07056679188584286,0.0770435611320371,0.12124684918671833,0.04564289810756844,0.05072276495039123,0.13610254600644112,-0.03750051185488701,0.03891246572627204,-0.1121499240398407,-0.19076726616670683,0.048857944495901084,-0.026050211861729677,0.04521164670586584,0.025623045047785235,0.006847426295280498,0.06346284349759423,0.0563173160318462,0.15418869256973272,-0.11269700589279329,0.162412942680836,0.1954075768589974,0.10198193291823072,0.028838911278472955,0.0792198479175568,0.024573226769765227,0.02652574989879215,-0.07937237620353704,-0.006772649784882873,0.07419595952200839,-0.01266421377658851,-0.03296746935472189,-0.1954075768589974,0.06331985986843355,0.01266421377658851,no_punch
v_BoxingPunchingBag_g08_c05,376,382,379,15000,15250,15125,250,sampled_no_punch,2.009840680722367,1.3469568372056233,3.9892656606069004,2.303276053683902,0.5862660426593512,2.951770024659098,1.114428762972011,0.2543326813431454,1.4663492998274426,2.032344659808066,0.9440202306236185,3.4687858648626166,0.06357815861701964,0.011719920461656928,0.010002152994275065,-0.047496063013871555,0.013511708220508324,0.019665919244289454,-0.11238768106947343,0.11445365145884802,0.24352156382519738,0.0817489822705587,0.04085888795177527,0.0929738599807024,-0.051925209661324856,0.014661416498409184,-0.03650645166635513,-0.11312326602637764,0.0933871444830762,0.18553534161765117,0.04931896924972534,0.02284740223104815,-0.03400225751101971,-0.03766653686761857,0.03030606867920798,-0.04951763898134237,-0.04198944475501776,0.05624353665676515,0.13415040832478542,0.03889393558104833,0.049140859689078824,0.10050527937710277,-0.039328125615914665,0.019797150953267954,-0.036982692778110504,-0.08707095061739284,0.06554389236359053,0.1039456987055019,0.036234942575295775,0.028741233890560613,0.048670530319213784,0.035590703288714075,0.022559174973655633,0.05634543299674993,-0.12227288928503788,0.12114170222658678,0.23675599787384258,0.07358920201659204,0.017236681384416627,0.04418031871318813,0.03601882855097452,0.01893160972685526,-0.03147363662719732,-0.07542570750229062,0.06019471088084379,0.1442437521181999,-0.03942296561270636,-0.23675599787384258,-0.024579955387839428,-0.1442437521181999,no_punch
v_BoxingPunchingBag_g08_c05,383,388,385,15250,15500,15375,250,sampled_no_punch,2.01212737714929,1.3891694558999987,3.9878608533288387,1.905702618408093,0.8051400468702938,2.762066505249815,1.2762779605961527,0.8135985225262797,2.2461529085838783,1.745004990421192,1.0919224897934712,3.568182104462888,0.08785814419388771,0.015230016031794951,-0.020667152479290907,-0.05201395973563195,0.022438062431819367,0.06688140332698822,-0.057769619917962665,0.14682683437539767,-0.3741085646906867,0.09937633201479913,0.04059148276852394,-0.13057597167789942,-0.07400533681114517,0.01728737486748074,0.058098539710044805,-0.14353024825686586,0.08132349265954136,-0.1382801091531292,0.05590263878305753,0.019532185270972974,0.04133663885295391,-0.035529137899478286,0.03234321596282108,0.08503611385822302,0.015213152645931897,0.0806333060522199,-0.1980576372006907,0.04766172046462694,0.04786379493770547,-0.12704946286976332,-0.05213581646482154,0.014797126310785504,0.05046354234218592,-0.12736794948189822,0.04931631547660572,0.005755092366598588,0.060883780320485435,0.027446313498061346,-0.07566660642623901,0.03367623190085096,0.012358321807386293,0.014892458915710505,-0.11428555535773428,0.13487276728914663,-0.3280818536877632,0.0845879837870598,0.02141231164322373,-0.068459302186966,0.011403754353523263,0.013719723997982422,0.04685479402542109,-0.09886480883384742,0.08841917669406756,-0.2085426524281501,0.13030169636225925,0.3280818536877632,0.10050847555236522,0.2085426524281501,no_punch
v_BoxingPunchingBag_g08_c06,233,238,235,9250,9500,9375,250,sampled_no_punch,2.6166961023467055,2.6531653444805547,7.79831211317578,1.8389138247972663,1.431244972533237,3.910272237962557,1.15415238449663,1.2339309571266546,3.441830945888901,0.954169501087844,0.6672428760029891,2.0218712032960333,0.0491876248270273,0.00787654623325483,-0.018285047262907084,-0.05763921017448107,0.004302788428679447,0.0017151907086372375,0.041286441652725145,0.1448964924095018,0.27358654420822853,0.05721746819714705,0.0023109857660878266,0.004512865096330615,-0.06995653485258423,0.0021195584664351675,0.0016070380806922357,-0.07279105383592349,0.09095478078636579,0.25574847636744374,0.015606556708614022,0.023991721606235077,-0.06542366370558739,-0.016925889998674393,0.007665655882596296,0.0015532448887825012,0.08002606748292844,0.0629245025662161,0.10718849580734964,0.04848868337770303,0.01674349097443534,0.04670811071991912,-0.00949721410870552,0.006794825218507629,0.0073394253849983215,-0.11320552059138811,0.04574183646636544,0.12038557510823014,0.06138012061516443,0.006878823498946703,0.013744533061981201,0.042126640677452115,0.004829466622949243,0.007943809032440186,-0.03626885140935575,0.15485107557591377,0.3104090690612792,0.028731793165206923,0.017182766250542866,-0.04183161258697518,0.023793424169222505,0.00292997611910177,-0.0059051513671875555,0.017476908164098835,0.07684453542704635,0.2161048729903996,-0.0062144970443005765,-0.3104090690612792,-0.05893093392954005,-0.2161048729903996,no_punch
v_BoxingPunchingBag_g08_c06,333,338,335,13250,13500,13375,250,sampled_no_punch,1.5590854913991234,0.750483076482475,2.574628042075833,0.47047767267552776,0.20147635830385377,0.7312498349946331,0.7526677859446603,0.18258463757418034,0.9744836518876212,0.45780125097553953,0.35328485997663805,1.0120546111116737,0.12668428875767856,0.053235182968120576,0.1576191778294742,-0.07053960710763933,0.031180365135180237,-0.08579862862825399,0.15878736097365614,0.046232843047936234,-0.13011000957339994,0.23362042762601049,0.0052565460167711174,0.00802302313968542,-0.1497350350022316,0.017361730139425536,-0.036256857216358185,-0.21398080568760633,0.015344094186799733,-0.03356269653886554,0.04722836621367606,0.028907953683044763,0.08419241709634662,-0.08877952247858051,0.011661091694896555,-0.03315908461809158,0.1812965931370854,0.008422887020809414,-0.013855597935617053,0.15262245990597875,0.003178205463770062,0.0008734907023608129,-0.11947397738695147,0.009989231804162899,-0.02304590493440628,-0.24935226719826456,0.021937456925663887,-0.04987319465726617,0.1381619036197662,0.04946795124788967,0.14619191177189347,0.0554379105567932,0.027558464380041853,-0.07428532838821422,0.015945324301719657,0.06282618712236385,-0.1726387441158294,0.18709718734025954,0.008381416696897473,0.021754421293735504,-0.026422780752181962,0.01054409162510771,-0.011837929487228449,-0.041228094696998584,0.010711085226167778,0.011893242597580012,0.036387067438103715,0.1726387441158294,0.0192454893716609,-0.011893242597580012,no_punch
v_BoxingPunchingBag_g08_c06,358,363,360,14250,14500,14375,250,sampled_no_punch,1.9952350172492508,1.0077526594975292,3.7828709814301775,3.01623848639565,1.3095659458348625,4.870891377928252,1.061040727999773,0.5917536635775326,1.636792040896329,1.3492920240858557,0.3998306771663194,2.1083152720356457,-0.014171701871115744,0.01529825032317738,-0.036539198223181316,0.008164465427398682,0.023638943119442486,0.008605465292930603,0.19368830315458274,0.1161252744461341,0.3332014884799718,0.07431090155963226,0.013669705881079878,0.03214373686569158,-0.0011334021886189778,0.02631377709920237,-0.0653727799654007,0.1683594330873651,0.15893262333892297,0.3654596675187349,-0.07063763543616608,0.01020389549962535,-0.014581492261640905,-0.008480737606684366,0.011549765160241882,-0.01206536591053009,0.15291574775862193,0.046025508151250984,0.12374717928469188,0.10251984029734255,0.018380618089933288,0.05523798861759127,0.00039682785669962567,0.008835030858562371,0.020111843943595886,-0.0354528536166375,0.07233961454504363,0.17861529835499806,0.06610991861816728,0.0196426544101561,-0.04252430926135281,0.1934303641319275,0.0318815873763298,0.06793546676635742,0.11714465202142794,0.12056244939784305,0.34309620782732964,-0.0018042077620824132,0.007759557624311721,-0.0013668835163116178,0.1782906949520111,0.025987249962254162,-0.06486296653747559,0.2883084356047523,0.16328585157993514,0.38711433112621296,0.12442901048704907,-0.34309620782732964,0.2303835821955117,-0.38711433112621296,no_punch
v_BoxingPunchingBag_g08_c06,451,457,454,18000,18250,18125,250,sampled_no_punch,3.3963848328230406,2.8386366895296717,8.755182784807786,4.057185969974708,1.5460909939703977,6.156130896681793,2.8486063738791425,2.1854606390483067,6.542571713363652,3.422538556296903,1.6579974008411034,6.648580298959576,-0.009177963116339283,0.050788215966065794,0.08658843860030185,-0.057609189833913534,0.016465314383646762,-0.0206172913312912,0.20958496653474867,0.12351403747950673,0.006139868870377541,0.09615922666021756,0.04637008794737773,-0.07534066215157498,0.01880516537598201,0.07060509700444609,0.1496165543794632,0.0832545698753425,0.15001719502125554,-0.16074413992464537,-0.0541790175650801,0.05711051760210657,0.09690427407622337,-0.045423505561692376,0.02126254837776141,-0.023670479655265808,0.1672299397843224,0.08155895600120684,0.04254780150949963,0.07490578985639981,0.051708644575655084,-0.09641376510262481,0.006631861839975629,0.036234549525058536,0.0550389438867569,-0.057099270235214945,0.1095892160804654,-0.11583073996007445,0.018913360578673235,0.034183356534818035,-0.005542322993278392,0.13360131638390677,0.03599927199609617,-0.06973904371261597,0.10862292745150626,0.1099046137790655,0.014845713973045294,0.034805448991911736,0.024751228653557132,-0.024049878120422225,0.19148891312735422,0.06258800570139257,0.12047922611236572,0.17699033820203366,0.10950236974803854,-0.07880711928009981,-0.057929395890302826,-0.014845713973045294,0.0672162097614423,0.07880711928009981,no_punch
v_BoxingPunchingBag_g09_c01,45,51,48,1750,2000,1875,250,sampled_no_punch,2.9499901743735855,2.254715510298485,7.651701434767093,1.8972234357012587,1.3849052563184423,4.6706446115270355,1.7464714585763146,1.37186590057097,4.367259806630407,1.6470603802126706,1.213076720984186,3.8095750710388905,0.18099128242049897,0.026040567974201893,-0.06010792404413223,-0.1293400770851544,0.058198490508201306,0.11618010699748998,-0.2818410272843071,0.17394565559530492,-0.3547812392935157,0.12358444822686059,0.08641001728766855,-0.20870513468980784,-0.13578761794737407,0.09963628595797326,0.23222889006137848,-0.43143399418996914,0.045842205898886844,-0.06543188448995352,0.16160512289830617,0.007494657641215079,0.02100085467100149,-0.07019598888499397,0.04473834723358994,0.07411341369152069,-0.029259918369851718,0.08520546347467063,-0.20311095393844875,-0.03539774779762543,0.07735033991312916,-0.18697672337293614,-0.06233864916222436,0.06484543407231921,0.15231935679912567,-0.38245604865785154,0.03283073970423629,0.0570186460390687,0.0821147518498557,0.03305694953575079,-0.08269041776657104,0.05411607027053833,0.05614036595688671,0.10924929380416876,-0.3630268994186605,0.1681110492204579,-0.2671585716307163,0.16998649069241115,0.06523210935773946,-0.1450147628784179,0.094378479889461,0.10141758099405568,0.2308313548564911,-0.23634578713348933,0.08544565858525333,-0.1526522338390351,0.239627665352428,0.2671585716307163,0.08335000207990217,0.1526522338390351,no_punch
v_BoxingPunchingBag_g09_c02,158,163,160,6250,6500,6375,250,sampled_no_punch,3.8133906060224776,2.6852606984108425,7.831777847363394,2.7502339261458846,2.9004469026942092,8.42864011193593,2.375994988301287,1.4784085061377006,3.724510753573689,1.8780871103653467,2.22835586972554,6.160282109397539,0.28239741331587237,0.08008661309041634,0.18296209722757345,-0.22189546128114065,0.11934463959460977,-0.27284275740385056,0.2648814519246419,0.10200640440287985,-0.028680197894573073,0.36167569862057763,0.07650714744761382,0.20664475113153458,-0.3455501397450765,0.0790854375657788,-0.20741454511880886,-0.33457163721323013,0.052251212521157664,-0.006370745599269867,0.14298200265814862,0.03603314125872927,0.07529980689287187,-0.22115877270698547,0.07919661257065234,-0.20281799882650375,0.3998834813634555,0.06843094344199906,-0.04101806133985514,0.21420780227830014,0.06419712615096057,0.16945523768663406,-0.2898428440093994,0.041467191799950794,-0.10023104399442678,-0.4688666835427284,0.034127934054351966,-0.08050446957349783,0.25918176025152206,0.07883593725911177,0.18927958607673645,0.0044319281975428075,0.12089386202091663,-0.27121007442474365,-0.05208011716604231,0.08021647331935516,0.025163322687149187,0.3307868813474973,0.05423206500145634,0.15085926651954648,-0.08963051438331603,0.09096074014264863,-0.25872839987277996,0.009440322717030833,0.07307856236185796,0.0630020797252655,0.11905746111319593,-0.025163322687149187,0.1347195124374656,-0.0630020797252655,no_punch
v_BoxingPunchingBag_g09_c05,39,44,42,1500,1750,1625,250,sampled_no_punch,3.3896877921462503,3.043410074739441,9.406259509916776,3.961480156315811,2.5077118208918012,7.0117745697162235,3.0987054789836903,2.3989370567066075,6.769414463238945,3.0734338097870717,1.9942660447869667,5.555096363303438,0.19202539697289467,0.03652701032730782,-0.11566578596830368,-0.02545267343521118,0.018427407027487276,-0.04018773138523102,-0.20342085741382712,0.13042344113744817,0.36350334994494904,-0.034620077659686437,0.06758338536591427,0.1859352365136147,-0.01589806874593099,0.056334639039060726,-0.1616092473268509,-0.37761526537360623,0.08373627711831712,0.24617492966353893,0.1465650238096714,0.019223742619293337,-0.06520616263151169,-0.027175764242808025,0.01206311707728349,-0.00843067467212677,0.010800946678500645,0.09477456929908126,0.29420456103980536,-0.09581340476870538,0.060898414078126406,0.15476683527231216,0.005524228016535441,0.030492149041532482,-0.09901298582553864,-0.3018265985689747,0.040395348088570544,0.03706705383956432,0.1077093134323756,0.028320225487867463,-0.07653626799583435,0.1196273962656657,0.013634197821833014,-0.031010866165161133,-0.25688864841746795,0.08326571950376752,0.1069833785295486,0.030518755316734304,0.051866914031652424,0.14953669905662537,0.1318991780281067,0.03885211735457691,-0.10751092433929443,-0.19608566413323092,0.08588487358714957,0.21018275618553167,-0.13029758634648383,-0.1069833785295486,-0.14755465810701598,-0.21018275618553167,no_punch
v_BoxingPunchingBag_g09_c05,164,169,167,6500,6750,6625,250,sampled_no_punch,2.5069382139843386,1.4901619553484644,4.483065041217906,1.8821125467292965,2.083070421100988,5.978659692817009,2.668165651409891,1.0399973568184548,4.162653267168978,1.0223612952865575,0.8286411965652308,2.501982879569302,0.1303802157441775,0.01039853962301709,0.004830133169889339,0.015139147639274597,0.05917087371003001,-0.14759869128465652,-0.2384557221472884,0.1179266142809815,-0.32080271723680204,-0.012193704644838951,0.014210347414389897,0.02800568565726283,-0.04688009123007456,0.023765712543284582,-0.06516499072313309,-0.38249582739081234,0.08187546186479014,-0.2570120382588357,0.12710956980784738,0.004387546507409486,0.012185465544462093,-0.027109528581301372,0.009444424678430258,0.02799718827009201,-0.06617670323854934,0.04061370942929872,-0.060087046353146406,-0.100303769732515,0.00507390410182226,0.008573587983846609,0.014110331734021505,0.009997015380227105,-0.022500164806842804,-0.22921076358761638,0.052193735915506405,-0.15578658762387937,0.06981853395700456,0.008693257762188688,-0.00479188561439528,0.17262205481529236,0.04499558552520881,-0.11200812458992004,-0.21549808497851095,0.16130929733697344,-0.3835699604824186,0.0737312560280164,0.015313968152409192,0.03557813167572031,0.09233787655830387,0.009519440307100842,-0.019615948200225886,-0.26378398140271503,0.07080854855127042,-0.22330430150032046,0.2600974484093298,0.3835699604824186,0.19793662499275122,0.22330430150032046,no_punch
v_BoxingPunchingBag_g09_c05,170,176,173,6750,7000,6875,250,sampled_no_punch,0.8477316065648433,0.6466756330975575,2.039820989666126,1.5477540674302215,1.558921793723151,4.697179039876194,1.027082398210456,0.6383225787404792,2.2196928963565448,0.6428831068496322,0.46391361216549376,1.39962294155825,0.1348197901887553,0.013095329579046416,0.02334411069750786,-0.10202283199344363,0.006419005192854148,-0.019055485725402832,-0.4662489967221128,0.0437184042769801,0.11374739930033695,0.04427244354571618,0.012112970329837141,0.028719808906316757,-0.13880556502512523,0.01760170887842431,-0.06102311611175537,-0.49591653597807245,0.06832228124626968,-0.0325980968773365,0.14580618217587474,0.007267435326938339,0.020815920084714834,-0.03746128614459719,0.010137371109556145,-0.030965745449066162,-0.10028717616972109,0.06183160696494466,0.1628545494750142,-0.05012909908379826,0.017358859439343056,0.03856694325804716,-0.011919640004634857,0.007240470778413638,-0.013271510601043701,-0.39322540074187723,0.02812757092233389,-0.09182833507657051,0.07166372026715961,0.01435810705611932,0.023181527853012,0.08686831593513489,0.005302152672476962,-0.009451031684875488,-0.5737048867823822,0.024980010996047654,-0.07127811387181271,0.13340129809720183,0.011873643470850709,0.024411424994468703,0.03492391109466553,0.011810608094090696,-0.041814327239990234,-0.3293132185935974,0.0698373270177741,0.019027799367904608,0.07138704381821415,0.07127811387181271,-0.01525767830146374,-0.019027799367904608,no_punch
v_BoxingPunchingBag_g09_c06,26,32,29,1000,1250,1125,250,sampled_no_punch,3.785554772750826,2.324793687849751,7.894660465608548,4.838208587064774,2.1368401643548403,9.104641051239911,2.3152840864379676,1.2544340364251636,4.195807817230544,2.7432310467996235,1.5757673782185921,5.796628537910525,-0.0014860864196504866,0.02460883332099219,0.03753654658794403,0.08803013286420278,0.019483009470795006,-0.0476522371172905,-0.19339817399824305,0.09862172579197066,-0.05723551847040656,-0.15545526359762465,0.05819592564778853,-0.10903997719287872,-0.01954135405165811,0.0157776524978451,-0.04273241013288498,-0.03521054327887083,0.12216857171189838,-0.09401004016399375,0.0669180601835251,0.027288414900778962,0.04452382028102886,0.03889340055840356,0.015181174655286617,-0.0008020326495170593,-0.21959186089225113,0.04088884901034221,-0.004671553149819374,-0.12253437510558537,0.026453041994542043,-0.07669605314731598,-0.05712806007691793,0.008413847787753222,-0.025678448379039764,-0.02996773123075917,0.07135224517648434,-0.06631030328571805,-0.04421183041163853,0.01686623302517425,0.021403908729553223,0.157797315290996,0.014805715074900387,-0.0416442751884461,0.04738666755812509,0.08872184698021336,-0.05578339099884036,-0.10418598992483956,0.05079593455307574,-0.09229147434234619,0.09590386067117963,0.01758613646460738,-0.0405945479869842,0.054166913830808225,0.09242172784895199,-0.0421409513801336,-0.06874609350246697,0.05578339099884036,-0.014487608706577282,0.0421409513801336,no_punch
v_BoxingPunchingBag_g09_c07,133,138,135,5250,5500,5375,250,sampled_no_punch,3.6115680751651005,2.7006655515589064,8.360058737904412,3.384055909591647,1.0567019893592833,5.3803316881730625,2.7261301613049485,1.946757828189897,6.517312626065867,2.516075572000424,0.6483533171162484,3.1610373042335653,0.11608605831861496,0.010578907378782082,-0.01743682473897934,-0.02312575901548068,0.014253024785835944,0.008251391351222992,-0.035815721765781426,0.15003109361011507,-0.1255275011062622,0.06731168677409488,0.025247274160096717,-0.06924595683813095,0.026404975603024166,0.01962470472730186,0.022338055074214935,-0.17775801429525018,0.09665395453400667,-0.1336053130216897,0.09248495350281398,0.026412860986225577,-0.019644521176815033,-0.02662622059384982,0.012426831993669894,0.018207751214504242,0.08625761786242943,0.09572953943342881,-0.1438173395581544,-0.015790430208047268,0.03933565141443457,-0.07777675241231913,0.03722284113367399,0.0180927403553875,0.03223433345556259,-0.2216153478560348,0.04294224108074128,-0.02078157337382444,0.046137874325116505,0.012933367920454446,-0.027758687734603882,0.13423198958237967,0.018127035045949848,-0.006832093000412043,-0.09090563336697717,0.13765502903960078,-0.0756649686954917,0.08032733201980592,0.0219631104332126,-0.06993821263313299,0.17607924342155457,0.006807146632217746,-0.009085297584533691,0.003970188399155926,0.10881831484641258,-0.1116248816251755,-0.03862049302308754,0.0756649686954917,-0.08889133533688537,0.1116248816251755,no_punch
v_BoxingPunchingBag_g10_c02,39,44,42,1500,1750,1625,250,sampled_no_punch,2.4001571947899634,1.6001145317646264,4.946404238590459,1.923800934889833,1.4464187174129002,4.571623234037301,0.8612221294742977,0.9820613008126008,2.7880972829743356,0.9816351455528041,0.5622494205713255,2.0502512417843137,0.07673494331538679,0.0021700121951635748,0.000399466603994425,-0.029482043037811944,0.022958528529820547,0.05191807448863989,-0.15230125821350762,0.07650998074083529,-0.015431190840899944,-0.031281659379601486,0.01885457415498291,-0.05115419998764986,0.013541880995035172,0.02079724793318556,-0.028980180621147156,-0.3052228442005192,0.06405257346069511,-0.02929967176169157,0.0839035293708245,0.005729796176378686,0.018225904554128647,-0.07135595505436264,0.015665198897199056,0.04392801225185389,-0.05321350829520569,0.03212855264714052,-0.049937228672206346,-0.08321235018471879,0.0060934260664821,-0.014861438423395074,0.0261318472524484,0.009582678643556795,-0.021811798214912415,-0.20396825682837513,0.027768517633077732,0.017983292229473535,0.022312328219413768,0.00283262741372854,-0.004472374916076605,0.12291281421979268,0.02371251543763385,0.054720491170883234,-0.14080304931849244,0.07886087508568666,0.04609468579292289,0.04216865450143814,0.018008760819681443,-0.04755865037441251,0.14056810239950818,0.02035209482015755,-0.039796471595764216,-0.2113142820696036,0.06379125031636473,-0.06821230053901672,-0.010464580973439497,-0.04609468579292289,0.04309909126859102,0.06821230053901672,no_punch
v_BoxingPunchingBag_g10_c03,70,76,73,2750,3000,2875,250,sampled_no_punch,4.570079308825831,4.78456314175041,14.745380555944703,4.2208225616215875,2.992823985335935,10.313968484067168,3.246642264955566,3.722613272472253,11.237051706366463,2.7805282830301494,2.310971679865653,7.441116467610276,0.06863209179469518,0.011730634206341423,-0.023182488977909088,0.03396295756101608,0.03959824883300923,0.04648382216691971,-0.1577326109898942,0.26183606305009116,0.7344910576939583,0.043401045458657396,0.050235488836645234,0.08724459260702133,0.032280582402433665,0.028563453570366232,-0.019225411117076874,-0.26680100203624796,0.19892820672330033,0.6107662767171861,0.08103858147348676,0.024806478881876624,-0.07175440341234207,0.004078576607363564,0.026502537099936878,0.018994219601154327,-0.04932000567870481,0.16035860850159,0.40650602802634234,-0.01824652297156199,0.035094971695272155,0.07832195609807974,0.014029912650585175,0.023355322697164397,0.03539068251848221,-0.2392328937671014,0.0859163840276143,0.21971057355403906,-0.0027419498988560187,0.021536178660317828,-0.021553933620452936,0.13539651887757437,0.033016456011644685,0.04369732737541199,-0.11407427809068137,0.20385758128941323,0.614194668829441,0.06941111172948566,0.03297371246237296,-0.009904295206069946,0.15464207104274208,0.03697452920235591,-0.016242563724517822,-0.07295263026441846,0.17893142168025208,0.566432535648346,-0.1383403414572445,-0.614194668829441,-0.10581719130056055,-0.566432535648346,no_punch
v_BoxingPunchingBag_g10_c03,101,107,104,4000,4250,4125,250,sampled_no_punch,3.003837401963907,1.3430049367824242,4.856967647533576,3.536357833771091,1.357539682556984,5.607063312326423,2.396625880826855,0.7160501088582948,3.5489050997241818,3.364308179066964,0.8753164126224955,4.831802007592537,0.028013297667105964,0.034557207914599035,-0.029444038867950384,-0.07043327515323959,0.10543425145766494,0.2161569446325302,-0.04281445319065821,0.06504704634015399,0.18895009951665998,-0.06849306945999464,0.03706200005296486,0.05682617425918579,-0.21540438259641337,0.11713032983499694,0.0897616297006607,-0.009409402400099956,0.0974504506946116,0.2251171977259218,0.030774472902218502,0.03216879751827176,0.011039435863494873,0.011019437263409296,0.07403491178098577,0.15794889628887177,-0.11634491638202842,0.03876905603994876,-0.08810165664181109,-0.0644837183256944,0.03384612555913379,0.026168465614318848,-0.07931951805949213,0.040905654337119304,-0.09693445265293121,-0.024713692003084934,0.11330385453106666,0.2455639750696718,0.014609153072039258,0.04934794330003423,0.098964273929596,-0.20633907616138458,0.11315128745973871,0.273722380399704,0.08689302733788891,0.11375643068364966,0.3683526311069727,-0.004807139436403883,0.06428038032183334,0.17656069993972773,-0.2810919384161632,0.1691832389359242,0.34437382221221924,0.058224298525601646,0.05764114295608687,0.04412063211202619,0.008041632357233874,-0.3683526311069727,-0.1044060264985589,-0.04412063211202619,no_punch
v_BoxingPunchingBag_g10_c04,26,32,29,1000,1250,1125,250,sampled_no_punch,2.0814275811917233,0.0,2.0814275811917233,6.446717812933297,0.0,6.446717812933297,1.501745737059962,0.0,1.501745737059962,2.7854546350828655,0.0,2.7854546350828655,0.014932885766029358,0.007634982466697693,0.015269964933395386,0.14431942999362946,0.026125527918338776,-0.05225105583667755,-0.32651957031339407,0.03500014264136553,0.07000028528273106,-0.05250169336795807,0.021581873297691345,-0.04316374659538269,0.04751749336719513,0.02648482471704483,-0.05296964943408966,0.18182300124317405,0.12510543037205926,0.2502108607441185,0.07569466531276703,0.00805141031742096,0.01610282063484192,0.04369492828845978,0.011304594576358795,-0.02260918915271759,-0.328807539306581,0.029717755503952475,0.05943551100790495,-0.047984376549720764,0.01396910846233368,-0.02793821692466736,-0.02405811846256256,0.01922125369310379,-0.03844250738620758,0.152696662582457,0.05073306430131193,0.10146612860262386,0.0032834112644195557,0.008177965879440308,0.016355931758880615,0.2597551941871643,0.02710959315299985,-0.0542191863059997,-0.014805540442466764,0.03094421327114108,0.06188842654228216,0.008243978023529053,0.012288868427276611,-0.024577736854553223,0.1726453602313996,0.024768859148025513,-0.049537718296051025,0.19123149663209915,0.13206920772790906,0.26413841545581807,-0.057045063838714494,-0.06188842654228216,0.14842882976440008,-0.26413841545581807,no_punch
v_BoxingPunchingBag_g11_c01,1,7,4,0,250,125,250,sampled_no_punch,2.3090278137288203,1.5803919176909698,5.269162760779217,2.8767214655838633,2.7097595087139372,7.650958680465548,0.9191373910561804,0.5420776504161543,1.9672156150660498,1.1583830856734383,1.3053056480494711,3.97641626383148,-0.1989873285804476,0.0077445301005327335,0.006357178092002869,-0.1726718470454216,0.048398363787809665,-0.12783172726631165,-0.02397485556347027,0.07491680326695856,0.14443723112344745,-0.20419247448444366,0.009063789731663894,0.01805637776851654,-0.17853758271251405,0.03806666216506065,-0.10958969593048096,-0.22021417851958955,0.11898250024457857,-0.07037044316530225,-0.11840912061078208,0.023695157977484414,-0.05257172882556915,0.0012923979333469005,0.02928573886173753,-0.07975351810455322,-0.3613013210041182,0.02624884917605599,0.024224452674388885,-0.15055681765079498,0.017570993004661428,-0.04203559458255768,-0.014675277684416075,0.023401805748552582,-0.05791330337524414,0.16260946967772072,0.05382021047446268,0.06077620014548306,-0.19300327130726405,0.004484484914349525,-0.008738100528717041,0.05518889852932527,0.030173909572242162,-0.07205280661582947,0.3917108119598457,0.08567455240868388,0.19522739946842196,-0.13141518831253052,0.016160354627055038,0.04543018341064453,0.04146179982594084,0.020714052562699363,-0.0644987821578979,-0.5200251298291343,0.12660214500522365,-0.18798799812793732,0.15400449293343205,-0.19522739946842196,0.16687073862409696,0.18798799812793732,no_punch
v_BoxingPunchingBag_g11_c01,33,38,35,1250,1500,1375,250,sampled_no_punch,4.260948794498408,4.422066534520557,12.30281827852931,2.5292519229938404,1.43085173460447,4.391285173005836,1.7712290398842998,1.9644491045564223,5.301125756002752,2.160902444137509,1.242998937609503,4.532227602873917,-0.16996225466330847,0.010939825295808767,-0.013723105192184448,-0.1735271898408731,0.006313357515464771,0.005878575146198273,-0.46575456609328586,0.18669713229535145,0.33932507410645485,-0.37610554943482083,0.0644488503944407,0.14968010783195496,-0.21555326754848161,0.016192860946950056,0.0290837362408638,-0.3091166988015175,0.07082512072697084,-0.054023619741201345,-0.03682102511326472,0.011078493638698367,-0.016613811254501343,0.01420967901746432,0.006440814085589434,0.019181616604328156,-0.5531041646997134,0.06777872692894493,0.11325094476342201,-0.25012245525916416,0.04717572450802716,0.10870686173439026,-0.1383215275903543,0.05008905120510917,0.14433611184358597,0.13141156189764536,0.02926411484059415,-0.01633668318390849,-0.20009148120880127,0.012888768953175679,-0.021140217781066895,0.06716696421305342,0.005853702650390712,-0.00395441055297846,-0.0671005795399348,0.19852494319827824,0.3657687902450561,-0.273764505982399,0.062024666977872775,0.15733706951141357,0.024640550216039014,0.015251313902452268,0.022450238466262873,-0.5709093237916628,0.09302899335523786,-0.10508403182029713,0.19456455723523144,-0.3657687902450561,0.04921806568632969,0.10508403182029713,no_punch
v_BoxingPunchingBag_g11_c01,64,69,67,2500,2750,2625,250,sampled_no_punch,5.812976136726987,4.002701563371713,12.769647519395285,7.597990307243829,5.309360066611517,14.70437951349447,3.153937552374569,1.2321516731610376,5.366211007344634,3.8445229820167697,2.211535758952135,6.815771033572217,-0.25090252856413525,0.07206022649701792,0.1943780034780503,-0.21038474142551422,0.007113870940471685,-0.0071933493018150885,-0.19579302705824375,0.21909458749532096,-0.1895824745297432,-0.1397695392370224,0.11622301055015764,-0.3711251765489578,-0.1127003828684489,0.08579998101007925,-0.21613245457410812,0.16250885960956415,0.4853212112999625,-1.0642271414399147,-0.12524478137493134,0.07517054478172598,0.1961180418729782,-0.05544231335322062,0.03842663940977991,0.09387577325105667,-0.4171445971975724,0.09083235275346695,-0.029359914362430573,-0.05483318865299225,0.10174473230966052,-0.30740340054035187,-0.06480203072230022,0.03115109430808951,-0.07389747351408005,0.38612080179154873,0.2132045302362612,-0.48031996190547943,-0.2141249179840088,0.03567541796930857,0.05936908721923834,0.04415896038214367,0.005778549485819448,-0.017359495162963923,0.14143739764889077,0.22239451566725182,-0.17908883094787598,-0.10709282755851746,0.07022476605746487,-0.2405545711517334,0.13478568196296692,0.09467324392083347,-0.23212945461273193,-0.17451494187116623,0.5128967988748722,-1.0402604192495346,0.028475655953904555,0.17908883094787598,0.1834902147527876,1.0402604192495346,no_punch
v_BoxingPunchingBag_g11_c01,89,94,92,3500,3750,3625,250,sampled_no_punch,2.6283711259221922,1.8570396104157179,4.934461068373147,3.130206571297566,1.7065896386893704,5.3567119248987245,1.9289224823907198,1.0081352996987152,3.3977044987480083,3.08972508706607,1.193604112544784,4.992057307315792,-0.058543428778648376,0.01816566628209285,0.04696547985076904,0.042957644164562214,0.03143148071186783,0.07969956845045095,-0.1825480167753994,0.06050761954170998,-0.08273658109828833,-0.06860084235668182,0.01805271003824149,-0.053359270095825195,0.00141628235578537,0.028613457377094115,-0.06801629811525345,-0.0008190874941646665,0.05256613196034509,-0.02275639725849031,0.010474923253059387,0.02226918425660031,0.06161177158355713,0.0714619442820549,0.015015076509762986,0.036231629550457,-0.23327433513477444,0.030540988633166618,-0.03471344662830225,-0.05001258552074432,0.015362534968765995,-0.023428618907928467,-0.0023966267704963683,0.015714195307129242,-0.044213421642780304,0.020208131801337036,0.04943065168455718,0.08630180405452849,-0.09489418268203735,0.008471057413411157,0.023699522018432617,0.11104546189308166,0.03640011175211158,0.0862686038017274,0.059977853298187264,0.06810942832355113,-0.1437680721282959,-0.06174381971359253,0.008406495290156784,-0.018484294414520264,0.11177667379379277,0.01694378881240512,-0.024467438459396362,0.05727122873067857,0.0774314769903354,-0.22056309133768087,-0.03253254344826326,0.1437680721282959,-0.09877272898071829,0.22056309133768087,no_punch
v_BoxingPunchingBag_g11_c01,120,126,123,4750,5000,4875,250,sampled_no_punch,2.4948100755720515,2.436912979828,7.768486219690569,3.1604417339155706,1.8105655296776486,5.160050973003222,1.365571622776432,0.8567600278257909,3.194479467433368,1.9588846814221934,1.2316804804235753,4.383782060740807,-0.18853349557944707,0.019435111324335046,0.05617532134056091,-0.2633115542786462,0.019834993183905993,-0.0323550403118133,-0.04784250898020609,0.1864325610095168,-0.531732302159071,-0.15516838218484605,0.01797294885769197,0.0521298348903656,-0.224344579236848,0.032149682259826444,0.040766566991805975,-0.2407172585704497,0.12484768109589378,-0.1540913395583629,-0.10397015511989594,0.05052626859702291,0.14035853743553162,-0.06499650861535754,0.014558138404683441,-0.025777101516723633,-0.34797199655856403,0.05123442569248314,-0.12701809033751493,-0.12198892022882189,0.02693516970948045,0.06818565726280212,-0.046629711985588074,0.008192449909707796,0.023116767406463623,0.1971140895038843,0.10122099975955436,-0.2257357034832239,-0.19581195286342076,0.009215543003663479,0.016609609127044567,0.0017934697014944895,0.017781240290619636,-0.017892897129058727,0.2827635146677494,0.22084506294492173,-0.6587840616703033,-0.09437093564442225,0.02135496740854235,0.05986440181732178,0.016945613282067475,0.032096219823357676,0.040519058704376165,-0.6031189829643283,0.10464655819709408,0.00861378014087677,-0.37792689062740015,0.6587840616703033,-0.015497444678935213,-0.00861378014087677,no_punch
v_BoxingPunchingBag_g11_c04,89,94,92,3500,3750,3625,250,sampled_no_punch,0.0,0.0,0.0,0.0,0.0,0.0,0.0,0.0,0.0,0.0,0.0,0.0,0.0,0.0,0.0,0.0,0.0,0.0,0.0,0.0,0.0,0.0,0.0,0.0,0.0,0.0,0.0,0.0,0.0,0.0,0.0,0.0,0.0,0.0,0.0,0.0,0.0,0.0,0.0,0.0,0.0,0.0,0.0,0.0,0.0,0.0,0.0,0.0,0.0,0.0,0.0,0.0,0.0,0.0,0.0,0.0,0.0,0.0,0.0,0.0,0.0,0.0,0.0,0.0,0.0,0.0,0.0,0.0,0.0,0.0,no_punch
v_BoxingPunchingBag_g11_c04,139,144,142,5500,5750,5625,250,sampled_no_punch,4.02155648867314,3.275120583195528,10.473625599084226,3.6471559751792277,2.9919924744429047,7.970975500872885,2.475454076647952,1.9139751808984682,5.800884535744618,2.92092858741895,1.8389856646312601,6.1021632137154835,0.06987101087967555,0.04922845421600298,0.023123517632484436,-0.18730041260520616,0.04128305840682554,0.03941855579614639,-0.3328927805220398,0.13333544491734087,-0.20943775668274606,-0.14289311319589618,0.04847508300634815,-0.03958882391452789,-0.3106173363824686,0.014991530476462416,-0.01967480033636093,-0.4495126307204676,0.13862328044172434,-0.09064614668022841,0.15884124487638474,0.04152154380755577,-0.012707814574241638,-0.06558540339271228,0.008377845779153962,0.010144628584384918,-0.144906537005833,0.0536771846672875,-0.1501935858977958,-0.24588328351577124,0.04630597338755347,-0.011301562190055847,-0.17031945660710335,0.013628393191088776,0.02791295200586319,-0.2337846346393538,0.06227878564229371,-0.01928412809502328,-0.02666071057319641,0.038905397083704066,0.04168468713760376,0.022334963083267212,0.03906850350516112,0.03860598802566528,-0.2862475514411926,0.13248351456387206,-0.2074628323316573,-0.03570119539896649,0.029227307910245207,-0.03782996535301214,-0.08532490829626722,0.021714332242026183,-0.04264566302299505,-0.42578786859909695,0.1426695355306071,-0.11406248807907116,0.21146276491829813,0.2074628323316573,0.12268834031456599,0.11406248807907116,no_punch
v_BoxingPunchingBag_g11_c05,51,57,54,2000,2250,2125,250,sampled_no_punch,3.512350178349319,2.7038602143194908,9.34323519414159,3.936192125021764,3.8054765952315712,12.238461684427087,1.686205745863688,0.9856722834926274,3.204385263426932,2.515895328139049,2.049151850348154,6.505297060069952,-0.21956539579800197,0.08536474466334056,-0.20922102034091955,-0.1820349001458713,0.007435272528538767,0.0022238194942474365,-0.511789644403117,0.19975919925021715,0.3955943658947945,-0.2941768935748509,0.03944611604927949,0.08247934281826019,-0.17979571116822107,0.051890563533584594,0.15455728769302368,-0.07196397760084697,0.24987874621722286,0.614896796643734,-0.061393529176712036,0.07707142880843905,-0.19942690432071686,-0.07651277844394956,0.036282554421398557,-0.09631237387657166,-0.5251961957131114,0.06601068132602327,0.12750888615846634,-0.19559680564062937,0.06082974461446015,0.10576216876506805,-0.12223846465349197,0.029112848414190196,0.005776137113571167,0.28072307897465565,0.1250096256273878,0.2743058875203133,-0.2447063752583095,0.05394927612213084,-0.11941403150558477,0.0669412102018084,0.01338843055311794,0.016626179218292236,-0.19739041583878653,0.22915397228714135,0.4526538997888566,-0.21573698946407863,0.02033275103716843,0.022020995616912842,0.039713348661150234,0.04590904084481978,0.13809987902641296,-0.39174984821251463,0.22860037811149705,0.5926671177148819,-0.13339160369958303,-0.4526538997888566,-0.36774097135220024,-0.5926671177148819,no_punch
v_BoxingPunchingBag_g11_c05,226,232,229,9000,9250,9125,250,sampled_no_punch,4.606635127420977,2.7003561216564282,9.011321968726296,2.738420664868014,0.43160909066272485,3.2193453595311996,1.6789529338293931,0.9363365977213306,3.250580760647158,2.2594075398880697,0.6907088246879435,3.202264084065081,-0.18126142024993896,0.0502037286744032,0.13109111785888677,-0.17196137670959746,0.011102228415633285,0.01920982450246811,-0.5031441215957914,0.20703790389852228,-0.13054891675710675,-0.30466723442077637,0.06743747775369997,-0.008255869150161688,-0.19981991925409862,0.03166945858482961,-0.0498528853058815,-0.24868916187967574,0.06144712905876965,-0.09826428443193433,-0.02744946309498378,0.04311104997485756,0.1074872612953186,-0.03825039629425321,0.021338282300559164,0.061654530465602875,-0.5226302189486367,0.060785225188471785,-0.01911599189043045,-0.20352682045527867,0.05306847749642313,-0.018780946731567383,-0.11409752815961838,0.04676472306692485,-0.012339450418949127,0.19095083219664435,0.047427082375862024,-0.09500996023416525,-0.21584619794573104,0.029689635329908426,0.0719281435012818,0.06707175714629038,0.007388205741646448,0.011911749839782715,-0.17438220126288279,0.24690374421855726,-0.18769358098506925,-0.21319012131009782,0.05964521837332413,0.030891567468643244,0.026901828391211365,0.03357642890652622,-0.053623646497726385,-0.5495644467217582,0.07270808361118436,-0.006843090057373047,-0.13590791812297098,0.18769358098506925,-0.008161072890191523,0.006843090057373047,no_punch
v_BoxingPunchingBag_g11_c05,245,251,248,9750,10000,9875,250,sampled_no_punch,1.9583480969245055,1.4548083298786552,4.126857779054345,4.843196351782663,3.075762651607393,10.162623786712592,1.383472087668091,0.9661369221922772,2.9104858645771667,2.061757147892915,1.3266687167115805,4.082147977318746,-0.3044763186148235,0.04677595158135418,0.03570367395877844,-0.19964951489652907,0.008896280420386085,-0.0008249729871749878,-0.27373024076223373,0.04536691403128959,-0.04420010000467303,-0.2763196847268513,0.02049426875539399,0.036459431052208,-0.17293921751635416,0.018833785777299432,0.04301227629184723,0.07624078222683499,0.2507100180965584,-0.3093457520008087,-0.1341820593391146,0.034479053811250326,0.050943538546562195,-0.11899646052292415,0.030971942282538155,-0.013118669390678406,-0.46658784470387865,0.023699240573569907,0.06466091424226761,-0.16033546200820378,0.017574410502715614,0.04055117070674896,-0.08186332029955727,0.019735789794579864,0.04100765287876129,0.3689041680523327,0.11012528497478159,-0.15774912387132642,-0.2926718592643738,0.03661965387390046,0.04194840788841253,0.05233823401587352,0.009738076733891815,0.011702746152877808,0.10217918455600739,0.05391857023586323,-0.16174675524234766,-0.21090246524129594,0.02042106024960154,0.0224869847297669,0.04338728530066355,0.018185984984672037,0.0320040881633758,-0.273660098867757,0.2591945802657212,-0.33106658607721334,-0.10936086873254158,0.16174675524234766,0.30754679097410526,0.33106658607721334,no_punch
v_BoxingPunchingBag_g11_c05,258,263,260,10250,10500,10375,250,sampled_no_punch,3.498415963123871,2.2844613600186032,6.806546522528603,5.82579387804657,4.280590400492741,12.005961477468462,1.9879259925816801,1.3430655007850407,4.237495850188184,2.6377589809801036,1.6856642936133042,5.765919760221881,-0.2993202805519104,0.062294035739701555,0.053055971860885676,-0.1963838537534078,0.012802910294807637,-0.010326601564884186,-0.21160360549887014,0.09319357103173398,-0.04321727156639099,-0.24118801951408386,0.018209505713179856,0.0537513792514801,-0.13725545008977255,0.014216776488963025,0.018425844609737396,0.11836107013126214,0.28310820963175676,-0.24543500319123265,-0.1514082451661428,0.057531718924017435,0.061838388442993164,-0.11046393712361653,0.029087823371236284,-0.0019397512078285217,-0.43891312802831334,0.043089868946406276,0.08344036340713501,-0.12003553410371144,0.0279544568434689,0.07208055257797241,-0.08430081605911255,0.015856915678699204,0.036888085305690765,0.38801396265625954,0.11287270296938723,-0.08328270912170405,-0.26912934084733325,0.03786295938675444,0.06494989991188055,0.05486761530240377,0.013043968480925597,0.003548651933670044,0.16597243895133337,0.0999031101007339,-0.09486573934555048,-0.18842443327109018,0.024838957796830416,0.046159952878952026,0.08901400367418925,0.01575663233101682,0.019234120845794678,-0.24855632521212098,0.30782665800890147,-0.3095987774431705,-0.07215724092944084,0.09486573934555048,0.2755131511435678,0.3095987774431705,no_punch
v_BoxingPunchingBag_g12_c04,33,38,35,1250,1500,1375,250,sampled_no_punch,3.1862834857053315,3.8633979758559933,10.786368262261327,2.159080136884172,1.628356865870759,5.209943010145689,2.0103894418530133,2.7504505175227565,7.475309760498713,1.6529776228382442,1.889406023610543,5.374162426445928,0.032403999318679176,0.026700228035723302,-0.05366946756839752,-0.0126351055999597,0.029440431724729182,0.051636882126331274,0.2299575776172181,0.16412999046460974,0.2763880006968975,0.11324910695354144,0.03199201908543612,0.07039429247379309,-0.04274405911564829,0.0065159756002617164,0.018491007387638148,0.02538699051365258,0.058421723766050516,0.1400524862110614,0.02559630945324895,0.04402741230011568,-0.09251363575458532,-0.017383956660827038,0.009173458688759947,0.01830203086137777,0.20867824057737985,0.09644967767893446,0.1748210825026036,0.07850313559174533,0.023296724425437697,0.06031881272792816,-0.030509977291027734,0.0067074271448095985,0.016651876270771082,-0.07841459289193149,0.05270057420886534,0.1198040433228015,0.016127551595369976,0.00542119008898474,0.008143901824951172,0.06007088720798493,0.03136058268415932,0.05871745944023127,0.0689996414196988,0.10969128271728333,0.1598659753799438,0.08305735886096954,0.01078836061067401,0.0010909140110016424,0.041467403372128835,0.0019016566196048887,-0.0010538697242736261,0.09191060950979592,0.03960070774247364,0.0287731289863586,0.15090319010091174,-0.1598659753799438,0.016109408201396336,-0.0287731289863586,no_punch
v_BoxingPunchingBag_g12_c04,64,69,67,2500,2750,2625,250,sampled_no_punch,0.9569259064574686,0.7774728788760709,2.2622075037058913,0.6426856239228264,0.34760049604333754,1.159714038241701,0.6726295590859127,0.5560293011281211,1.6073732608824525,0.35409800975649075,0.2303232338510995,0.773106545709029,0.07814049969116844,0.0018053092206424665,-0.00542853027582163,-0.04668464387456576,0.02047082731665425,-0.0454780757427215,-0.1677085320940629,0.029401261626031856,-0.0083778759872076,0.09357073654731111,0.001281345294301166,0.004072688519954681,-0.043641588340202986,0.008646357043329165,-0.026493161916732788,-0.19311655171622988,0.020464429540874907,0.00870094090350898,0.07135461022456485,0.004850527988493072,0.003118239343166407,-0.00489760066072147,0.011720204962231147,-0.0304429829120636,-0.006964078313709814,0.024668488008843636,-0.03354388833395202,0.030258916318416568,0.002445431466954778,0.0054892525076865595,-0.025624688714742678,0.013683703571231012,-0.029495686292648315,-0.23427326091041323,0.0050894998561100855,0.01628141492255969,0.015412832299868276,0.0023777143920283568,-0.007896721363067627,0.010926723480224628,0.020186327111392042,-0.04168540239334101,-0.23807002660275114,0.022740428995370324,-0.00936936528887608,0.08811474839846291,0.0035683545380296626,0.010879963636398371,0.051536301771799714,0.006176846769988835,-0.0201188325881958,-0.019929227729638437,0.03321198605335968,-0.03174129128456121,0.0090652618515277,0.00936936528887608,0.011206970384286696,0.03174129128456121,no_punch
v_BoxingPunchingBag_g12_c06,39,44,42,1500,1750,1625,250,sampled_no_punch,1.1237572864154566,0.517685183692669,1.9538405667346677,1.9413989105107299,1.4254338659844554,4.009119954951741,0.6633240395130089,0.27924391078771665,1.207440131397425,1.3923573299399965,0.9265939951411613,2.4878422915196072,0.022798392921686145,0.012848490908986238,0.02103329449892044,-0.036262469987074546,0.018965901753046216,-0.020724676549434606,0.3787564085505437,0.051407323336115335,-0.1005161907523871,0.07599031801025073,0.014795147675239645,0.03922892361879349,-0.022894469400246958,0.021692845943032668,-0.024608217179775238,0.10113389880280006,0.051607980814384516,-0.12812906317412853,-0.0026102724174658734,0.0065586356418118295,0.005242206156253759,-0.006882178286711393,0.009203806425177099,-0.008508704602718298,0.29716178244173835,0.02391681928964081,-0.05166934989392763,0.06792541220784186,0.005479014332167395,0.0020838454365730286,-0.008113734424114236,0.009741700940620275,-0.0052935704588888965,-0.03275835780853714,0.030035559078587785,-0.06411598809063422,0.03160988787810007,0.00925088934785771,0.016924679279327393,0.050088504950205504,0.016971913896551984,-0.012385010719299316,0.1824984128276507,0.03966162348484539,-0.05397661030292511,0.03644458949565888,0.017194450827932636,0.04867407679557795,0.062187239527702325,0.02055910744622573,-0.02974838018417364,0.14596759888809172,0.03791930584890882,-0.10170172899961481,-0.05147840814592139,0.05397661030292511,-0.07712344011821214,0.10170172899961481,no_punch
v_BoxingPunchingBag_g12_c06,139,144,142,5500,5750,5625,250,sampled_no_punch,4.656707907354681,6.902589279329133,18.42555945739275,2.1558268858449887,2.4054652678445203,6.831263512181806,2.866099478328201,4.1697383670117665,11.173827799356363,1.4212135660924445,1.6437291699905905,4.65795125537025,0.05206920703252155,0.004285538733401044,0.010213851928710938,-0.057464599609375,0.03158195183502117,0.0843053236603738,0.15615252096904442,0.2787087259814333,-0.5549714604858309,0.056567132472991936,0.04356447997094886,-0.11674663424491882,-0.024263014396031717,0.023782206516527963,0.07568839937448507,-0.01432192385739959,0.07855542697678747,-0.13309263833798465,0.032433216770489985,0.02109581179112272,0.03667029738426203,-0.029203996062278748,0.03157981897343951,0.08531440049409866,0.16756846074713394,0.14969326090954274,-0.2836886460427195,0.04847841958204902,0.0486067134663854,-0.12165468931198126,-0.011419897278149932,0.010358190126301339,0.005283601582050379,-0.07514942448081757,0.025023969410041574,-0.026793075958266965,0.03525051474571231,0.021303544215895195,-0.047118574380874634,0.02223382890224458,0.022376573638619963,0.058000534772873036,0.02152734389528634,0.2178228702205738,-0.44180218596011395,0.028387139240900694,0.018562952414859998,-0.058843046426773016,0.044242282708485924,0.03567522492999612,0.10915365815162664,0.05153484758920965,0.05679739157021819,-0.08745772764086729,0.09381238580611007,0.44180218596011395,0.03583205911979753,0.08745772764086729,no_punch
v_BoxingPunchingBag_g12_c07,20,26,23,750,1000,875,250,sampled_no_punch,1.5794919689888296,1.2421170471532694,3.533947947238687,1.3065695555643362,0.8346811132741733,2.7115238755090623,1.0638269655742532,1.0089771370593854,2.8283998762770963,1.169820411220992,0.7454230409819972,2.437136368854317,0.08646864018269944,0.008299612164792664,0.010025888681411743,-0.00824955318655288,0.009747166574489118,0.015133827924728338,-0.18938663741573689,0.05157334800685687,-0.06058681802824151,0.020866912390504533,0.03440213515115109,-0.10087496042251592,-0.017676649349076416,0.021004159756584182,0.05636715888977051,-0.2176478668116033,0.041728990605831545,0.060941837262362214,0.06191121148211614,0.005255652652733151,-0.008473396301269531,0.0002621774162564721,0.001984570407765718,0.005076110363006647,-0.006591061994965557,0.04333548528140977,-0.0448207841254771,-0.013247295149735059,0.017761820919964904,-0.05409470200538635,-0.02764494291373663,0.003480217832650183,0.00930210947990423,-0.15915878788967217,0.06292606748803158,0.13709956360980868,0.04643329977989197,0.011058857107203536,0.009313523769378718,0.06008238451821463,0.012178581678538296,0.02340087294578541,-0.23368284425565172,0.03820372630259388,0.011511247605085206,0.04348172886031015,0.027774296479980063,-0.0834930837154389,0.07066201312201363,0.019708287927138322,0.05343028903007507,-0.10872798093727656,0.04077754534917964,-0.01116290688514708,-0.005112599934615603,-0.011511247605085206,0.024167389305379372,0.01116290688514708,no_punch
v_BoxingPunchingBag_g13_c01,1,7,4,0,250,125,250,sampled_no_punch,2.2407449648090036,2.858136627257407,8.535868036868381,3.3377687018991513,2.9998598537345464,9.600238510413234,1.3049618330272414,1.2522989893232472,4.049322026191814,1.913743949551716,1.6059443912531919,5.124300654074603,0.10607684137565745,0.031635243188175385,-0.09011298790574068,-0.0645016921418054,0.01632651582615839,-0.014255695044994354,0.09582853157605442,0.14653206901192467,0.30771865509450436,0.13920099022133006,0.058203034275968936,0.11743399128317838,-0.09038345515728,0.01387886783351839,-0.037508718669414576,-0.1817727056997163,0.12334159431929843,0.2542827147990465,0.07866237472210612,0.02305202080256188,-0.039139274507761,-0.06062268146446774,0.02175078019253809,-0.053753398358821924,0.14960671089855684,0.0730096336781907,0.14577987603843218,0.07534084202987805,0.06473510001116722,0.1563598476350307,-0.07381567146096912,0.016176464867190776,-0.03558959811925888,-0.2392960355750152,0.05714238812795016,0.09918173216283327,0.061396564756120965,0.018861567581602345,-0.06026822328567499,0.036520745073045986,0.02433101697564521,0.01802462339401245,-0.03692058793136049,0.1286186490552834,0.2640211433172226,0.11592273201261247,0.03874777708226191,0.07586744427680975,0.026793364967618662,0.018237936063553017,-0.04405972361564642,-0.0278938045459134,0.12456633361351488,0.2584899477660656,-0.13523472807369225,-0.2640211433172226,-0.03385163921830661,-0.2584899477660656,no_punch
v_BoxingPunchingBag_g14_c01,108,113,110,4250,4500,4375,250,sampled_no_punch,6.6975827607562195,3.6562098354026302,10.800073438971584,9.04729843465323,4.86669482272449,17.527179442357777,2.948294232741513,1.3667214811299286,4.550637645279909,4.900976548016579,2.9751737418947712,9.052786461003977,-0.13466851661602655,0.08711136211296591,0.21398587524890905,-0.10908856615424156,0.059191200804301076,-0.04511454701423645,-0.2604879120675226,0.28327320523265404,-0.6020448310300708,-0.16899931679169336,0.016563524089649975,0.01738534867763525,-0.1707923226058483,0.07023090988532918,-0.14863353967666632,0.08015375134224693,0.32262421189908624,-0.7557146204635501,-0.0312039777636528,0.048690270374399616,0.12029366195201874,-0.04355706895391146,0.03393578741840802,-0.058714836835861206,-0.38745638029649854,0.08935990733379971,-0.15095118712633848,-0.09657840182383855,0.04362643809622471,-0.10627193748950958,-0.10861042762796086,0.06214629414752983,-0.11496618390083319,0.2588475168061753,0.1799269064889146,-0.413364271633327,-0.14630645016829172,0.06969984344994017,0.1626915037631989,0.09220534066359205,0.05753761653513506,-0.04004475474357605,0.06057414412498474,0.31347650320161924,-0.6958562731742859,-0.14099198579788208,0.0302718839939596,0.08175641298294073,0.05331442256768546,0.0706317340916066,-0.15620815753936773,-0.15136713876078525,0.26673338218006604,-0.6212743781507015,0.26204441018822106,0.6958562731742859,0.45512522592569205,0.6212743781507015,no_punch
v_BoxingPunchingBag_g14_c01,239,244,242,9500,9750,9625,250,sampled_no_punch,3.128212184649974,1.184763012084567,4.685107598248677,3.24843278350262,2.400225826628306,7.632464848578092,1.705219248808612,0.8804521497824792,3.2472894736057363,1.5648615369352676,0.6319651684866613,2.6243300254806696,-0.13334452609221145,0.041442395688220494,0.13041175901889807,-0.11752043416102731,0.026202911022131046,0.07711126655340195,-0.059466916776727885,0.11159087650475631,-0.11113302968442446,-0.1203237920999527,0.02768239825887844,0.09342725574970245,-0.1187803919116656,0.023146300168343886,0.04475706070661545,0.26988767242679995,0.11682669944855426,-0.07263047806918627,-0.0800199955701828,0.03311381790781513,0.10363389551639557,-0.04835235824187598,0.027773414488541433,0.06120713800191885,-0.20282003500809265,0.04164090531353617,-0.01791250519454482,-0.0688382387161255,0.022055878850224465,0.042846485972404535,-0.0858618641893069,0.03639388400515292,0.011679194867610931,0.2897037047271927,0.032143205335422566,-0.07539908401668072,-0.09984183311462407,0.031058717100331635,0.101719081401825,0.01749826967716216,0.027944429423391943,0.08268731832504272,0.11387029412435364,0.11806547885258624,-0.15244016796350482,-0.09306172529856364,0.024137558917969756,0.0810503363609314,0.026601314544677762,0.020264007098744603,0.04180479049682623,0.09238324935237568,0.1368234921739123,-0.0564272403717041,-0.0716964222661009,0.15244016796350482,-0.07886045071595921,0.0564272403717041,no_punch
v_BoxingPunchingBag_g14_c03,33,38,35,1250,1500,1375,250,sampled_no_punch,1.7963462450599503,1.2102631820264083,3.8639908613363616,7.1467781669505115,3.859799824364636,12.120894131655987,0.924136047582697,0.5237357484315623,1.940219155727155,4.142481022691284,1.5477733972122287,5.742291415543485,0.02435898284117381,0.02245452417776632,0.04358839988708496,-0.019012519468863825,0.018737058418120418,-0.003649182617664337,-0.4277204348278853,0.03723708514040876,0.029271529987454414,-0.06955609222253163,0.0434493539912855,0.11913561820983881,-0.07307387267549835,0.013854021295998565,0.043264769017696325,0.19148558640154079,0.3471499640367768,0.6141214687377214,0.05514402190844215,0.01796509890228994,0.03957942128181452,-0.034080856790145254,0.026020619518453254,-0.05328328162431717,-0.3209923231236947,0.013747119721370929,-0.0030999314039946158,-0.0552507738272349,0.05261812666094704,0.15225505828857427,-0.05383679146567982,0.02775981995322201,-0.01775053888559347,0.20959630746316782,0.16992231137442693,0.2969651091843843,0.016280959049860655,0.03129715047270952,0.07820540666580206,0.09123332798480989,0.017279360232116042,-0.0015515387058258057,-0.22229945162932077,0.03408502437598661,0.003098234534263611,-0.03334342936674751,0.03241191363056509,0.09544327855110157,0.0395979086558024,0.014069309400503894,0.04262730479240412,0.08299493595647318,0.31530813609806085,0.5562640801072121,0.002823407337162187,-0.003098234534263611,0.22795844246462713,-0.5562640801072121,no_punch
v_BoxingPunchingBag_g14_c05,14,19,17,500,750,625,250,sampled_no_punch,2.244970282970168,1.1054599982224278,4.025133831311738,2.568415049704345,2.6934980211944506,7.69180827968743,0.973676485711238,0.6181078031634872,2.01808772747658,1.0006154538023841,1.223819578162671,3.429454658382552,-0.01866348832845689,0.01830036614510228,-0.04793342202901835,-0.038077909499406835,0.02325697701380281,-0.051915109157562256,-0.34003324147003394,0.062297597245702475,0.08184146182611585,-0.08310768256584804,0.004734298770881976,0.014934010803699549,-0.04341190432508788,0.006186415438710736,0.018679887056350708,-0.14708271059983716,0.10675018026612997,0.07757639186456791,0.019454923768838246,0.005920619668412795,-0.010920904576778467,-0.0006846127410729911,0.004320317608798769,-0.007806152105331476,-0.2724564009501288,0.03843314521940184,-0.05031929118558762,-0.07062353938817979,0.004551693003125805,0.011522628366947119,-0.00786599392692248,0.016930609777499092,-0.031115204095840454,0.04820014761450392,0.053972251563370925,0.06827350379899136,-0.02667577068010966,0.013478253721500705,-0.03233408927917475,0.0557512988646825,0.024619890250513945,-0.056433022022247314,-0.16586931298176447,0.06219156770004384,0.11480730772018427,-0.03597821295261383,0.002981624379137292,0.006521165370941218,0.03956996897856397,0.010323739120098603,0.02968612313270569,-0.24054108750230316,0.09811093607543864,-0.00622569583356386,-0.11488672970880442,-0.11480730772018427,0.009524599174126847,0.00622569583356386,no_punch
v_BoxingPunchingBag_g14_c05,20,26,23,750,1000,875,250,sampled_no_punch,2.820539569203973,1.3059523742873593,4.061177484201459,5.183764834259951,3.1876612806962057,9.270521903722244,1.1797598888542888,0.5856276807293146,1.9840897642904118,2.1129787802059723,1.601862924129948,4.341001176956266,0.029258043638297457,0.03741851383881128,0.08406680077314377,-0.06097519397735598,0.025219482416493282,-0.053418196737766266,-0.4148376409762672,0.09212866007588524,-0.14988158550113434,-0.04591616881745204,0.014959213521374795,0.038628511130809784,-0.018301310283797157,0.07124709763997375,-0.1693608686327935,-0.016189423655824986,0.1301636304148078,0.151200539432466,0.06113961871181214,0.025030193013419386,0.06063254922628397,-0.042660423687526164,0.024898724145882054,-0.050353772938251495,-0.2693580597905176,0.03563672404123071,0.028931424953043433,-0.04626251863581797,0.004012479370087949,-0.0004681721329688471,-0.032318428158760105,0.03527947634080632,-0.1036489531397819,0.08802379223717641,0.05880230712365765,-0.0573509716195984,0.010359755584171824,0.02725340912691412,0.0548273622989654,0.038092234304973056,0.022211767742692477,-0.044919729232788086,-0.27826858844075886,0.1120702426952154,-0.2622707039117812,-0.0036096360002245064,0.01755870837001188,0.04687520861625677,0.07265896243708472,0.07080405249090099,-0.16643635928630832,-0.09690301279936515,0.15337781564746644,0.24887613393366328,0.22413651303205334,0.2622707039117812,-0.21100624976470367,-0.24887613393366328,no_punch
v_BoxingPunchingBag_g14_c06,33,38,35,1250,1500,1375,250,sampled_no_punch,0.6006848776205994,0.23278550447666285,1.0171648073011992,1.0187145398503032,0.53596812042112,1.972970403770315,0.34891827707450396,0.1804621939726203,0.6312274345919139,0.48756364381505757,0.3677578604026192,1.1653336591266508,-0.10603730380535126,0.002615509298967544,0.005562633275985718,-0.08349758138259256,0.01554019381560642,-0.04437725245952606,0.22154167480766773,0.03080608000398039,0.0808004103600978,-0.06793279945850372,0.009854535526959191,0.022785037755966187,-0.12528262039025628,0.025175031501289635,-0.0716695189476014,0.4748790431767702,0.039702263842595426,0.053585972636938095,-0.1070198267698288,0.00423019438043486,-0.012594491243362427,-0.023060716688632965,0.011266086740286587,-0.028123244643211365,-0.022470738302217828,0.014473695847775985,0.036131489207036724,-0.010806197921435038,0.003038334510576577,-0.0014561116695404053,-0.055544006327788054,0.012584585217467963,-0.03657139837741846,0.34515885698298615,0.021040147184135213,0.03934639319777483,-0.05287924408912659,0.0033466844512925493,0.007849812507629395,0.03510030110677084,0.012956951578216476,-0.03755182027816767,0.3278453610837459,0.02818049732072835,0.08053836971521366,-0.08770160873730977,0.008722644598250657,0.020276367664337158,0.0019764527678489546,0.023775340572456817,-0.06703354418277743,0.2844132358829181,0.03850327691854516,0.06093072891235357,0.07301420610063131,-0.08053836971521366,0.052806091896945406,-0.06093072891235357,no_punch
v_BoxingPunchingBag_g14_c06,70,76,73,2750,3000,2875,250,sampled_no_punch,0.8902370572707777,0.5673030472748991,2.1128584963833728,0.9739740023683883,0.9525798921476529,3.0596030994654644,0.7339779556430277,0.4891883953404995,1.6977156277816925,0.38102760947316033,0.306471415864112,0.971137296584552,-0.16576710130487168,0.01868391577360398,0.05347147583961487,-0.09212267079523632,0.010152585641445205,0.009871363639831543,0.06972502065556385,0.03936225842151476,0.10075918165966868,-0.021055428045136586,0.017131444369432126,-0.04519537091255188,-0.049334556928702804,0.038780352220288056,-0.09411257505416876,0.5770897945123059,0.029369271660150804,0.06753051234409213,-0.133137509226799,0.008232759236464928,0.014502018690109253,-0.06385810566799985,0.013354173257673223,0.02130991220474243,-0.08748620761824502,0.026663350298588157,0.07248752075247471,0.026168020708220347,0.006545755567895439,-0.017795413732528687,-0.018861558820520135,0.013091777991077067,-0.038963109254837036,0.40259830387575285,0.014872228662457007,0.028830050956457853,-0.11559289693832397,0.015500063499942172,0.046907126903533936,0.03556373289653235,0.010169275308253406,0.008621692657470703,0.17449573480657163,0.030589155969532957,0.064984055235982,-0.0490228533744812,0.017881573252965847,-0.049990713596343994,0.06722456642559596,0.0373774035836273,-0.08849090337753301,0.3525635812963758,0.028893863141832538,0.061954885721206665,0.018263961968881026,-0.064984055235982,0.035688434759156784,-0.061954885721206665,no_punch
v_BoxingPunchingBag_g14_c06,95,101,98,3750,4000,3875,250,sampled_no_punch,3.296606112364076,1.3701124247594434,5.833859934068889,4.034218013102855,2.887146034930044,8.540001508774997,1.0463602192188306,0.5379350535186002,1.9087747328014777,1.7026981466348392,1.1115531684192976,3.0227896762868744,-0.04685848951339722,0.02067438464168122,-0.030746757984161377,-0.03334666682141172,0.022403297520662883,0.07739660888910294,-0.3126621049429689,0.22387648185825085,0.528400208801031,-0.09352002399308343,0.01847104995429714,-0.024490296840667725,-0.03933873879058022,0.02959137391942161,0.062218584120273646,0.0912921098726136,0.19183479346813911,-0.14256134256720535,-0.0010374699320111955,0.01039776499308379,-0.009522080421447754,-0.008742363325187155,0.02086590612992171,0.060464389622211456,-0.3151142857968807,0.08085554017705252,0.22295847907662394,-0.05377015897205898,0.013629261114337312,0.013966023921966553,-0.029944046267441366,0.03493913437915734,0.08113310486078262,0.1942952855357102,0.07859803154940438,-0.07154275104403496,-0.03570067882537842,0.01615133877499967,-0.023451507091522217,0.08155566028186254,0.020347142427295968,0.06986618041992193,-0.125197277537414,0.2388889814592307,0.5426939949393272,-0.05502065164702281,0.013802254087487129,-0.020285487174987793,0.0689374463898795,0.027744430101090345,0.05953106284141546,-0.08978317731193129,0.19369435647664837,-0.1267855763435363,-0.030897860161255064,-0.5426939949393272,0.1401492115724201,0.1267855763435363,no_punch
v_BoxingPunchingBag_g14_c06,214,219,217,8500,8750,8625,250,sampled_no_punch,4.326045739804374,5.410767174700586,14.877370793418946,3.711965440350274,2.417591533000667,8.097893713773733,2.624065856553062,2.569356500054576,7.4921069257394,1.708930512577289,0.6218339486656115,2.750590831743,-0.09644535432259242,0.04767591535890332,0.13711264729499817,-0.06888649178047979,0.037686147322118495,-0.07201316580176348,-0.1940041407942772,0.3265567534825223,-0.718694195151329,0.01287371168533961,0.03658789336132109,0.046129822731018066,-0.026291184748212505,0.03780798623031795,-0.0729132555425166,0.535195811962088,0.13329743325525129,0.11393576860427856,-0.07221707950035731,0.04450255526737003,0.12461197376251221,-0.053076543534795455,0.03389759111632367,-0.04778194054961199,-0.2444834069659312,0.16623490419748027,-0.36759010702371603,0.04615658770004908,0.020069516873803067,-0.0011692047119140625,-0.03898492765923342,0.03691784486655701,-0.06422811374068249,0.38679242072006065,0.05391807849238225,0.05946004390716547,-0.04666551450888317,0.03757325019338525,0.10705581307411194,0.04778689146041865,0.03742666624832214,-0.06406056880950928,-0.03277491591870787,0.30168180103519215,-0.6411811187863349,-0.0025449196497599282,0.04102445064616627,0.08602213859558105,0.09324391434590022,0.03423384410927145,-0.06322441995143879,0.32919083038965863,0.1400481053577906,0.15176485478878032,0.23250399026417112,0.6411811187863349,0.12959522972882714,-0.15176485478878032,no_punch
v_BoxingPunchingBag_g14_c07,8,13,10,250,500,375,250,sampled_no_punch,1.737622085750525,1.7925887605901172,4.2203807433230915,1.5874313461197285,1.1609884973581994,3.5381586225609905,0.6792486218685745,0.6709995144578745,1.6976178846119843,0.831343264940064,0.40219883055072325,1.4308468378872123,-0.03974081203341484,0.0032954940255440018,0.008581109344959259,-0.09863911444942158,0.009999294027858976,-0.025152731686830576,-0.33469291993727285,0.0813085352569176,-0.017922673374414444,-0.037435279538234105,0.007612939232843216,0.019023247063159943,-0.01953468844294547,0.029978055951241974,0.07329748198390001,0.389757030022641,0.07845267846708037,-0.24474631622433654,-0.016316206504901277,0.006058620055600542,0.008649893105030115,-0.0581548425058524,0.006110117771909292,-0.017803896218538284,-0.288919508146743,0.027503056605985614,0.013210590928792898,-0.02682680512468021,0.006211454859823765,-0.007691077888011932,-0.03681638464331627,0.016291472148499585,0.043202798813581356,0.2822538319354256,0.031406022695254714,-0.09866518154740334,-0.029577821493148776,0.00345277234414839,0.00043061375617980957,-0.0034539053837458478,0.00865835038206853,-0.020146429538726807,-0.17444167286157608,0.08723661932412073,-0.042227298021316584,-0.011765519777933784,0.00733463023030624,0.021509617567062378,0.06718825548887256,0.026786423874227167,0.059061899781227056,0.26963601385553676,0.07942670973780351,-0.2521787881851195,0.04198711344047562,0.042227298021316584,-0.20487455858916304,0.2521787881851195,no_punch
v_BoxingPunchingBag_g14_c07,51,57,54,2000,2250,2125,250,sampled_no_punch,1.2393398657134618,1.2426849902916295,3.6723214244411015,2.74699565577607,2.1846021201073973,6.792283014585881,0.8344768218521107,0.5178081924248541,1.9071013826030232,1.316572934534215,1.1117607333615156,3.265181515166971,-0.04618507623672489,0.007041106020074983,-0.006194561719894409,-0.07574580184050972,0.012511058745741254,-0.034504253417253467,-0.23575190800641263,0.07474248699506918,0.1996680479496718,-0.06696073498044698,0.00457089993505143,0.006659418344497681,-0.06269122873033799,0.014671696762914408,-0.042369384318590164,0.16689907174025262,0.19578600941005436,0.512315822765231,-0.007593848875590773,0.02012663604044234,-0.04942101240158081,-0.04678411356040412,0.011399543317495016,-0.03378421440720558,-0.25315513594874306,0.030166252599842736,0.08255605213344103,-0.05841945750372755,0.00411668651303844,0.003278881311416626,-0.03119342454842161,0.01793103015894915,-0.04938856139779085,0.19518662164253844,0.09021093448940135,0.2403203863650561,-0.03616101401192802,0.003836301935640807,0.00681757926940918,0.02011390669005259,0.012139292240166553,-0.033324941992759705,-0.07623051958424708,0.07718691468607079,0.20366275310516369,-0.036806728158678345,0.0063615816334618115,0.0012361705303192694,0.02352767969880785,0.01382406700015412,-0.0385832488536835,0.024234453216195138,0.18735899569385062,0.4783005341887473,-0.011216465768843747,-0.20366275310516369,-0.11291421859068645,-0.4783005341887473,no_punch
v_BoxingPunchingBag_g15_c01,45,51,48,1750,2000,1875,250,sampled_no_punch,5.312454839535372,2.0364950854705954,8.278014370157555,1.1703444232393074,0.36065222785186185,1.5832974988143556,3.04192318334002,1.9434114489955003,6.167411795641671,0.9666368623605518,0.2943857865214078,1.3095830313682733,0.0920233391225338,0.01616590877036557,-0.00888795405626297,-0.01674231265981994,0.05456237252466702,-0.17263969779014593,-0.20311373285949222,0.1250104217107797,-0.1972688743844629,-0.04274012024203939,0.014159849272620876,0.0260043665766716,-0.03947663679718976,0.01710868172161704,-0.048592776060104426,-0.45138227349768084,0.03533914730831817,-0.03095124755054718,0.07646009946862857,0.004055077876234793,0.009279005229473114,-0.01282107209165892,0.007794593703280186,-0.024012148380279597,-0.039322201473017536,0.08373734385765659,-0.13245394919067627,-0.06312231595317526,0.011015739031726673,0.016174279153347015,-0.008332117150227228,0.013620549951301252,-0.03174927830696106,-0.25619132226953906,0.03401642906632328,-0.057136611081659794,0.03724291920661926,0.01819519612915863,-0.0031123757362365723,0.09561582903067273,0.053141695014847556,-0.16584867238998413,-0.21761995786800978,0.11475483182940097,-0.26113252155482763,0.004541183511416126,0.016743322540091386,0.04023647308349615,0.08220909039179482,0.017445861278186064,-0.0484827756881715,-0.3536871174971263,0.03507237029706383,-0.04941326379776012,0.1332323007378196,0.26113252155482763,0.03905823990153384,0.04941326379776012,no_punch
v_BoxingPunchingBag_g15_c06,76,82,79,3000,3250,3125,250,sampled_no_punch,2.5319239277801215,0.9023186906925678,3.847115843817095,1.4303524007009694,1.3423706519536596,4.29155006711961,2.3469020119981567,0.8509631692930748,3.3871784279511936,1.6142037531349889,1.6481827266409783,5.203225653709517,0.04633922954755169,0.029030248531205362,-0.09228977002203465,0.055838220885821736,0.025440674248552272,0.01555091142654419,-0.046486731552119735,0.055900792319583954,-0.12503580702468747,0.00399657737995897,0.011249683265525917,-0.013340273872017916,0.06079816179616109,0.012758941099723819,-0.004533976316452026,-0.07710150556106653,0.054921538323863206,0.14977011224254955,0.04367373750678131,0.023081334147780692,-0.07407667674124244,-0.008676846112523784,0.008389558722513374,-0.001934051513671875,-0.0299721636277224,0.058541408106636536,-0.15075901104137296,-0.018115711265376627,0.0059325762499698904,-0.004322880879044533,0.009114420839718378,0.009447708698945428,-0.014302849769592285,-0.09862164082005617,0.0698279764362487,0.15777565957978362,0.013119812522615694,0.0188821775869399,-0.05979640781879422,0.15072633113179887,0.02108649889895123,0.01968207955360418,0.009880096784659816,0.03968283643322091,-0.068452700972557,0.021193517105919966,0.01193690343141585,-0.0290666073560715,0.15738417421068465,0.01578858001689225,0.014966249465942383,0.04604281844305142,0.01603406791713186,-0.03259441722184432,0.006305675541270095,0.068452700972557,0.0025733565213898746,0.03259441722184432,no_punch
v_BoxingPunchingBag_g16_c01,139,144,142,5500,5750,5625,250,sampled_no_punch,1.997088254778896,1.9820000740707227,5.729848621129096,2.9667336331489174,2.3638776179055716,7.536589083285714,0.6843083068689362,0.7989636769921913,2.24496111348767,1.6857804994875807,1.249112794144641,4.138304199299583,0.015325131515661875,0.017377260816497188,-0.04631789028644562,-0.05118954678376516,0.011747910427745712,0.01021498441696167,-0.27985443578412134,0.06945726567117828,0.08196722157299527,-0.09405649453401566,0.029460144703481673,0.09753076732158661,0.009274626771608988,0.027369253704753817,0.07305574417114258,-0.04382756515406072,0.10762952389509702,0.052777452394366244,0.07055245091517766,0.021317334166547852,-0.05075372755527496,-0.03969889382521311,0.005117567701102872,0.013939261436462402,-0.1978122160459558,0.014461773038528126,0.03505405969917777,-0.09513814002275467,0.03354121095389122,0.10204486548900604,-0.014144534866015116,0.021988866722969264,0.05344820022583008,0.08077116760735707,0.05316953544585799,0.021855169907212257,-0.015121678511301676,0.004184099742403356,-0.002856016159057617,0.087950199842453,0.010187836909767151,0.003621518611907959,-0.18485058968265852,0.08218633118603998,0.0698442682623864,-0.037286579608917236,0.024860074014539317,0.08343106508255005,0.12499657273292542,0.024293247965843607,0.058364152908325195,-0.13838538907778755,0.09932890191308666,0.055492278188467,-0.038087688952132145,-0.0698442682623864,0.01770023877239857,-0.055492278188467,no_punch
v_BoxingPunchingBag_g16_c02,64,69,67,2500,2750,2625,250,sampled_no_punch,0.749715545729979,0.25876622332535937,1.1881630851654341,0.9825384697323295,0.8585830790799792,2.293465160889175,0.4942657770313331,0.1624039971518482,0.7605287471317594,0.6955181529478824,0.49601927140853774,1.5306374615370522,0.0006883680820465088,0.0014626845203588848,0.0018485486507415771,-0.0347202867269516,0.01904192301521339,-0.03895494341850281,-0.19894296433776618,0.016161607824239293,-0.025317233055830002,-0.06000550389289856,0.003085825666002175,0.0034754574298858643,-0.011599001288414002,0.011746833500706481,-0.019444316625595093,-0.07401367258280511,0.034416249923743196,-0.04845702275633813,0.05397384762763977,0.0006008050132866114,0.00034245848655700684,-0.016959092020988463,0.0057217472265958975,-0.014656215906143188,-0.15832893755286928,0.011335942780557001,0.023119155317544993,-0.05433153510093689,0.005688624525730021,-0.015699416399002075,0.01859375536441803,0.0022729511696181507,0.0016001760959625244,0.052888837270438624,0.026480063094329525,-0.04257742688059803,-0.014597821235656738,0.00145715720400641,-0.001132190227508545,0.08347562551498414,0.018837238873393152,-0.03858309984207153,-0.11830528154969218,0.029630396856814168,-0.0654027611017228,-0.00829460620880127,0.004777514524753848,0.008119165897369385,0.07917931079864501,0.013022211774112401,-0.01879274845123291,-0.1665767513215541,0.029831638234398206,-0.04007096588611603,0.032697961243985024,0.0654027611017228,0.027482877385361093,0.04007096588611603,no_punch
v_BoxingPunchingBag_g16_c03,114,119,117,4500,4750,4625,250,sampled_no_punch,1.2168960183853383,0.6930430751555735,2.3480340677611005,1.2064789520368042,1.016315746140196,3.2134528105759963,0.682160411265846,0.3629195710834695,1.1809556455471308,0.8468977682420908,0.8451389560090947,2.5107240582528556,0.00868384043375651,0.022423971546589448,0.01890498399734497,0.10573664059241612,0.02502585524042136,-0.028199568390846252,-0.133195089486738,0.025887911069817512,0.024222049862146433,-0.014990627765655518,0.007416066559955843,-0.008666276931762695,0.07086472461620967,0.031937482687583965,-0.06823916733264923,0.11189849954098462,0.02126833261955427,-0.04480576887726784,0.007229924201965332,0.008504129463154896,0.01851731538772583,0.018820481995741527,0.006801385383177931,0.011684104800224304,-0.1941278474405407,0.03332568806433808,0.08849911764264104,-0.009458869695663452,0.011317768611085714,-0.036170899868011475,0.012571382025877634,0.009033837611029683,-0.0076214224100112915,0.16105469223111865,0.02924725533494857,-0.07491273060441014,0.04287085930506388,0.024671671428811975,0.007610619068145752,0.18947861591974893,0.031127873262990418,-0.05600804090499878,0.026532195508480086,0.024656721870064225,-0.054884791374206515,0.022181113560994465,0.0093245291900199,0.010043084621429443,0.15093612670898438,0.043574217128945054,-0.11688405275344849,-0.02039746070901551,0.013880541309033516,0.03474701941013342,-0.06662391792343272,0.054884791374206515,-0.11413883825801438,-0.03474701941013342,no_punch
v_BoxingPunchingBag_g16_c04,33,38,35,1250,1500,1375,250,sampled_no_punch,0.7425086426821103,0.0,0.7425086426821103,0.9589809427073018,0.0,0.9589809427073018,0.2170154272095901,0.0,0.2170154272095901,0.02237243777836861,0.0,0.02237243777836861,0.04180479049682617,0.0008544772863388062,0.0017089545726776123,0.005223669111728668,0.012762226164340973,0.025524452328681946,-0.10896362818311894,0.00825395609717814,-0.01650791219435628,-0.06210896372795105,0.007271066308021545,0.01454213261604309,0.04302353411912918,0.005032233893871307,-0.010064467787742615,-0.1108634107513353,0.02326888393145051,-0.04653776786290102,0.0668463408946991,0.0013752132654190063,0.0027504265308380127,-0.028075389564037323,0.0009363219141960144,-0.0018726438283920288,-0.06358987174462524,0.002512035774998346,-0.005024071549996692,-0.05851912498474121,0.0007099658250808716,-0.0014199316501617432,0.006509430706501007,0.002282850444316864,-0.004565700888633728,0.01085584436077625,0.006100390921346852,-0.012200781842693704,0.007606208324432373,0.0016108155250549316,0.0032216310501098633,0.1056828498840332,0.014608800411224365,0.02921760082244873,-0.044729955494403804,0.010405078530311591,-0.020810157060623183,-0.02099469304084778,0.008879691362380981,0.017759382724761963,0.1203172504901886,0.003399461507797241,-0.006798923015594482,-0.11839941749349235,0.03348775440827005,-0.0669755088165401,0.03513361823438768,0.020810157060623183,0.039060255193367616,0.0669755088165401,no_punch
v_BoxingPunchingBag_g16_c05,1,7,4,0,250,125,250,sampled_no_punch,0.0,0.0,0.0,0.0,0.0,0.0,0.0,0.0,0.0,0.0,0.0,0.0,0.0,0.0,0.0,0.0,0.0,0.0,0.0,0.0,0.0,0.0,0.0,0.0,0.0,0.0,0.0,0.0,0.0,0.0,0.0,0.0,0.0,0.0,0.0,0.0,0.0,0.0,0.0,0.0,0.0,0.0,0.0,0.0,0.0,0.0,0.0,0.0,0.0,0.0,0.0,0.0,0.0,0.0,0.0,0.0,0.0,0.0,0.0,0.0,0.0,0.0,0.0,0.0,0.0,0.0,0.0,0.0,0.0,0.0,no_punch
v_BoxingPunchingBag_g16_c05,58,63,60,2250,2500,2375,250,sampled_no_punch,2.7451320803813437,1.055305697750635,3.945358719650045,5.339162730962437,3.3575566550902165,10.719719382797571,1.9449555834278016,0.8337155227262898,3.3838619745065057,4.6592102583304555,2.9848884800976347,7.475353661577117,0.13582358974963427,0.029296470087323476,-0.031738441437482834,-0.25056076794862747,0.04194196414394947,0.05104546248912817,0.2193825671759744,0.07368476706992078,0.1061560641974211,0.09818089225639902,0.09918429277836026,-0.03666998073458677,-0.21170760442813238,0.09204582692170984,0.05358250439167023,-0.1403031102381646,0.11376096888452272,-0.15168622694909561,0.10481309114644925,0.010063992218850014,-0.014288466423749868,-0.16420704374710718,0.041847286368531474,0.06562761962413788,0.1981592704541981,0.06520339199869667,0.13399962894618508,0.03499785655488572,0.11019426637806458,-0.0182416252791881,-0.16966380923986435,0.026426174718934152,0.054694220423698425,-0.15351440067994795,0.06842290569690589,-0.1400857884436846,0.09318546950817112,0.04661812219955476,-0.03666533529758459,-0.08589492738246919,0.020659952134102225,0.017558872699737604,0.08313885765771072,0.05105542980121246,0.008409224450588282,0.09634170681238179,0.07951350889704403,-0.028832644224166953,-0.03520886103312177,0.08902394635038383,0.024533838033676147,-0.044427496070663076,0.146519829095722,-0.052168745547532897,-0.025684575362244527,-0.008409224450588282,-0.05790695965352985,0.052168745547532897,no_punch
v_BoxingPunchingBag_g17_c01,126,132,129,5000,5250,5125,250,sampled_no_punch,1.5279443122209875,1.1812664837513613,3.459091833331042,1.8223464233900388,1.1614406217873412,3.5276198185956607,1.3154225907150587,0.5803178825504062,2.044078008863699,1.239700160310501,0.7144649868417626,2.6908394167952845,0.09826339142663139,0.016299326648428446,0.04549238830804825,-0.11407966805355893,0.008424596541036042,-0.01171784102916712,-0.3487091836120401,0.12205342708770113,0.3505891254171729,0.03532500352178299,0.03148298619089608,0.08753261715173721,-0.12517007866076063,0.007232201622318413,-0.0026930719614028376,-0.5165114535817078,0.14807995334268492,0.4267859747633338,0.10728130170277186,0.011978119981299332,0.03365824371576309,-0.04371844977140429,0.014062514621891675,0.033747330307960566,-0.08447926278625213,0.0870700706333782,0.28609922807663685,-0.03682351963860651,0.021318792386609216,0.0610913410782814,-0.022148516561303826,0.007228290699047279,0.0004763752222060602,-0.42855286651424,0.047323998842561624,0.0037277033552527428,0.02782935329845974,0.024451689075760633,0.06092625856399542,0.022581385714667185,0.011108631159443274,-0.01546102762222279,-0.4503308529300349,0.07410141386427525,0.20640675351023674,0.07844408069338117,0.022152081032895687,0.06242144107818609,0.025455623865127557,0.004551041737318679,0.007772535085678212,-0.30001163482666016,0.19028533424474892,0.572982132434845,-0.20316690377372276,-0.20640675351023674,-0.4665123623171635,-0.572982132434845,no_punch
v_BoxingPunchingBag_g17_c03,26,32,29,1000,1250,1125,250,sampled_no_punch,4.548955621181103,3.873671779320886,11.408328186590326,3.698304313893279,2.2408345845315867,7.530090929216892,3.2224755260529907,2.407669548272524,7.897406988630223,1.8194704353834663,0.9999700339591165,3.107029536173637,0.11687800181763512,0.00979403955712895,-0.026666030287742615,-0.09368954758558955,0.008994081755212728,-0.014081601053476334,-0.31372587981500794,0.16664235024031673,0.1273338701575995,0.07544832889522825,0.01605156543651356,-0.009368464350700378,-0.08563615541372982,0.0169350059816724,0.014759089797735214,-0.3821168468732919,0.12625393681928565,0.3895184304565191,0.10811830737761088,0.018938049545009054,-0.03882281482219696,-0.03494377593908992,0.014755995973759298,0.017783042043447495,-0.01704182169799293,0.1370876680940587,0.09011610411107543,-9.02691057751743e-06,0.01967302514162386,0.006231144070625305,-0.03664579508560045,0.017407725707378155,0.0411598645150662,-0.390170268847474,0.046020267017858434,0.12198927067220211,0.05603022234780448,0.01262142205349026,-0.008528947830200195,0.01676686108112337,0.011754026016058634,-0.007095441222190885,-0.3936955226319177,0.1270557953265373,0.07106658816337585,0.09344246132033211,0.011748086466082115,-0.014272958040237427,0.040732971259525845,0.013257212513916528,0.009282469749450684,-0.11032769509724209,0.14480031189903905,0.42891108989715576,-0.07185981440499045,-0.07106658816337585,-0.3293580402500144,-0.42891108989715576,no_punch
v_BoxingPunchingBag_g17_c03,45,51,48,1750,2000,1875,250,sampled_no_punch,1.824278684743711,1.4740115266219878,4.39023480935135,0.5557559340463741,0.5549307428395988,1.7625458274295027,0.9102536320317531,0.39203114678559337,1.736155152835159,0.5106567564545579,0.18735553913881836,0.9006935662642497,0.030924385147435323,0.006077566091200923,0.01461309939622879,0.04520918109587261,0.033864213407438636,-0.08919798582792282,0.18315675656776872,0.0897856707712917,-0.17128658667206756,0.02992860440696989,0.004943604747071179,0.01577199250459671,-0.07773744740656445,0.007157448511818177,-0.006467901170253698,-0.3739941171869369,0.02101486921384595,0.04720472916960722,0.011174151940005142,0.013483562116044305,0.029197074472904205,-0.003105611673423222,0.007184702651088285,-0.019060425460338537,0.21002393656609844,0.03391338868539141,-0.0800823010504246,-0.034104686762605425,0.011084972405575442,0.028458543121814728,-0.008870492024081094,0.00910994316573548,-0.016488991677761022,-0.40244547475595027,0.010995689905011003,0.017804112285375595,-0.005509597914559501,0.004208978076722917,0.011471569538116455,0.17283856442996434,0.031222417666112424,-0.080133780837059,0.06398072153595942,0.10547107714996716,-0.1877296119928359,0.05757441265242442,0.006754735416641601,0.016249388456344604,0.05359227742467609,0.00653041746640056,-0.004927352070808494,-0.07790508014815194,0.024583537978566796,0.007353574037551991,-0.01724087064113855,0.1877296119928359,0.0019763729505456323,-0.007353574037551991,no_punch
v_BoxingPunchingBag_g17_c04,33,38,35,1250,1500,1375,250,sampled_no_punch,5.96136111588226,6.625344732011963,19.1909291511081,1.852797595880017,1.2369895077440718,3.834561884402707,3.6694582610519726,3.9868902164052393,11.605758671934693,1.0433595082936158,0.36697883559175337,1.5196590509482302,0.09870246797800064,0.004862034764292612,-0.0072259157896042425,-0.1110626974453529,0.0072681933332509495,0.0017523057758808136,-0.0684839612804353,0.3317510846883244,0.5351271219551562,0.06108138213555018,0.018824442409941272,0.02578054368495941,-0.09042260237038137,0.018538022291862594,0.041835356503724996,-0.2997783250175416,0.06059231788985555,-0.011825960129499546,0.08818758279085158,0.027490606884406965,-0.06846697628498083,-0.0665785986930132,0.025857751435440925,0.02498592808842659,0.09029361900563045,0.18035807665099,0.27911258488893503,0.0069869831204413995,0.02276387445525749,0.03572021424770355,-0.021401889001329766,0.01451310461178458,0.010705191642045975,-0.364123476203531,0.025932590745046488,-0.06846107169985766,0.05831800401210784,0.012567280710616292,0.026379644870758,0.02578032761812211,0.007352573466763445,-0.0027986019849777777,-0.20283872696260605,0.29421929970226374,0.4633884429931639,0.08659459650516514,0.008072450474480249,-0.0036645829677582342,0.035565649469693504,0.015613878280900747,0.03390771150588978,-0.0282744119564692,0.08744743544333648,0.05065363645553583,-0.15266356817164772,-0.4633884429931639,0.008127802910031026,-0.05065363645553583,no_punch
v_BoxingPunchingBag_g17_c04,39,44,42,1500,1750,1625,250,sampled_no_punch,6.424628290486178,3.065519102676539,11.460587084456813,1.7334669724501226,0.6989227609691889,2.9285888542600595,2.764695659776897,2.022495945925465,5.861859116322644,0.7496320872753639,0.23821221356822278,1.209631427763509,0.09431794782479601,0.0033894330874371962,0.004291884601116125,-0.07836611196398739,0.010686325809870414,0.018705248832702637,0.08114768161127965,0.14677417528579884,-0.26884526200592496,0.07845781246821082,0.0035105418019265025,0.0032131895422935486,-0.08131929362813632,0.015526815414117023,-0.038447797298431396,-0.28857520253707963,0.04647929429240786,-0.027393432334065465,0.05861784517765042,0.005555821012186658,0.0048079714179039,-0.05016780520478884,0.0041702848742425835,0.008202791213989258,0.20337980768332875,0.07007431797910293,-0.1027246173471213,0.017873629927635182,0.005705173964686314,-0.005288459360599462,-0.03257682050267857,0.012122313538209166,-0.03137940168380743,-0.3801981760188937,0.0182363211552057,-0.003622623160481453,0.07052629689375561,0.0041787278901133755,0.0006668865680694025,0.05719339847564697,0.009706148010171107,0.01443497836589816,-0.08167485147714612,0.13810604458943593,-0.23914895206689818,0.09502980609734853,0.003546474704697663,0.001083999872207586,0.04477474093437197,0.01502353644475513,-0.03504706919193268,0.016204059123992903,0.04267320949357866,-0.03726246953010559,0.19417050881884754,0.23914895206689818,-0.028520554308703677,0.03726246953010559,no_punch
v_BoxingPunchingBag_g17_c04,76,82,79,3000,3250,3125,250,sampled_no_punch,5.1978935505952135,3.418707508061992,10.67512744105117,3.1316849715191424,1.9216432187503387,5.716985635781268,3.3710298024738576,2.442723695281288,6.87437691852621,1.5634466021068938,0.74206657773875,2.9656063692613324,0.1213330232671329,0.028503733994454338,0.017760105431079865,-0.08795003592967987,0.011718676675568104,-0.03725899010896683,-0.2947705684761916,0.16236969950265348,-0.3858538633212447,0.07931394555738994,0.02889747641245335,-0.0672365352511406,-0.09790550598076415,0.014620662131711362,-0.015469320118427221,-0.38964634694691214,0.1551850663702556,-0.5176893984898925,0.09596627418484006,0.023089025638113148,0.04893816262483597,-0.04627438741070886,0.02259119496518756,-0.05580163747072214,-0.028775274154863167,0.09829527591729191,-0.2675746101886034,0.011933470410960054,0.02373260155405207,-0.07507237046957022,-0.03887880061353958,0.004329307447539044,0.0032952353358269293,-0.4012979182547757,0.05345201985950043,-0.1258498346433044,0.06214816229684012,0.0218274280126649,0.001117408275604248,0.021571393523897475,0.017628110344853426,-0.04639658331871033,-0.38662189298442434,0.12384981120081535,-0.26843310520052927,0.0924634678023202,0.023268989399306838,-0.036143362522125244,0.02482978786740982,0.01402615862580397,-0.009657502174377441,-0.12602643455777848,0.17946988615903128,-0.6071954965591431,0.2605741879908771,0.26843310520052927,0.24652818969379756,0.6071954965591431,no_punch
v_BoxingPunchingBag_g17_c04,126,132,129,5000,5250,5125,250,sampled_no_punch,4.9302770651223335,3.513726096006019,10.357483095521577,0.70173235614595,0.3654935103691565,1.5104654240249686,1.9963817384583227,1.1506615044186317,3.5086782178779785,0.684809063331803,0.18560821542109948,1.0333314577521562,0.1197906785777637,0.012496676551904716,-0.010852642357349396,-0.11747563417468755,0.008398239793932163,0.00925414264202118,0.023911610777889003,0.15459522765974118,0.13760291971266253,0.0948740510003907,0.005647565518740166,0.017900697886943817,-0.07543425155537474,0.017368157085700685,-0.05835358798503876,-0.18313863926700177,0.020865588068675715,0.0010070372372865677,0.09120259646858485,0.01186173584988274,-0.0036907568573951166,-0.054202332028320886,0.009522575633644777,0.005414173007011469,0.1881043378795896,0.05595244988637006,0.07465047948062425,0.04494944321257725,0.012701241890633626,0.03787150233983999,-0.012586598949773002,0.00784259261633662,-0.02411936223506933,-0.338200710181679,0.013423677592132956,-0.031063301488757133,0.0786996866975512,0.01418598200409086,-0.009383916854858398,0.021195437226976668,0.007552743930416716,0.0037491917610168457,-0.14830884656735824,0.15912761885757787,0.0567010194063185,0.09095725842884608,0.005627603770265191,-0.00877889990806574,0.051829082625252855,0.016110669067666276,-0.05233088135719299,0.11047359875270302,0.02529603726814991,0.016212552785873413,-0.05128041733379832,-0.0567010194063185,-0.012181481588210114,-0.016212552785873413,no_punch
v_BoxingPunchingBag_g18_c01,51,57,54,2000,2250,2125,250,sampled_no_punch,3.045600465994333,1.521525644336562,5.371620271921945,6.341834036857248,3.497271074125546,10.17718241454556,2.5322976945158873,1.1513892997957247,4.02536145218569,4.738497703365858,2.992670608462706,8.665256253365069,0.11825898732058704,0.046770843262242616,0.0673573338426649,0.04487060879667599,0.042254124416324666,-0.07966142892837524,-0.028331913209209806,0.05220569133832144,0.12984439497813588,0.036818278720602386,0.0919307484689429,0.06106440955772995,0.03543842708071071,0.05983650442760191,0.08774331212043768,-0.16849117547584078,0.09607316593799846,0.017980152741074562,0.08491796697489917,0.03454047053883126,0.02492004865780468,0.021577183157205564,0.04289632016741735,-0.10168176889419556,-0.016381396989648536,0.040791255905648215,0.12806558981537816,0.021829083018625777,0.04975780866066115,0.04063257062807677,0.018685761839151382,0.04603015186750727,0.07699441909790039,-0.1716521563163648,0.08369163244212069,-0.016444331035017926,0.03840011979142825,0.03839682182618799,0.07295835763216013,0.0764793008565903,0.02470980272105478,-0.02539327740669245,0.012517572458212571,0.022747096468909864,-0.0038588806055486063,-0.0092558329924941,0.08799017215824353,0.05432808399200435,0.06919768452644347,0.04189352686223952,0.06335082650184642,0.00038200492660203644,0.03959295119470707,0.0057344883680343905,-0.008320397617990763,0.0038588806055486063,0.03438494125561584,-0.0057344883680343905,no_punch
v_BoxingPunchingBag_g18_c02,8,13,10,250,500,375,250,sampled_no_punch,1.2362385994066254,0.5967510434575836,1.832989642864209,3.6589395506321667,1.9209421282076011,5.579881678839768,0.7675936459489126,0.14870494027286113,0.9162985862217736,1.7075400878178835,0.6673765410130791,2.3749166288309627,-0.10352239757776266,0.001168629518542421,-0.0014724135398864746,-0.00612977147102356,0.00393786961201307,-0.008745193481445312,-0.24856049629549185,0.03057794513819467,0.0335354246199131,-0.0973116829991341,0.013192006563973648,-0.025105983018875067,-0.010879874229431152,0.011558639410344893,-0.027231365442276,-0.03372041694819926,0.09271236634357626,0.1459441073238848,-0.011608131229877472,0.0015654024488512624,-0.001729339361190796,0.0053815146287282305,0.008763941548101178,-0.01839303970336914,-0.2768788517763217,0.019082718287571694,0.04252523556351662,-0.06284840653340024,0.01440114506474909,-0.026546418666839544,0.002822031577428182,0.011980593387539073,-0.027029693126678467,0.144998425617814,0.03824992514544206,0.054708402603864614,-0.0862500170866649,0.0006855729525507975,-0.00147286057472229,0.11743534604708357,0.0017421052904837422,0.0035566389560699463,-0.05480045576890317,0.037171061088121356,-0.0010281652212143222,-0.032797843217849766,0.010744582204844186,-0.02336734533309931,0.08236726125081385,0.011483272076932676,-0.02741938829421997,-0.19488573074340812,0.09304336800240874,0.1516920030117034,0.003865197940524201,0.0010281652212143222,-0.1364181984949775,-0.1516920030117034,no_punch
v_BoxingPunchingBag_g18_c02,20,26,23,750,1000,875,250,sampled_no_punch,1.1423142917416234,0.3977843456469471,2.014733600831297,1.1766900585098548,0.513667343746277,1.8308636221216332,1.1286067660974337,0.6162282600492973,2.3813950127013457,0.7753245298748764,0.32171100522857615,1.2558828574283787,-0.1359993347099849,0.05525644291886837,0.16505809128284454,0.010795916829790388,0.01259442831741689,0.032973818480968475,-0.215739729149001,0.017230486043100467,0.022497475147247342,-0.1378505825996399,0.039996583630805174,0.1188060492277146,-0.006778397730418638,0.0332129491753112,0.07352059334516531,0.1652194644723619,0.03774949290013284,-0.11224491894245148,-0.03738287942750113,0.04786165622736377,0.14046446979045868,-0.010179340839385986,0.008859321168801835,0.01690494269132614,-0.2764969063656671,0.02655029598868064,0.0676581859588623,-0.06912295733179365,0.02851258169154883,0.0755409449338913,-0.024864490543093008,0.028037129980725155,0.07190354913473129,0.26307582855224604,0.011895003402524555,-0.02564463019371027,-0.12180714096341815,0.04472471668073002,0.13471844792366028,0.14140853711536955,0.01846328578745295,0.04994377493858332,-0.006110553230558131,0.019964253572144822,-0.06780050694942477,-0.10402095743588038,0.04027426089293139,0.12207341194152838,0.12238524215562004,0.03064075698082757,0.05713987350463867,-0.036581269332340835,0.04032923834873187,-0.12048529088497162,-0.03865784603718195,0.06780050694942477,0.01984855603495675,0.12048529088497162,no_punch
v_BoxingPunchingBag_g18_c02,39,44,42,1500,1750,1625,250,sampled_no_punch,1.8030991405421626,1.4584607391053341,4.266892830896648,2.049478177674627,1.798338219735954,4.91229923292756,1.3348734345198776,0.6669590021318211,2.1322856662601337,0.7859067386940201,0.20091753176748545,0.9714455494931369,-0.07401076853275299,0.011439042842709815,-0.026779934763908386,0.0226154401898384,0.021468854176205535,-0.06483672559261328,-0.10700612701475616,0.04917341078030135,0.04730494692921647,-0.06969446241855622,0.007183197965449684,-0.003835424780845642,3.060847520827137e-05,0.007965408511899658,-0.0003874450922012329,0.03779450431466104,0.08506158694963047,-0.11123666726052753,0.0028151720762252808,0.004723268316216283,0.0001585632562637329,0.009961833059787716,0.006530792705658418,0.010080829262733515,-0.19762423373758792,0.022446542458187477,0.027428068220615387,-0.045291998982429506,0.008977856201622714,-0.004161641001701355,0.004575891792774178,0.0075124835724346166,0.012683406472206171,0.17003343664109705,0.02924280526458523,-0.042029671370983124,-0.0623185396194458,0.009830464276012888,-0.027376532554626465,0.14767814278602603,0.020247960701491808,-0.061613976955413874,0.06646500974893571,0.054593836788884374,0.01774166896939291,-0.024805223941802977,0.008667607380520009,0.0018516778945922852,0.10101996660232544,0.011870204247277397,0.010036438703536987,-0.12707614041864868,0.10954349432966799,-0.1636679153889417,-0.03853603555186785,-0.01774166896939291,0.14303618818173328,0.1636679153889417,no_punch
v_BoxingPunchingBag_g18_c03,83,88,85,3250,3500,3375,250,sampled_no_punch,2.458280781367582,1.725645353571211,5.694102566372314,2.1513712659517075,1.3258449379502781,3.6851296884067337,0.8744681106595458,0.8485960577216617,1.9607743397573658,1.1953660836352005,0.4305099739412391,1.736597240681805,-0.05082503209511439,0.02324686894141998,0.07511234283447266,-0.04380945488810539,0.04331509927384173,-0.0412287712097168,0.2660405461016732,0.09534752592480002,-0.30399495421443135,0.04559582223494848,0.025643196791167427,-0.020423591136932373,-0.03920899952451388,0.04746676043913112,-0.07862737774848938,0.26247114678456757,0.05024190067181274,-0.12307608185801655,-0.09043450405200322,0.0217473609854673,0.06656169891357422,0.003928386916716893,0.003758806636584789,0.0071602463722229,0.12308619906737776,0.02670132408029096,-0.054383785114623565,0.09659902999798457,0.017823577149422665,-0.03225517272949219,-0.03314275170365969,0.015678890531128416,-0.034595787525177,0.1255906732403673,0.031723377134016566,-0.08576160727534447,0.040666937828063965,0.019606672165996233,0.06512069702148438,0.10903438925743107,0.042404923701456314,-0.05040174722671503,0.23806606139987707,0.12275343987010959,-0.411215191707015,0.0007471640904744467,0.023960742305724095,-0.002680957317352295,0.14154867827892303,0.04802996861836875,-0.0898307859897613,0.22032018844038248,0.06084713507844737,-0.1418438404798508,-0.32054361003549803,0.411215191707015,-0.16445179544673727,0.1418438404798508,no_punch
v_BoxingPunchingBag_g18_c04,64,69,67,2500,2750,2625,250,sampled_no_punch,3.043852969337247,1.7575683820226244,5.331312467628946,4.805183194613436,1.563734797317303,6.75816120547,3.080934665573161,1.9075413979572098,5.688189466114819,3.3779749470531044,1.9874238379471918,6.8240600888197,0.053880733748277045,0.02533017553626238,0.0191265810281038,0.10335265410443147,0.02744585693620504,0.02452636882662762,-0.08749983807744381,0.10730449473660393,-0.31857580032374233,-0.05525844171643257,0.03021536334383642,-0.0944451596587897,-0.09714596904814243,0.08613794506435984,-0.16860959306359297,-0.07259309764049249,0.08067600934378945,-0.09857884135271881,0.06720114250977834,0.019490306900644593,0.024973886087536812,0.06459448548654713,0.01563470814913279,0.023086439818143734,-0.056004055841185625,0.07953781179359673,-0.21269551005389065,-0.04873994116981826,0.018062414825897335,-0.052761731669306824,-0.10897831805050377,0.04547871038043953,-0.11994471028447157,-0.08417084043564198,0.04627790127025531,0.06347236696456098,-0.022142112255096418,0.019460048616630223,-0.001069858670234708,0.13996133704980215,0.022080259837933585,-0.007995814085006825,-0.010069736900428944,0.08304069159190038,-0.2286955472081899,-0.06493048990766208,0.022971628873944324,-0.060728974640369485,0.021036734183629363,0.07968088484878419,-0.13100463151931763,0.04525385238230226,0.09976909504939924,-0.22390859946608543,0.08374665367896564,0.2286955472081899,0.051110994353181005,0.22390859946608543,no_punch
v_BoxingPunchingBag_g18_c05,108,113,110,4250,4500,4375,250,sampled_no_punch,1.4467843650778394,0.0,1.4467843650778394,5.3299027272527955,0.0,5.3299027272527955,2.1662338678340625,0.0,2.1662338678340625,4.388802851905775,0.0,4.388802851905775,-0.042021725326776505,0.018921691762512325,0.04598209261894237,0.06416284044583638,0.05080164753383568,0.11096430942416191,-0.10971474981245892,0.017061620375695977,0.04158683796413254,-0.07076801483829817,0.06269009296519952,-0.15294025093317024,-0.054228345553080204,0.032659050137151355,-0.021488923579454366,-0.05428876316485301,0.05227184255947296,-0.0979371152352542,-0.0068215516706308,0.03410147975633341,0.07971251010894778,0.05719733238220218,0.012211293104248257,-0.0026938207447528284,-0.12967726921973127,0.006841214160868942,-0.015550770564004723,-0.01652448251843457,0.03169076374952105,-0.07751588523387903,-0.04619734485944111,0.024246691280296905,-0.04755072668194765,-0.0669765307102352,0.04177236568349218,-0.0415698669385165,-0.08479978144168852,0.019210796040520114,-0.026108518242835888,0.04050910969575247,0.09809860651513026,0.19840876758098605,0.05079186459382377,0.03378056493470333,0.0789056420326234,-0.11351189265648524,0.05352715874185379,-0.13103229552507398,-0.02232479552427924,0.052861098033490136,0.07355424761772161,0.059438154101371765,0.034202843420220765,-0.08270299434661874,0.04815145789628561,-0.0789056420326234,0.03592873098559815,0.08270299434661874,no_punch
v_BoxingPunchingBag_g18_c05,183,188,185,7250,7500,7375,250,sampled_no_punch,4.045900126676359,1.782224088376377,5.767979478289935,3.065971714919627,1.518129481021401,4.852636543148951,3.3090613181626054,0.9560350973604651,4.312051043422665,2.022798222964929,1.2135218719699843,4.440214349211578,0.2488280925899744,0.06177503034857516,0.13368931785225868,-0.010774270941813787,0.02387478706703409,-0.05549130588769913,-0.2491878850657182,0.08859354656465006,-0.22760261967778211,0.11154012816647689,0.0633221330175406,-0.08464109525084501,-0.09970157469312352,0.06436035163334668,-0.1670689657330513,-0.49783435795689,0.08431000667577518,-0.26959649100899696,0.19757433670262495,0.02452555340086423,0.06676903739571571,0.02721395467718442,0.023290557407576795,0.04145350307226181,0.004117424231177826,0.07379494330910132,-0.18410207703709608,-0.04165168665349487,0.038830823897553664,-0.09093501791357989,-0.03561660771568617,0.02636735324310555,-0.07781786471605306,-0.39458841913923,0.055941887466591136,-0.08732578530907636,0.11069158713022868,0.0477936884083573,0.07173138856887817,0.13080858687559768,0.031572265742055024,-0.0818263590335846,-0.3346973442627737,0.08982383417690935,-0.03071370720863348,0.151706799864769,0.05239241321707686,-0.04871031641960155,0.14261671404043832,0.04098156792510449,-0.09635332226753235,-0.2930803323785464,0.0768860701665548,-0.22467738389968872,0.021111260719895664,0.03071370720863348,0.08522820133080661,0.22467738389968872,no_punch
v_BoxingPunchingBag_g18_c06,8,13,10,250,500,375,250,sampled_no_punch,2.0164371302439377,0.8162254737728192,3.010047332558633,2.5390628843535183,1.4888628218014572,4.822728428250237,1.318004027262272,0.5329462629651188,1.8431454695321068,1.124716608246207,0.24731913140324674,1.3583605596991897,-0.12744925046960517,0.039780618498825644,-0.027562037110328674,0.026647104571262997,0.022851044006575425,0.06834469735622406,0.049110802821814986,0.07147651967024528,-0.2109338901937007,-0.021822568029165268,0.019717825310428115,-0.017074450850486755,0.023994121700525284,0.016347502118210108,0.007732495665550232,0.2689873405421774,0.08487398077883382,-0.05632526054978371,-0.07044836506247522,0.031643954044806646,-0.032830372452735956,0.021958434333403904,0.011533144452773586,0.03511802852153778,-0.09049563203006976,0.028927481181217653,-0.07027534767985341,0.03284184510509173,0.00986001982534964,-0.014969751238822937,-0.017930414527654648,0.012197074414891538,-0.029190316796302795,0.24700217228382826,0.03932505688679418,-0.06374329701066023,-0.06732830901940666,0.032418303205982595,-0.008597642183303833,0.11742950975894928,0.014538458459696018,0.03691318631172186,0.1742516582210858,0.08061451178379052,-0.22245113551616658,-0.03002437949180603,0.023525807593337757,-0.01463228464126587,0.14552071690559387,0.012434642370097072,0.003205209970474243,0.09305318941672643,0.09016356935604693,-0.018182963132858276,-0.12924396891937334,0.22245113551616658,-0.006523544115460744,0.018182963132858276,no_punch
v_BoxingPunchingBag_g19_c02,39,44,42,1500,1750,1625,250,sampled_no_punch,4.12278312223039,2.89420859493741,7.732153874280311,4.370081345881759,2.7351709619038145,7.797641119961435,2.5727745601293743,0.8099753001935309,3.5218089949117988,2.9334578472181465,0.6791773825525583,3.5128005485277702,0.09554323554039001,0.009146816607313259,-0.02430364489555359,0.07095071859657764,0.03930754728629264,0.07735121995210648,-0.12667444883845744,0.11986059793186946,-0.25748934969306003,-0.008446477353572845,0.04595485018108081,-0.09579190611839294,0.02362246997654438,0.02737275981751314,-0.06367545574903488,-0.29930978431366384,0.11387551380037748,-0.21116034314036378,0.06756505370140076,0.009483654490580664,0.02266666293144226,0.017423855140805244,0.013536541395875465,0.024366922676563263,-0.03556410386227069,0.04082921317469994,-0.0900957994163036,-0.0566534921526909,0.037982754234153,-0.07688620686531067,0.010590719059109688,0.03080436915713045,-0.08411823958158493,-0.25863589509390295,0.02766404759070102,0.005388010293245288,0.03416872024536133,0.020265568595070015,-0.054155826568603516,0.18976826965808874,0.026143880179512424,0.05228722095489502,-0.03494187444448473,0.13108700640426357,-0.2944586277008058,0.04112283140420914,0.02429479560892396,-0.0468328595161438,0.14731051772832876,0.015420658911201656,-0.02043262124061579,-0.06845518201589584,0.13685910182520394,-0.28525727987289434,-0.025216247152960364,0.2944586277008058,-0.056747909156077386,0.28525727987289434,no_punch
v_BoxingPunchingBag_g19_c05,45,51,48,1750,2000,1875,250,sampled_no_punch,3.613884053141314,1.9989891113916072,5.9037140887716,1.1375675728835075,1.0530923016614246,3.2214429458008205,3.0187476995429776,1.6877008386980195,5.3290321538701955,1.5079905867775194,1.0336792356603899,3.0748848998984597,0.12528561328404716,0.02280201458273079,-0.035201217979192775,-0.08347082936338016,0.01536347921944668,-0.008278977125883102,0.014504240692726208,0.12349088190481423,-0.21040656231343746,0.1450588709142591,0.04001900075745079,-0.08850595727562907,-0.09685384322490012,0.014283327343401401,-0.018767576664686203,-0.20140305973057232,0.024788016241341228,0.04951539821922776,0.12377623315634469,0.020471286427327127,0.04057688638567923,-0.06332976424268315,0.0068381223588127125,0.005878318101167679,0.10984655243477649,0.12161682055983379,-0.2706844191998242,0.027264688163995715,0.031311919531680006,-0.05536263994872556,-0.04247957414814406,0.013579483953436779,0.0028829164803028107,-0.32682828778134926,0.05331179016098783,0.12363392300903797,0.06930137532097953,0.03677221197463399,-0.0675293430685997,0.09923053426401961,0.013093612455348784,-0.023796409368514987,-0.08403764212770118,0.06129291489698534,0.040837071835994665,0.18631210956456395,0.02798890464713497,-0.05689470097422608,0.09013103161539351,0.014990891184499516,-0.026856467127800016,0.060040780476161425,0.012858711065394386,-0.028338074684143066,-0.056406889809217736,-0.040837071835994665,-0.06853660919322294,0.028338074684143066,no_punch
v_BoxingPunchingBag_g19_c06,8,13,10,250,500,375,250,sampled_no_punch,5.126180479283428,3.6563113639109717,11.62960242790411,5.99531287986786,4.304533540665169,12.668685455023498,4.018900576759508,2.433486926585178,7.83936607739811,3.4121380721150985,2.8224022831749744,8.475219897307198,0.26201607286930084,0.027433405484218697,0.051344480365514755,-0.23784144719441733,0.03430427077809921,-0.028152845799922943,0.18901006070276102,0.17285308084083986,0.21499352529644958,0.18350366751352945,0.13881987034650842,0.08257230743765831,-0.14684144904216131,0.2103459014009214,-0.23204118758440018,-0.3288754044721524,0.07861919043259619,-0.20608923211693764,0.1677218874295552,0.02744134970097271,0.019475307315587997,-0.12677159408728286,0.03953355651509216,-0.09296014159917837,0.2929367044319709,0.10669446655098434,0.0867011584341526,0.050382902224858604,0.11424680942877168,0.07358556613326073,-0.09034674366315208,0.12134744416792638,-0.23393901437520986,-0.4410082070777814,0.03668283536011477,-0.053084585815668106,0.1918206810951233,0.03266064965829328,0.05538445711135864,0.015737752119700094,0.0411244478712701,-0.03699135780334467,0.00877285624543825,0.11728300050009374,0.178052820265293,0.20119184255599976,0.11692809995746997,0.06675025820732117,0.10445210089286168,0.20066197730852015,-0.18395115435123438,0.043909599383672095,0.08116858466540246,-0.23697608709335327,0.0026736319368506067,-0.178052820265293,0.04937148351198739,0.23697608709335327,no_punch
v_BoxingPunchingBag_g19_c06,58,63,60,2250,2500,2375,250,sampled_no_punch,2.167599741625166,0.7290821807319516,2.8479581113267156,3.105303854973772,1.561642106155986,5.288994895532636,2.049072989883905,1.0268200277687456,3.63224040191703,2.9665897348094745,1.108450743025606,4.991464677904938,0.007091129819552104,0.018390021733142137,-0.05485210567712784,-0.07743442182739578,0.037380850005510766,0.004897989332675934,0.05759782875732828,0.06227599985644499,-0.1383850323036313,-0.014711072047551491,0.0024285093950240236,0.0022543892264366705,-0.03132758413751921,0.03155313132079659,-0.05757605284452427,-0.00837024778593333,0.1386093578544889,0.3539944952353834,0.002315466602643331,0.021078378024500414,-0.053540267050266266,-0.06646332020560901,0.02797867840966975,-0.0005588456988334101,0.006724019573690995,0.10291937661134286,-0.2668037535622716,-0.04288014769554141,0.0037222285120415343,0.005580835044384003,-0.033020266642173134,0.017579277323009217,-0.016678713262081035,0.014336890579822147,0.12913020446865586,0.3468807479366659,-0.0089703897635142,0.012038204956777243,-0.03764700889587402,0.013909985621770224,0.03562404228260453,0.009513407945632907,0.05952859607835608,0.03451449742416551,0.05260145291686048,-0.002734333276748676,0.0053976405932950845,-0.012338101863861028,0.05875512709220251,0.0365135319073582,-0.06853035092353812,-0.02815250617762405,0.04943708313134315,0.0936123132705689,0.05110244849434118,-0.05260145291686048,-0.10595507368429138,-0.0936123132705689,no_punch
v_BoxingPunchingBag_g20_c01,51,57,54,2000,2250,2125,250,sampled_no_punch,0.0,0.0,0.0,0.0,0.0,0.0,0.0,0.0,0.0,0.0,0.0,0.0,0.0,0.0,0.0,0.0,0.0,0.0,0.0,0.0,0.0,0.0,0.0,0.0,0.0,0.0,0.0,0.0,0.0,0.0,0.0,0.0,0.0,0.0,0.0,0.0,0.0,0.0,0.0,0.0,0.0,0.0,0.0,0.0,0.0,0.0,0.0,0.0,0.0,0.0,0.0,0.0,0.0,0.0,0.0,0.0,0.0,0.0,0.0,0.0,0.0,0.0,0.0,0.0,0.0,0.0,0.0,0.0,0.0,0.0,no_punch
v_BoxingPunchingBag_g20_c01,101,107,104,4000,4250,4125,250,sampled_no_punch,1.6554979970437873,1.1358497412510724,3.713005959831124,3.3110183383892013,2.44453390269823,7.866695652194079,1.4181646676433328,0.7852826196655291,2.7893351105597266,1.9863964564540677,0.7702824621010579,3.047329701158886,0.020265236496925354,0.04589443018532872,0.10713258385658264,-0.06810180842876437,0.05096296657770549,0.11755295842885977,-0.3720708208469053,0.06119496679073016,0.10218162043020129,-0.024793490767478943,0.02143261623942143,0.042474180459976196,-0.06526188552379611,0.04269936680787568,0.02652861922979355,-0.10160258707279961,0.16188576533538832,-0.4027063180692494,0.047636364897092186,0.026868200482390792,0.07218238711357117,-0.034729152917861966,0.022781905181449826,0.06089686602354044,-0.22974653464431563,0.06940342867186401,0.1909917066805065,-0.04684261977672577,0.00480711630620009,0.005335181951522827,-0.06175554295380911,0.024070876697307057,0.01869439333677292,0.009994908080746734,0.09458844622125205,-0.20822069840505708,-0.01747533679008484,0.036962603370689864,0.07746827602386475,0.02539533873399098,0.04028214040901476,0.09091416001319885,-0.2783287006119887,0.0430924798149466,-0.03254806995391851,0.009906142950057983,0.01876517653759295,0.03160578012466431,0.040326590339342744,0.04347682560660362,0.03165590763092041,-0.14217995852231977,0.14297106387663033,-0.3198165837675333,0.03385801676472383,0.03254806995391851,0.006840415029922831,0.3198165837675333,no_punch
v_BoxingPunchingBag_g20_c01,195,201,198,7750,8000,7875,250,sampled_no_punch,3.19896283347251,1.9102504055038432,6.200797003905606,2.006320766161719,1.1295037683983096,3.278989982606522,1.5693115167991563,0.9195178280481734,3.038991328903989,1.050747458335355,0.5607455881841505,1.8968319849998045,0.062387837895325246,0.004603119260929914,0.009381882846355438,-0.016298997615064925,0.03373001919130675,-0.07759360969066625,-0.2544596336249794,0.09727417945297295,-0.26582460384815926,-0.05879413549389162,0.01294581735229051,-0.03214646130800253,-0.005956710449286909,0.020424556026109975,0.04971052706241613,-0.20888399040060385,0.07408596964353271,-0.23119909595698124,0.073300230715956,0.008437928465190113,0.028454832732677404,-0.0147903742534774,0.005299192477114073,0.007203683257103022,-0.08579029808087006,0.03503057750881942,-0.07152054738253359,-0.06635830551385881,0.009353291411317514,-0.029398150742053986,-0.02053413327251165,0.015321416184135949,0.03800953924655909,-0.054683432781270566,0.03365123161985668,-0.10049163457006219,0.01798784732818606,0.0038007412944349684,-0.0016131401062012274,0.06882550035204205,0.03358324120900051,-0.06697478890419012,-0.22599157285211344,0.10977510452854673,-0.29052538983523846,-0.023766611303601946,0.010254858729888792,-0.022776424884796198,0.08189288207462855,0.02049923781849096,0.05172517895698553,-0.18643226474523544,0.0719123216137875,-0.21152309328317648,0.24750745723264622,0.29052538983523846,0.21784743878740107,0.21152309328317648,no_punch
v_BoxingPunchingBag_g20_c02,120,126,123,4750,5000,4875,250,sampled_no_punch,2.975484002510132,1.1756161958786226,5.027919397208423,3.632387702697228,2.1775912818891014,7.733987344489747,2.5919062799233097,1.1098091153780754,3.730333712500178,2.4470769234606897,1.8514211703613352,5.226620895728024,-0.12060751020908356,0.09744927805377564,-0.22630074620246887,-0.11917438677379064,0.04221460272402706,-0.04919863492250437,-0.08093692864557457,0.03801798080395979,-0.034530738368630326,-0.06461382550852639,0.026534073963331246,0.08109340071678162,-0.06219593541962761,0.04625103044199498,-0.05463577061891561,0.14972882894133882,0.15604565335503331,0.3356368653476239,-0.057364240288734436,0.07423840255999647,-0.176942139863968,-0.08341058662959511,0.02783614448713233,-0.04177204519510269,-0.14260408664787455,0.058977592426237485,-0.15465899743139733,-0.03948288091591428,0.034885611148139616,0.09957167506217945,-0.049558090312140333,0.041839762985394977,-0.07993987947702408,0.16036761768295293,0.09373889748849559,0.15162962302565566,-0.10111957788467406,0.06906176817603779,-0.14008843898773193,-0.00392380782536098,0.033551493776417605,-0.03827360272407526,0.013286186382174506,0.06446355975474496,0.12014082260429859,-0.04850562129701884,0.013634571956773967,0.016451656818390004,0.0421348512172699,0.03313821287725647,0.02727383375167841,0.03004936501383786,0.1390568624881828,0.35609425604343414,0.08873577918643905,-0.12014082260429859,0.07728781514581828,-0.35609425604343414,no_punch
v_BoxingPunchingBag_g20_c03,201,207,204,8000,8250,8125,250,sampled_no_punch,4.568508242727517,3.0279012085048547,9.676745567490755,4.948999789873125,4.197691494448245,10.12664592186207,2.2988722814802576,1.2209597287195693,4.214701386292307,2.1844937613152196,1.9561141756447127,4.663233678319549,0.015395823333944594,0.03746889445853147,-0.09028263390064245,-0.12664026660578592,0.05461474723205075,0.10012351721525198,-0.25089104410393964,0.15882331803628436,0.5609983371105043,-0.03335535632712502,0.011978065411867002,0.0049023181200026356,-0.09748013743332458,0.031440547629604215,0.07142027467489243,-0.10397306926149344,0.15959919432065198,0.32157170563004894,0.026682316192558824,0.03637935105255947,-0.09070529043674475,-0.08852396905422212,0.02701391163383626,0.055775247514247894,-0.15803334213394135,0.07418435968783826,0.26447399496100826,-0.03539590005363737,0.01973186840709888,0.020617350935935946,-0.06769965589046481,0.019541333954547872,0.05512537807226181,-0.009690719423815608,0.06721577768252701,0.10845703049562852,-0.0030230156012943576,0.02599868631480304,-0.06837344169616699,-0.013349916253771108,0.0504036782869154,0.09041845798492432,-0.18299995309540204,0.1587872183865885,0.5398561470210551,-0.004198913063321803,0.011618700912231963,-0.03795045614242559,-0.0029558581965310154,0.03088099889873971,0.07626521587371826,-0.127152370155922,0.15016529198370465,0.34538844134658553,-0.18540791373373533,-0.5398561470210551,-0.10250358741281615,-0.34538844134658553,no_punch
v_BoxingPunchingBag_g20_c04,64,69,67,2500,2750,2625,250,sampled_no_punch,1.937142340375941,1.2311713129703086,3.7925099713542436,2.282550742536587,1.2910954340669234,4.835123945517694,1.447640847348809,0.6520569314677598,2.6603422958482668,1.4039718466447555,0.579822016437699,2.139819193444368,-0.11149559045831366,0.03271275083275368,-0.08816146850585943,-0.01899786666035656,0.020617981811109534,0.00024263933300977536,0.2979259196630058,0.06362350070164838,-0.0008045919239520471,0.1045149601995945,0.01553359687167193,0.0041390955448150635,-0.06477488453189535,0.024060646761285585,-0.07198585197329527,0.42975560115883127,0.08572245694557269,0.2442862205207348,-0.1297319643199444,0.023262622775037226,-0.07062682509422302,-0.008704576641321201,0.01454985915295398,0.008291292935609762,0.1434986197661297,0.04582043899151506,-0.12524966523051262,0.12792134657502174,0.009708628702692812,0.02707400918006897,-0.036896749089161573,0.01582245044261677,-0.03860602900385851,0.11456895159790288,0.05295481665206534,0.14463768526911738,-0.038057362039883934,0.022197859088132862,-0.06101208925247198,0.1422956238190333,0.02141288906111177,0.01614776253700262,0.23440083263752362,0.060939507230868294,0.06409303098917013,0.023517638444900513,0.019758082822487484,0.022420644760131836,0.11097253859043123,0.025580295406979384,-0.014123216271400507,0.49634967061380536,0.07703747781107524,0.20472905784845352,0.07205926559805542,-0.06409303098917013,0.1989033986833441,-0.20472905784845352,no_punch
v_BoxingPunchingBag_g20_c04,89,94,92,3500,3750,3625,250,sampled_no_punch,2.171744543205878,0.6058815014497637,2.9235966338970543,0.8652388463383522,0.5963647539891037,1.5953727077369888,2.1574854889065334,0.8405136172695735,2.951103292268654,1.155887774477811,0.3847973644720091,1.7559142116033402,-0.1197816754380862,0.016512334548415126,0.03631897270679474,-0.019173035398125676,0.0375876346846392,0.11208941414952273,-0.12007532171749817,0.04775901803490505,-0.09875031933188433,-0.07178698231776555,0.0067062405472225715,-0.016218408942222595,-0.0008814229319493069,0.023557897934289744,0.06519167497754103,0.20663948749036834,0.030616616366780203,0.06372972950339317,-0.0522336984674136,0.027146930807459512,0.07475771009922016,0.008623277768492671,0.008685565843167348,0.020009476691484396,-0.18068620170621819,0.04138717386430864,-0.0735115297138691,-0.00553488979736962,0.011517517597897747,-0.02920846641063679,-0.00773360269765061,0.013734735904977586,0.03186534717679018,0.22632117216320083,0.041741011933971124,0.10478427633643148,-0.07735412319501238,0.011942634106940655,0.00044041872024547235,0.1268425111969312,0.033609500639756845,0.10552160441875458,0.003293934278190129,0.0349519812465084,-0.0924402698874473,-0.07156706849733989,0.008520174895697638,0.01673603057861306,0.15211366613705954,0.012043148582739678,0.02003765106201172,0.031014873335758853,0.03329801694379727,-0.033990658819675515,0.08001823600258663,0.0924402698874473,-0.00022360993606815316,0.033990658819675515,no_punch
v_BoxingPunchingBag_g20_c04,95,101,98,3750,4000,3875,250,sampled_no_punch,2.9060243166913176,2.9648085675696225,7.964849684327965,3.0500410655701646,4.6392776782350955,11.08169281979855,1.8050672384454174,1.9841353533398258,5.227650721608154,2.739319069374706,3.589533246077905,8.950290970773787,-0.07396977146466573,0.020677083730084787,0.03278501331806183,-0.005626271168390938,0.03271536906350154,-0.08675418794155126,-0.23450552920500434,0.08119475815182814,-0.0622580461204052,-0.1032046377658844,0.016119953819691172,-0.03125159442424774,0.02007018029689786,0.017235979563934842,-0.037639036774635315,0.03719039804612596,0.17087128874300211,-0.15598328970372674,0.00278069575627643,0.019277520540628968,0.009898558259010204,0.010425294438997895,0.013892062168712903,-0.019038036465644836,-0.2395404204726219,0.03823427284127383,-0.02328091487288486,-0.06674879789352416,0.03447313878825103,-0.0646866410970689,-0.003981019059817015,0.011192636389783349,-0.025922968983650152,0.1533649961153666,0.10991742039066318,-0.10210702940821653,-0.07727922995885206,0.0051105081842311014,0.006521165370941162,0.12750534216562906,0.044966967324305794,-0.1086890995502473,-0.08099999154607455,0.05371066713957633,-0.036385670304298415,-0.061916848023732506,0.009519465955855998,-0.004374682903289795,0.14285373191038767,0.018462330504927012,-0.04190725088119507,-0.10463966631020107,0.10155420502575539,-0.09932533837854861,-0.06527719843949892,0.036385670304298415,0.003285016712438138,0.09932533837854861,no_punch
v_BoxingPunchingBag_g20_c04,145,151,148,5750,6000,5875,250,sampled_no_punch,2.3803138264564883,2.0362459410772025,6.59266516162889,4.256305063850072,3.552781848919727,11.168800839927606,1.564176247004621,0.9797490875289784,2.7920631667450535,2.5963089055588324,2.5868855742318595,7.607545644384872,-0.04052934263433729,0.05642734368769362,0.10156318545341492,-0.10528820540223803,0.05024544010689462,0.12141231447458267,-0.25952808326110244,0.09439921261036435,-0.20446452964097267,-0.054040029644966125,0.018666562551583644,0.01515468955039978,-0.10685621201992038,0.03666238529919159,0.11250720173120499,0.1071570506984634,0.1852654605243427,-0.28721208591014136,-0.001116852675165449,0.04797430135482376,0.10428068041801453,-0.05986573227814268,0.04002717641890899,0.09702084213495255,-0.23161840418885862,0.03368079625466346,0.08844212722033265,-0.06612554405416761,0.010837830085511658,0.024779945611953735,-0.07054038771561218,0.020233531254485012,0.05974055081605906,0.14341485786384767,0.10818760680184847,-0.14500899706035858,-0.06270064626421247,0.033156798444365934,0.0484430193901062,0.007069417408534466,0.041775493902164514,0.10211366415023804,-0.146090424486569,0.13461744190521066,-0.2889365181326866,-0.01714972938810076,0.020652940327446672,0.009571075439453125,-9.698952947344892e-05,0.04193406084848301,0.12903639674186707,-0.008315628926668832,0.13330499669976467,-0.1985634937882423,0.23035923223179938,0.2889365181326866,0.08684382616087755,0.1985634937882423,no_punch
v_BoxingPunchingBag_g20_c06,14,19,17,500,750,625,250,sampled_no_punch,0.9199294816831362,0.5898734170001882,1.885500704690979,1.37462131769442,1.327914299283249,3.926349114058454,1.0662554994086437,0.5648315905151077,2.005918805283824,1.2469144107532568,0.9879801636102028,2.9056815760363475,0.07038649233678977,0.022601892175838776,0.05201166868209839,0.0016876322527726306,0.011165255220184193,0.00676756352186203,0.011858313266808798,0.048232957938272966,-0.1307136178947984,0.01455405168235302,0.02549162895718131,-0.06542128324508667,0.012926788379748663,0.01658245716931698,-0.039064981043338776,-0.36912649412018556,0.05513459108230237,-0.11806117231026286,0.05358102234701317,0.01570206820868339,0.03880026936531067,-0.020031962543726006,0.008473499335145837,-0.015297986567020416,0.11971700432089462,0.02513967539992612,-0.04760801279917362,-0.04527286378045877,0.008536514505407024,-0.017047107219696017,0.00011575346191722291,0.006366600359546578,-0.008415170013904627,-0.3313046449329704,0.019247018027319998,0.05058662360534072,0.02336279551188153,0.014424888810510062,0.029474288225174006,0.10824423531691237,0.011393094679931859,0.007370740175247137,-0.08241378360738355,0.03832904530823698,-0.0311916526407003,0.03762629131476084,0.017418187027896662,-0.035655468702316284,0.12453702588876092,0.022863441425676336,-0.05291655659675598,-0.15001644442478818,0.07519279235090949,-0.19940684735774988,0.028144012452758355,0.0311916526407003,0.12762507801059347,0.19940684735774988,no_punch
v_BoxingPunchingBag_g20_c06,45,51,48,1750,2000,1875,250,sampled_no_punch,4.671676470824203,3.126044249785574,9.474715676579361,1.4449772202635256,0.6958341702556067,2.504001012433098,3.0909198990238878,2.193925978286511,7.292318548888717,1.240458626473587,0.8277686503268163,2.5404390052377877,0.09174544044903343,0.011865732107753428,0.03870081156492239,-0.040799351675169813,0.06928869153781182,0.09743543714284897,-0.11409672072789233,0.13582786562366275,0.10111710568889977,0.03030863830021447,0.013452576002650823,0.0050847455859185375,-0.09411358194691798,0.030145917213260952,-0.05695847421884537,-0.47364405132663834,0.032186191113983374,-0.004465958569198847,0.08434221999985828,0.008430765003346902,0.0008632466197014965,-0.023274070450237834,0.02594187683223327,0.009860686957836151,0.04013988572738265,0.0924260482455064,0.11667969962581987,-0.0426343083381653,0.010585193528076584,-0.01662374287843693,-0.04828509475503649,0.012978868765430583,0.010777704417705536,-0.36925962902439224,0.03613621354521114,-0.05421199509873986,0.03043231368064882,0.019317895658187017,0.0564807653427124,0.07481013451303757,0.06510978195050969,0.11634218692779535,-0.2082767894691122,0.10097555340520264,0.03925100900232792,0.06511275257383073,0.013329440532920404,0.022301405668258778,0.048401159899575344,0.03165411847052276,-0.04680785536766047,-0.31046926762376514,0.0538582713285733,0.045542314648628235,0.046127856296344,-0.03925100900232792,-0.048133920238074945,-0.045542314648628235,no_punch
v_BoxingPunchingBag_g20_c06,76,82,79,3000,3250,3125,250,sampled_no_punch,3.5548997752680775,1.70585310771177,5.749348211924539,2.958032940595485,2.085630472862057,5.676731732071141,2.0721893192135963,1.0649731100032114,3.832007666841798,2.1324933887670725,1.485499013150758,4.238694075899099,-0.09638439118862153,0.06367387042801347,0.13661998510360718,-0.07058332754032956,0.05841284775550669,-0.05400139838457102,0.398065938531155,0.06325686754532198,0.06759734661318362,0.08661369127886635,0.03755391372581337,0.09513625502586365,-0.03705505068813054,0.04881907890857428,-0.12363842874765396,0.31862403350948754,0.06289472990458973,-0.04588259547017509,-0.1178409223045622,0.047087374733475656,0.09821110963821411,-0.044446533279759566,0.0308791108443893,-0.03142008930444723,0.19441179403968684,0.07457929600529424,0.1752972698304803,0.12452783967767443,0.017079105741416654,0.04874733090400696,-0.012736947408744299,0.015388962553251796,-0.03575024753808975,0.13148515250733386,0.050056127382532074,-0.09018519311211995,-0.009988737957818183,0.05491672865402886,0.10240301489830017,0.11180906636374337,0.058502730725824764,-0.05685535073280329,0.3095380760995405,0.07112713149250073,-0.07860325369983906,0.003052328314099993,0.03778192965581577,0.09471982717514038,0.1404391484601157,0.05782194166452066,-0.14674261212348944,0.29527270255078164,0.03842891386121641,0.0007718801498414196,-0.09170292951236586,0.07860325369983906,-0.07655449263917108,-0.0007718801498414196,no_punch
v_BoxingPunchingBag_g20_c06,195,201,198,7750,8000,7875,250,sampled_no_punch,1.969018301722871,1.193572609329955,4.003631405224481,1.69136052841757,0.5718380044007769,2.595167038383459,1.2802816533137227,0.4851787143173196,1.890610056688492,0.9151280055099121,0.5125528753526738,1.6541852272189217,-0.12215014866420201,0.009580206007394744,0.006515607237815857,-0.049402962837900466,0.018169243597276334,0.04445527493953699,0.28226964212288813,0.09031000515198873,-0.2530535002297257,-0.010219923087528773,0.038265697575456295,-0.10403664410114288,-0.07157506474426818,0.02329607129354094,0.0010140389204025824,0.4121536360720971,0.10484837335919965,-0.2633649994677399,-0.13043628420148576,0.018856029567710503,0.048054084181785583,-0.040890155094010505,0.019810930303154964,0.05945040285587316,0.058373166880171204,0.04464790335790715,-0.1358327594643925,0.051282627241952095,0.01978964627335391,-0.0527445226907729,-0.042300945946148485,0.0142549479822859,0.008193120360374395,0.24017174365664168,0.029275770850800045,-0.06420907276333312,-0.05849452529634748,0.011253739801039393,0.005439817905426025,0.09810791271073478,0.019569433851813565,0.04250487685203547,0.31627422225262436,0.07930293562017444,-0.2192233769455926,-0.06991723605564663,0.03033707891372159,-0.0808314085006715,0.08165474874632699,0.022325958228667835,0.009883016347885187,0.29616053828171324,0.12895800566037385,-0.3547365665435791,-0.1760411501352666,0.2192233769455926,-0.306441627232574,0.3547365665435791,no_punch
v_BoxingPunchingBag_g20_c07,26,32,29,1000,1250,1125,250,sampled_no_punch,4.461240345048093,1.9425728087607743,6.712545399299172,4.425628825893057,1.8136969769754427,8.229510508219905,2.6947815802240496,1.8087370134646263,6.405614059501732,2.769609185595467,1.9143410979428332,5.388052262654139,0.07780765263097626,0.07304848216617436,-0.1260438039898873,-0.03350564731018884,0.013205640392443617,0.029259249567985535,-0.15420175064355135,0.13734115578275774,-0.16887539718300107,-0.10381514845149857,0.05577292621616155,-0.039789013564586584,-0.03229068326098579,0.01802852512537839,0.03637446463108063,-0.2070092377918107,0.12570623207682916,0.3931011576205492,0.06350646540522574,0.033055220867578325,-0.06040384620428085,-0.03592118088688169,0.011617345626875952,0.020766571164131165,-0.11253900865891146,0.07680159865583666,-0.22449354175478217,-0.0819801704159805,0.025952642176973077,0.023976676166057614,-0.04166563813175476,0.01442728426558334,0.0029056519269943237,-0.10222225356847048,0.10430294097242919,0.3033978408202528,0.03872138900416237,0.06330871809006544,-0.1013682633638383,0.043367134673254856,0.022955497169983467,0.03769907355308538,-0.012465885707310284,0.16520360619244573,-0.08105702698230749,-0.06097538769245148,0.04830371765688678,-0.05598214268684382,0.04702019691467286,0.022324244067578845,0.0403700470924378,-0.10496421118399928,0.11899552491901678,0.2042289255186917,0.11308376738860755,0.08105702698230749,-0.15544033374195562,-0.2042289255186917,no_punch
v_BoxingPunchingBag_g20_c07,133,138,135,5250,5500,5375,250,sampled_no_punch,4.329656518534833,1.3628458962687808,5.905282413231263,3.3828987238707917,2.6489293938684013,8.23491814952935,2.6341104101407455,1.1577542282192652,4.362712374832343,1.9312621484299555,0.9850606530084562,3.5928041122060863,0.0752220849196116,0.024179239610159935,-0.07961864024400711,-0.02744413043061893,0.026969528564266838,-0.06701710820198065,-0.16577080020215362,0.19408714073964306,0.33072204422205687,0.05100217461585996,0.01911859283930511,0.05295857042074198,-0.08283140882849696,0.008959543335919043,0.01694908738136286,-0.4519640156455959,0.2293480356411988,0.595155242830515,0.07603765527407326,0.017896546065878743,-0.05559269338846212,-0.03597216432293258,0.011668086114210828,-0.02319967746734619,0.01262478914577514,0.11293926173428344,0.1860291026532649,-0.011344050367673256,0.02651477479918346,0.06885274499654764,-0.0707870535552502,0.0034174399671511296,-0.005182206630706787,-0.3359001327383642,0.09836777304747357,0.24495786800980565,0.026348352432250977,0.013431358697633903,-0.03475475311279291,0.08241984744866691,0.02459760641109583,-0.06200528144836426,-0.25111808845152456,0.14844971220854125,0.23221849184483298,0.08046653370062508,0.013620785641676273,-0.00202935934066778,0.05268381039301554,0.01042400076824994,0.015907406806945745,-0.29363151267170906,0.21681525557182238,0.5502566769719124,-0.2425211951492521,-0.23221849184483298,-0.4727997672536367,-0.5502566769719124,no_punch
v_BoxingPunchingBag_g21_c01,83,88,85,3250,3500,3375,250,sampled_no_punch,1.286998073264685,0.6664122326208868,2.3795378521637423,3.3700070009263725,1.4379773981950026,5.632324628242234,0.875877464137575,0.341266285607779,1.533011152479415,1.4685158201136423,0.6646195580934333,2.6683433500290876,-0.15386861314376196,0.004230501882595557,-0.01005089282989502,-0.279368060020109,0.022833255100580863,-0.06897927634418013,0.00995062326546755,0.0454800815834199,0.09359905123710624,-0.1548814351360003,0.00313410042086783,-0.0024683475494384766,-0.2603284080202381,0.018956691343816896,-0.052942996844649315,0.1322920314657191,0.15104524288858823,0.40530953928828234,-0.13161001354455948,0.013739384455512186,-0.0395503044128418,-0.16620201213906213,0.03036180004924553,-0.07897003553807744,-0.23822267167270175,0.02327024177643737,0.04035571590065959,-0.13861830780903497,0.017217248226522923,-0.03909444808959961,-0.12838230126847824,0.0316608634787333,-0.07683356665074825,0.26686488526562846,0.062127639347831005,0.16199717298150063,-0.15814552704493207,0.00525459221236094,-0.011245191097259521,-0.03927216182152429,0.021386610146662537,-0.0628132075071335,0.2390193328028544,0.04620747484973913,0.09646372124552718,-0.11736995975176494,0.004902712934816199,-0.01033848524093628,-0.060197614133357974,0.01872230024357686,-0.04748664796352389,-0.10370392367864649,0.15881480569491085,0.4278759583830833,0.09187523286111904,-0.09646372124552718,-0.2502113463544584,-0.4278759583830833,no_punch
v_BoxingPunchingBag_g21_c01,176,182,179,7000,7250,7125,250,sampled_no_punch,1.0390912755489456,0.7410649922599599,2.211587582192295,1.9875805617953333,1.4111505869830965,5.029544610815086,0.6404301445974686,0.4758358064203543,1.3807675648298963,0.8099162829115807,0.4487260327984068,1.6862111736992196,-0.17232724172728403,0.008552822688106818,0.02284419536590576,-0.20636019589645524,0.04512506499224528,-0.12003193050622937,0.1531639918684959,0.06538497712831945,0.1378729604184627,-0.16220390370913915,0.011933389791852522,0.03137516975402832,-0.1912763400801591,0.03559577737639136,-0.0888995751738548,0.12144087201782632,0.11152656930287576,0.1747516207396983,-0.15444244231496537,0.01777298950612069,-0.045430898666381836,-0.08350191850747384,0.03345989556455572,-0.08372581750154498,-0.14733086845704485,0.03420728526549411,0.07399512454867362,-0.12937363130705698,0.012184087956880463,-0.03292834758758545,-0.07594226566808564,0.029567278272505767,-0.07386965304613119,0.25295582732983996,0.036969659745477,0.041676428169012125,-0.1345226253782,0.007109597962555288,0.018190085887909047,-0.016684791871479573,0.03709852366335743,-0.09827841818332679,0.36200716240065434,0.05402491574705212,0.10905966162681574,-0.14773249626159668,0.009379674134682046,0.020799756050109752,-0.022843663181577396,0.03314210152752481,-0.08137798309326172,-0.11206087203962463,0.12607190523770442,0.21620541810989366,0.09209874814120605,-0.10905966162681574,-0.18020312192643756,-0.21620541810989366,no_punch
v_BoxingPunchingBag_g21_c01,239,244,242,9500,9750,9625,250,sampled_no_punch,1.9177531717353333,1.2943387698194913,4.482979761251271,2.20141797254742,1.2017308451528153,3.9131789481318826,0.84708708944273,0.5598768258250671,1.924105329410438,1.0217348491836789,0.6853138351228539,2.3067490669227695,-0.16190732022126517,0.016497254150962787,-0.04637660086154938,-0.04999742594858012,0.05074754763674269,-0.1476139910519124,-0.073318578923742,0.10778511350884347,0.2213338948786257,-0.1467545380194982,0.029205677028687652,-0.07412870228290558,-0.02008288043240708,0.06421817821363897,-0.17104488983750338,0.08209147956222292,0.14117742611497222,-0.3702961020171642,-0.055723801255226135,0.03342914612918354,-0.10395117104053497,-0.021923911447326378,0.016761048322124786,-0.05189820006489748,-0.2379270438104868,0.03670007476791111,0.06995574012398723,-0.05951442817846934,0.03478523583292072,-0.09994347393512726,0.015925832713643683,0.021889705356657817,-0.058465141803026144,0.2859604762246211,0.057853250001117996,-0.16116182133555415,-0.1307579775651296,0.021790439851365757,-0.050202906131744385,0.15093260506788891,0.04944241310727636,-0.1396148800849915,0.12265251204371448,0.11577196648742322,0.259961888194084,-0.09425216913223267,0.03142480342733593,-0.09017139673233032,0.14940177897612253,0.059937541503285716,-0.15366354584693903,-0.2200745583201448,0.1512306212397375,-0.39394010603427876,0.1005319045318527,-0.259961888194084,0.2624228743867042,0.39394010603427876,no_punch
v_BoxingPunchingBag_g21_c02,1,7,4,0,250,125,250,sampled_no_punch,3.709972450370769,2.4239224785927305,7.596775093523632,3.0135007366519027,2.2329345919196846,6.141915945741542,1.687809289292271,0.6955465552020986,2.4409082512367117,1.6689953780161906,1.3919567545244635,4.448557579199695,-0.13533518782683782,0.008712137947093267,0.019169658422470093,-0.0940558117415224,0.00538304372388545,0.011761292815208435,-0.2260848118790558,0.147305589608833,0.06875318847596643,-0.23595487432820456,0.09041075097189595,-0.05812165141105652,-0.025402628417525996,0.029861579576589352,0.017179533839225714,0.015455900292311388,0.0917252324401638,-0.18938546255230898,-0.02806475119931357,0.01223115176204919,0.032483190298080444,-0.057425943336316565,0.007721781628905922,0.005137249827384949,-0.31400322115847035,0.048283172744277965,0.07526388019323352,-0.146134187068258,0.06862445667699546,-0.06290063261985779,-0.027266401797533073,0.024235910749174357,0.0003799349069595337,0.24526183679699898,0.031292242695060354,-0.06634712964296349,-0.12304302624293736,0.0040841238487199305,-0.005243480205535889,0.10287474521568844,0.012802224953086234,0.038987055420875494,-0.010163732937404076,0.15747999892866904,0.018953857943415614,-0.14733639359474182,0.07802329468415464,-0.03753387928009033,0.11552007283483233,0.028883108762009887,0.009514912962913485,-0.24761859088071755,0.10539214919784692,-0.16783195361495012,0.033321449859849944,-0.018953857943415614,0.16986526882845293,0.16783195361495012,no_punch
v_BoxingPunchingBag_g21_c02,126,132,129,5000,5250,5125,250,sampled_no_punch,1.073588504926154,0.44520158197186804,1.870673496050618,1.9188592337207444,0.6687226181852172,2.588588531764354,0.844133684542754,0.5357243620247999,1.8183506411116306,1.3807699109916254,0.4595433472631086,1.927305654801924,-0.11296694193567548,0.015956608723343098,-0.042879343032836914,-0.05905274993606978,0.0396695813495987,-0.11338242888450617,-0.30771144373076303,0.03707614383439334,0.11999562010169029,-0.13926742332322256,0.0658283516561345,0.18268966674804688,0.021344034267323335,0.06639447520396434,0.18783774971961975,0.050737164914608,0.06239554390710117,-0.11813719943165761,0.013223737478256226,0.008789276743634245,-0.017295002937316895,-0.0621685316520078,0.0038099552721516223,-0.011588215827941839,-0.3038716060774667,0.04412609408565563,0.11354639753699308,-0.08459058403968811,0.04384663816408378,0.11940962076187134,-0.002466961209263152,0.04614107479024008,0.13109385967254644,0.24981255403586797,0.045572101177236715,-0.10764624550938615,-0.13786764655794417,0.01867864568150013,-0.05351889133453369,0.1659079513379506,0.028704180298287578,-0.07270561158657071,-0.13475935799734934,0.0132067946878691,0.039377868175506564,-0.06903428690774101,0.06298112104102316,0.1844959855079651,0.1717631220817566,0.0682468426265659,0.18977896869182592,-0.18414052362952912,0.04526972650865278,-0.06896977126598342,-0.03280467119468136,-0.039377868175506564,0.09407855782797092,0.06896977126598342,no_punch
v_BoxingPunchingBag_g21_c03,176,182,179,7000,7250,7125,250,sampled_no_punch,0.9046510139325655,0.31549523156416304,1.4939699939072006,2.544271019419074,1.330202949411587,4.378871385540278,0.5424064034465607,0.38507925019698486,1.2938853502279628,1.0792222678240477,0.6122665231287385,1.9744088679467433,-0.17522577515670232,0.0033932518614062813,0.005068182945251465,-0.2040763896490847,0.0014631838887591703,-0.003866344690322876,0.2691781699125256,0.06839966064749634,0.20506270229816437,-0.09790727709020887,0.02986870904051594,0.05992692708969116,-0.1499449605388301,0.044062334786735,0.0876874178647995,0.46389371236520155,0.09115240282180727,0.16829977929592133,-0.1729760318994522,0.0032577131746982604,-0.0018672943115234375,-0.08659313565918378,0.00221304512893282,-0.00580228865146637,-0.05274064814771653,0.03277764219449582,0.08842437714338294,-0.029663875699043274,0.0266283443775913,0.06473881006240845,-0.07498007533805713,0.01612172552008894,0.028664931654930115,0.3741313482501677,0.04541114047365435,0.08902446925640112,-0.11152917998177665,0.01362086765412896,0.033753395080566406,-0.023422145417758417,0.002106124072929015,-0.005629330873489408,0.42940315817083624,0.06653356154690591,0.20608153939247137,-0.11949831247329713,0.022514935811933107,0.032399654388427734,0.016955279878207608,0.044324858831322686,0.08721639215946198,0.271347565310342,0.08574671051552307,0.15434132516384125,0.19025174332825145,-0.20608153939247137,0.12351916573963967,-0.15434132516384125,no_punch
v_BoxingPunchingBag_g21_c05,83,88,85,3250,3500,3375,250,sampled_no_punch,3.5122087882577375,3.549990748748019,10.559827246615102,2.1608908342754938,1.716200869298057,5.414042028670047,1.3741101103800049,1.2090218545675873,3.7841903817419023,1.1241381350430855,0.8788080930028423,2.8280172310005764,-0.23481877644856772,0.04585653794514197,0.12743481993675232,-0.14490520767867568,0.0784311356316916,-0.2075897008180619,0.31519412583050627,0.15470363187616548,0.36926936451345693,-0.033381104469299316,0.04324309792957387,-0.10802814364433289,-0.08527483604848385,0.07927331254366708,-0.1893196851015091,0.6076814193123331,0.09156746865492028,0.25183218065649277,-0.22816568613052368,0.011175946446150149,0.025849610567092896,-0.09509078475336237,0.016462198672042735,-0.03434306383132937,0.009377027784163739,0.05605985711019282,0.1541328253224491,0.022015045086542766,0.022592350353214906,-0.053281158208847046,-0.06859678588807584,0.03147100026255599,-0.07238268852233892,0.4127591856910537,0.05519113618506082,0.1570747429504991,-0.13848216334978738,0.04114384131259676,0.11173379421234131,0.027701576550801608,0.0711905945439283,-0.18711283802986153,0.4032004410400986,0.17804090581349777,0.4521629922091961,-0.05815129478772483,0.04352421052022807,-0.11112254858016979,0.09892957409222923,0.08093157165726662,-0.19361734390258792,0.4082047666112582,0.08478087620794356,0.22945973277091986,0.2106596254903827,-0.4521629922091961,0.13816027471324316,-0.22945973277091986,no_punch
v_BoxingPunchingBag_g21_c05,108,113,110,4250,4500,4375,250,sampled_no_punch,3.8800047318188944,2.9818510882561897,9.053051006007154,1.9871050982669736,1.1597402428186872,3.400349832099592,1.9330719118824846,1.3694922991313982,4.376979853411994,1.3370122951427075,0.6707616694656637,2.438974652818946,-0.24072633932034174,0.029629402478877687,0.08402122557163244,-0.011003093793988247,0.04068425904117832,0.099236760288477,0.002610911925633739,0.14391282928860227,0.059214971959590884,-0.22541478524605432,0.0484996427779402,0.1187923401594162,-0.03504507926603161,0.04331894351495535,0.09483957663178438,0.14355463782946265,0.07974072417614837,0.15956545621156687,-0.1515154962738355,0.03974688500851375,0.0882357805967331,-0.020723980541030584,0.018522180989151787,0.06189373508095736,-0.24641837924718857,0.06396094948851457,0.04741132259368899,-0.12489540626605351,0.04500228670965631,0.13841889798641205,-0.028118264550964066,0.019820764312757706,0.059480670839548055,0.3026667237281799,0.03850516902605034,0.08106955885887152,-0.1673599233229955,0.023166029479737935,0.0615286529064179,0.1669349173704783,0.0486177807828705,0.11707980930805212,0.2704754546284675,0.14074806207216087,0.042744375765323694,-0.1582375466823578,0.03649019513002867,0.08525341749191284,0.12889000525077188,0.04475647870121591,0.10030534863471971,-0.12790337453285858,0.07928953177347557,0.14154141396284098,0.05934648383153529,-0.042744375765323694,-0.03760064807296959,-0.14154141396284098,no_punch
v_BoxingPunchingBag_g21_c06,45,51,48,1750,2000,1875,250,sampled_no_punch,1.8463593061653973,1.184300071428372,3.6622515485924816,2.6296888306112742,1.8919101786811283,5.579528312768937,1.025054041948622,0.6712051464375819,1.9268931587594813,1.3644766394487007,0.8459051633176425,2.700177289826399,-0.17683722078800201,0.005522280207730535,-0.015039920806884766,-0.18385345542005133,0.0041379302925451745,-0.012754615396261187,0.2598984041916472,0.08237181657816524,0.2886855732649565,-0.11720711631434304,0.054129139462893015,0.1391252875328064,-0.15113669793520662,0.049803684334795637,0.12057309225201601,0.42596355000776903,0.16451060348124827,0.40377394668757915,-0.17651483629431045,0.010693470621446636,-0.023945510387420654,-0.06323639995285446,0.010028608384640625,-0.028769265860319193,-0.06421536767655715,0.05135223995527737,0.17516761086881152,-0.04803924688271114,0.05382868074538419,0.1398214101791383,-0.07397842141134403,0.024002651249546942,0.023291040211915914,0.3674850966781378,0.07390916258378705,0.18941443972289568,-0.10633808374404907,0.010819203326173291,0.022023797035217285,6.140129906790994e-05,0.006169138886561799,-0.017630144953727694,0.4248031484229223,0.06371984253255417,0.20862215757370006,-0.14134091990334643,0.040685273321638835,0.08746296167373668,0.028612775462014323,0.04672206587471078,0.11364959180355069,0.21724225793566024,0.1631478283512655,0.3876293301582336,0.19484941299268949,-0.20862215757370006,0.1965783496700758,-0.3876293301582336,no_punch
v_BoxingPunchingBag_g21_c06,64,69,67,2500,2750,2625,250,sampled_no_punch,0.2487065925672561,0.11723868337234644,0.3679253122444273,0.6736676747097718,0.4200729373286029,1.3136307111805936,0.30953908511341316,0.1549661126188861,0.45129122221433854,0.3953618468875736,0.07973492287936686,0.505457944995162,-0.1882071023186048,0.005560575208526737,0.015986397862434387,-0.21201434979836145,0.002833739940961158,-0.008070234209299032,0.2986604419226448,0.00547513305426272,-0.006182495504617691,-0.1255902573466301,0.017503192663934585,-0.05209241807460785,-0.19079461693763733,0.012999232473642689,-0.03750102594494814,0.46769383021940786,0.028630481335730307,-0.05961218848824501,-0.18084455778201422,0.0026507406504796276,-0.006731376051902771,-0.08404797315597536,0.005717135039376915,-0.01632126048207283,-0.04480552331854896,0.008124508647125866,0.022622141987085273,-0.032346151769161245,0.011905717313707181,-0.02936457097530365,-0.09942547976970673,0.0076079309245154925,-0.021621186286211014,0.3726804203664263,0.006956657411815787,-0.014431152492761612,-0.12627976139386496,0.002568868738028948,0.008179426193237305,-0.03679034610589345,0.0019344815988755774,-0.005776464939117404,0.46404578785101575,0.007841774979520284,-0.016390874981880132,-0.14483406146367392,0.016434149456572844,-0.04476022720336936,-0.017376728355884535,0.015567664328555641,-0.04734054207801819,0.2741993069648743,0.03358831934201608,-0.07114499807357788,-0.01744961965891839,0.016390874981880132,-0.04273020649957987,0.07114499807357788,no_punch
v_BoxingPunchingBag_g21_c06,139,144,142,5500,5750,5625,250,sampled_no_punch,0.4211647877594341,0.19619291136865102,0.7234885420161632,0.9152213585740906,0.40557470457424044,1.705972977881955,0.43284131953699906,0.2608118680496246,0.9457834996074289,0.44501337899136706,0.3610701474445006,1.0703331741006812,-0.17799773812294006,0.0029938362665998092,0.005956739187240601,-0.20613210958739125,0.007459295322713424,-0.021425057202577535,0.3721046668166916,0.008776205142898431,0.027898423373699133,-0.11829817295074463,0.006881559876161927,-0.002236992120742798,-0.18115946960945928,0.008522304989192245,-0.0023805089294911264,0.5657128167028228,0.01982646091200479,0.05101313441991806,-0.19007463256518045,0.002204401007678811,0.0006667077541351318,-0.08951820246875287,0.010560841427371197,-0.030286837369203623,0.00496416228512919,0.01089899311435062,0.02160625159740455,-0.03311563531557719,0.004608065532811887,0.008081406354904175,-0.09953669769068563,0.004604287306851056,-0.011083234101533945,0.42710892576724285,0.011851814541257772,0.03392674773931503,-0.10894523064295451,0.004332100696041034,0.0049746036529541016,-0.026001840829849267,0.004803293120077576,-0.01534351706504819,0.5120043580730756,0.007738340234911491,0.013516269624233135,-0.1425587733586629,0.0074531404942740805,-0.004900813102722168,-0.006550326943397536,0.008163325100162305,-0.0072407871484757025,0.3516947577397029,0.015572461989337486,0.02742747962474823,0.012953814557871368,-0.013516269624233135,0.027500361938592066,-0.02742747962474823,no_punch
v_BoxingPunchingBag_g22_c01,26,32,29,1000,1250,1125,250,sampled_no_punch,3.9256042124941666,1.6323754315042969,5.834342304184554,2.666511371205387,1.4832002472470645,5.458628992508882,2.230144709856075,0.8813659672545296,3.375757674968732,2.0448970952465975,0.9703724816822868,3.831929406206315,-0.234279208949634,0.055405071220445024,-0.09028822183609009,-0.09747022337147171,0.011173611891804939,0.003063157200813349,0.09873171912373176,0.10609996373927913,0.24946143664419657,-0.0945921220949718,0.03651525519180727,0.02486521005630493,-0.00047443966780390853,0.06065987333182646,0.12412406504154205,0.3203149726946971,0.06999507507583032,0.09083272702991968,-0.17074601352214813,0.030890287135480955,-0.06946021318435669,-0.07596006936260635,0.010092134842739839,-0.011285766959190313,-0.05959429734918685,0.057288571155823476,0.1569504458457231,-0.02665313013962337,0.028666718880163762,0.06442928314208984,-0.032941268490893516,0.028778813926951065,0.061961755156517084,0.29044422204606235,0.04884649159415169,0.05439897067844873,-0.16265982389450073,0.04081236026838805,-0.05363821983337402,0.04799368764672958,0.013203147032425356,-0.002896785736083929,0.1714820091479591,0.09127827584182313,0.15071237832307832,-0.10545639480863299,0.034367018788543174,0.001471877098083496,0.13609327163015092,0.05942361793679721,0.11416363716125488,0.12030990421772003,0.04099610881895292,0.022211953997612027,0.14786446181898655,-0.15071237832307832,0.0801172789013525,-0.022211953997612027,no_punch
v_BoxingPunchingBag_g22_c01,39,44,42,1500,1750,1625,250,sampled_no_punch,2.8960725935254854,1.546200250624606,5.012921896054539,3.0473400818457477,1.6755615481687565,6.033916966637302,1.3839947334024785,0.6461571516852948,2.0619308038688997,1.681958987086603,0.5040636304819212,2.2585233314705855,-0.18455486992994943,0.07322318620801875,-0.16523240506649017,-0.10912640082339446,0.009440045158984708,-0.027532339096069336,-0.1874794249112407,0.14456057079849066,0.29589623399078846,-0.17145861685276031,0.0368072675439628,0.053422048687934875,-0.07449372795720895,0.029438287795639444,0.06123897433280945,0.06657334820677836,0.1603007944554587,0.3504024315625428,-0.09699648121992747,0.07446260820954961,-0.1804632991552353,-0.07802221365273003,0.023234520871033428,-0.061713546514511164,-0.24074027873575687,0.0712790919450269,0.18968773074448117,-0.10976813733577728,0.04116006803476309,0.07595498859882355,-0.06559082555274172,0.010688232547114955,-0.023697167634963934,0.20874158603449663,0.054976777006401634,0.08350262232124811,-0.16639632980028787,0.03812222636288175,-0.07690370082855225,0.06099819888671243,0.009888044979604535,-0.02779251337051397,-0.02119457131872574,0.14643502751969378,0.2716362625360489,-0.15115614732106528,0.029042201851862494,-0.020351946353912354,0.07911749184131624,0.03463183217779521,0.07414534687995908,-0.13052412277708444,0.18105097654548366,0.4135402441024778,0.006317826364479334,-0.2716362625360489,-0.1144411478038341,-0.4135402441024778,no_punch
v_BoxingPunchingBag_g22_c01,201,207,204,8000,8250,8125,250,sampled_no_punch,2.135984880536613,0.8142459945401251,3.471047983366518,1.522383484706193,0.6841570337411362,2.7827942860056,1.2568174780218697,0.9908955762719263,2.817962169017829,0.6710445184831945,0.36585049297211714,1.3985529249400683,-0.0671862427677427,0.035472739099092813,-0.08293503522872925,-0.03151687447513853,0.052501468272555515,-0.10152896866202354,0.2707918670265436,0.07470314690223982,0.11127509921789175,0.054821246436664035,0.02842563341804399,-0.06580156087875366,0.07429085139717374,0.027367297636216426,0.020175043493509293,0.32159714195586275,0.07105381792352594,0.10438679903745657,-0.1087363851921899,0.027102491098332956,-0.0683930516242981,-0.03735996037721635,0.0325911947130483,-0.06559306010603905,0.1117809820092848,0.02876164877054749,-0.05165355652570726,0.09183878770896367,0.01351198999665516,-0.030868113040924072,0.06072187104395458,0.0075652487278945494,0.00967961922287941,0.1578635190983602,0.020732570274630227,0.004824720323085729,-0.012929660933358329,0.030317409031776495,-0.06755858659744263,0.17143772329602922,0.03293563582858379,-0.04172925651073453,0.2278154944734914,0.13327060040365776,0.2723594792187214,-0.06813369478498187,0.03708152649244527,-0.0931125283241272,0.21231813090188162,0.0211651278916605,0.037160724401474,0.26807964730375844,0.09355726361493356,0.1685565486550331,0.16675285557349745,-0.2723594792187214,0.1701378725644162,-0.1685565486550331,no_punch
v_BoxingPunchingBag_g22_c03,164,169,167,6500,6750,6625,250,sampled_no_punch,1.913881083251546,1.476331806932292,4.3242315168907695,1.595118274616384,0.9157408571954972,3.2246762326369867,1.3829236021774496,0.8756338298526657,2.7517310421157597,1.1147679213392245,0.5474707874828597,1.90062532597643,-0.18569497764110565,0.00715871016211502,0.011228829622268677,-0.08185911302765213,0.022083973090945213,-0.05014502629637724,0.1724683376960456,0.06277971121053126,-0.004757078364491477,-0.08823468784491222,0.01725633437004358,0.04610356688499451,-0.06652283792694412,0.023100696516019304,0.05732238665223116,0.6228469816657404,0.032082971616269114,0.06591656617820263,-0.16255374252796173,0.005533905115995404,0.013558357954025269,-0.027807023376226453,0.008458880412784073,-0.019983287900686264,-0.055404220707714585,0.037764599840897944,0.008206395432353061,0.01690281927585598,0.012408547736712579,0.0295829474925996,-0.046195543060700124,0.020881836739808486,0.05378437414765358,0.43273970065638423,0.015124696909739836,-0.007908465340733528,-0.10801655054092407,0.009970136463504867,0.018168985843658447,0.08090076595544814,0.02191238438944517,-0.04943430423736578,0.27362321006755025,0.05132838493576603,-0.009873561561107635,-0.1301396389802297,0.023913583924053333,0.06263047456741333,0.12432873000701271,0.01519741139656094,0.03608007729053489,0.4102455998460452,0.03791973412673812,0.10324747860431666,-0.028616579438436374,0.009873561561107635,0.08381490601593433,-0.10324747860431666,no_punch
v_BoxingPunchingBag_g22_c04,39,44,42,1500,1750,1625,250,sampled_no_punch,3.017684114322731,4.287150443218633,11.559727289328702,0.9369900387395322,0.34492667051380466,1.4890687696934017,1.2536846463402938,1.5160157357701236,4.263127152228033,0.8020450102690695,0.2528590996793508,1.1981988004300554,0.13507502898573878,0.006133503089097192,-0.004223076626658523,-0.0917196224133174,0.04914162868571631,-0.08836125209927559,0.08827440378566583,0.23114094084037312,0.507011156529188,0.15307158355911576,0.009075381972748802,0.0203080493956804,-0.08512539913256965,0.020059119922633876,-0.05147679522633558,0.029555290937423716,0.027929658855430035,0.005780909210443497,0.07160598412156105,0.009487605061388266,0.0022789258509874066,-0.048574425280094174,0.031842934722557,-0.06916188076138502,0.21718829932312167,0.08768423008967526,0.19075891748070717,0.08880737051367761,0.0196650009473812,0.04871231503784654,-0.019077983995278686,0.009427103953295053,-0.024516958743333817,-0.2475411935398976,0.02377400325327367,0.03567451611161232,0.10399915029605229,0.006534435579099514,0.00443185865879045,0.05478212734063468,0.04166511606037373,-0.06958699226379397,-0.12327964479724558,0.24590599281252037,0.5436029210686683,0.12433524678150813,0.006415612712847079,0.002230286598205594,0.05477539946635565,0.02826836243522009,-0.06760405004024517,0.29917662280301255,0.02036657839848497,0.01784327626228327,-0.13376619477791565,-0.5436029210686683,0.00815467509652501,-0.01784327626228327,no_punch
v_BoxingPunchingBag_g22_c04,126,132,129,5000,5250,5125,250,sampled_no_punch,3.8368859545628755,2.6391566253455587,7.7900958500496,2.018043183075257,1.6554270228259362,5.464026062120275,1.9239199345819173,1.267804941919626,3.658958911233124,1.1335819618873495,0.6796725527562751,2.268002279988107,0.1761109306410487,0.05417799989627785,-0.14127454429399222,-0.08197017918740006,0.009345558927088668,0.022524457424879074,-0.06578022108546326,0.17754683349449168,0.05996211990714084,0.13656834290096803,0.028128592292474205,-0.020302104647271307,-0.06820102514965197,0.019716076557181456,-0.008629459887743052,-0.11062948166259698,0.14535987035383827,0.36253413185477257,0.12652644824369677,0.03916485262808549,-0.11061595648061485,-0.0608760698565415,0.02397261479772778,0.06151325628161436,0.15391623920628,0.08030478300998227,2.7280300855636597e-05,0.05058501970155963,0.02856794457792314,0.04815046966541556,-0.050870067839111625,0.02280594414828909,0.06124861165881157,-0.3007765430957079,0.06268287494213914,0.1690081469714642,0.11727669302906311,0.051439049380663626,-0.10017991065978998,0.08212331363133021,0.009196282883745409,0.028033584356307928,-0.2724627522485597,0.18423554983264095,0.0684636533260346,0.14111288796578134,0.038005341767189706,-0.09460376948118207,0.11290485731192998,0.018100573855117555,-0.03182516992092141,0.14885019617421286,0.13939955695184925,0.34106202423572535,-0.09320785562805847,-0.0684636533260346,0.05569840859361169,-0.34106202423572535,no_punch
v_BoxingPunchingBag_g22_c06,108,113,110,4250,4500,4375,250,sampled_no_punch,7.069796448834879,6.03871042354281,18.550097222554744,3.9548650942698096,2.0760936878979717,6.862227174620199,2.685902406774477,2.215522188120227,6.9108873264003385,2.2167362444031404,0.7605054839435347,3.194891718009333,0.012852817773818947,0.037107954630757556,-0.03541795536875725,-0.015766464173793803,0.035910491366255244,0.013847462832927648,0.4236386294166247,0.28391696520371396,-0.24305609986186028,0.12011758486429851,0.03955960601585003,-0.06284118816256523,-0.05669851352771125,0.023371992897728486,0.01839186996221548,0.0004991802076498991,0.10853276267506118,0.07919747754931443,-0.014009195069472019,0.036452384082283774,0.020869750529527664,-0.06393322100241981,0.024133044690698997,0.008187077939510345,0.3613712762792905,0.11089769789140289,-0.14211929962038994,0.07205154995123544,0.046926662561887586,-0.08424062654376036,-0.04549195120731992,0.018761089151989225,0.009103469550609644,-0.2293124943971634,0.051336318515290406,0.03588454797863966,-0.0073795964320500645,0.0371548419261185,-0.05350297689437861,0.12061972419420881,0.03537469851121843,0.020786821842193492,0.21892573684453964,0.2944572090180826,-0.15631902217864982,0.08169216414292653,0.021517043943449488,-0.014637827873230036,0.07554529110590617,0.02733449387823521,0.01635050773620611,0.24226956441998482,0.10032419201179871,0.091131918132305,-0.09632462963318858,0.15631902217864982,0.07904654701510969,-0.091131918132305,no_punch
v_BoxingPunchingBag_g22_c07,183,188,185,7250,7500,7375,250,sampled_no_punch,4.974260186989456,2.7737994352721245,9.657735205752449,4.462007243630167,2.656874851264973,9.404844411451279,2.970496055406443,1.8047823408668133,6.372151436044726,1.8437882969902621,1.2702782365806191,3.2727899602333466,-0.1211493859688441,0.0633165375842829,-0.17872507870197296,-0.10163594844440622,0.05884786607803519,0.0010375045239925107,-0.23913727141916752,0.15180723181048744,0.17031593434512612,-0.021695777773857117,0.05023061584247683,-0.0024973899126052856,-0.010893392687042563,0.021335279371413586,0.04122559353709221,0.33713491323093575,0.13696397603014743,0.02197539620101452,-0.07803935309251149,0.06033705801885585,-0.09498490393161774,-0.054492888972163235,0.04387350049670929,-0.05205183103680611,-0.2263399288058281,0.08446044762457543,0.09689211286604399,0.02600837250550588,0.04839951218983321,0.00045643746852874756,-0.002364559099078206,0.008226782230573854,0.013093452900648117,0.29912511569758254,0.03680570552103772,0.01585274748504162,-0.06508615612983704,0.051251664235670645,-0.1610364317893982,0.06339695304632187,0.060786030822948395,-0.009035930037498502,-0.13499704003334043,0.12460732463409521,0.1168247163295747,-0.03250613808631897,0.025377946918551855,0.014577388763427734,0.13996831327676776,0.02144105944392765,0.05098135769367218,0.13547726472218832,0.15294778968287873,0.009518414735793984,0.14700952625246858,-0.1168247163295747,0.034728874432094936,-0.009518414735793984,no_punch
v_BoxingPunchingBag_g23_c03,1,7,4,0,250,125,250,sampled_no_punch,1.436438138244671,1.231487653253558,3.970477760733461,3.288752487534733,1.8655957447607185,5.800048198830876,1.2199329863485477,0.6286391456443091,2.1748305228172025,1.256335251684341,0.646122312075855,2.131002885832669,0.06873561016150884,0.008060295673763311,-0.02447015792131424,-0.04459069775683539,0.026043394908261023,0.0802554115653038,-0.23853260541467794,0.08864432192814863,0.2677575540728868,0.029899880290031433,0.05818660172301916,0.1209721490740776,-0.0620069578289986,0.014057128034534573,0.038467817008495386,-0.2991975103837571,0.1373247418896148,-0.011912490706890766,0.06823348360402244,0.02787210004237736,-0.07315731793642044,-0.02755469828844072,0.013209676928205502,0.031091652810573633,-0.0067282129810856866,0.08203256701702995,0.2502433550544082,-0.008245291454451449,0.041285657950530213,0.08467765897512441,-0.0506796655910356,0.015333729922128156,0.016109608113765717,-0.27991253400354515,0.03440002313041234,-0.08975693164393303,0.027490360396248952,0.008835055043154516,-0.0052376389503479,0.03780436941555571,0.02498685972248859,0.07566514611244202,-0.3425491655777607,0.05537197252289693,0.12566966935992258,0.03970474004745488,0.04798409278378632,0.09981936216354376,0.03638439093317305,0.015870287897077482,0.0461741983890534,-0.14037919257368361,0.17259362615938068,0.0902037173509598,-0.1136690169326659,-0.12566966935992258,-0.08001886348713139,-0.0902037173509598,no_punch
v_BoxingPunchingBag_g23_c03,58,63,60,2250,2500,2375,250,sampled_no_punch,1.1090794993262783,0.812740204349898,2.580917470472758,0.5935865522085638,0.2765135399654782,0.9517683048015934,0.9038130675321657,0.7435726712930261,2.2057699665425625,0.5934021392102062,0.31479087059571276,1.0908085588291756,0.05040128032366433,0.006067851680750053,-0.011583700776100214,-0.05036269500851633,0.01569571764614419,0.04562900215387339,-0.2807783486011128,0.03754272772706802,0.012303320690989494,0.006716703375180526,0.003170234265317632,-0.004924580454826355,-0.07140122726559642,0.017246778707663658,0.047651626169681605,-0.4172582702400784,0.026390444068237446,0.07308047823607922,0.06952463090419769,0.005213668693931339,-0.0126027911901474,-0.02666544790069264,0.0028401575528168937,0.005209960043430273,-0.050017782952636446,0.03073116666266883,-0.0022161100059746586,-0.03177524606386822,0.005088555446648242,0.01148183643817896,-0.024657576034466454,0.01123280649439381,0.032435573637485504,-0.2795283075732489,0.03246865095011622,0.08971154503524306,0.014506647984186808,0.006104200299505986,-0.008008658885955866,0.04372077683607739,0.016040025385044347,0.04644718766212458,-0.35142352307836205,0.024946252519624644,0.03558255732059473,0.04528589049975074,0.0029165312335247035,-4.2945146560613434e-05,0.018818308909734082,0.012144268056662156,0.034095704555511586,-0.3160417415201664,0.023344037508966086,0.03846794366836548,-0.029864394610770006,-0.03558255732059473,-0.03588736797097658,-0.03846794366836548,no_punch
v_BoxingPunchingBag_g23_c04,220,226,223,8750,9000,8875,250,sampled_no_punch,1.8124029259091932,1.7116386837738242,5.184845498955758,1.0589058746234683,0.7306596615472926,2.5496561266911044,1.0545689333641084,0.8090473910411569,2.34645035576261,0.7564939778628997,0.521053830512908,1.576876095372495,0.06182736796992162,0.005433260892108068,-0.0011279359459877014,-0.05605266881840572,0.0072689395080390755,-0.020087897777557373,-0.2425669329240918,0.0807295597602045,-0.14599962905049318,-0.021233003054346365,0.033888194646137224,0.07087131589651102,-0.025272894118513387,0.026801277566113904,-0.06375384330749512,-0.3893362670870764,0.046418507853768186,-0.13734278455376625,0.07311039524418965,0.002444004971357162,-0.005012579262256622,-0.03263220297438759,0.011037201542132762,0.02834728360176092,-0.06337149481156042,0.03163410199652534,0.04605117812752728,-0.05074064007827216,0.014609808295547219,0.03627448529005051,-0.006774022110870906,0.006639597543849381,0.0022968947887420654,-0.22584123736513512,0.05609383067640709,-0.1460078693926335,0.017210351569311944,0.006249869923023086,-0.00120621919631958,0.032775142363139574,0.010565261705210462,-0.0275887548923493,-0.2757469450256654,0.09242934277799394,-0.21012990921735758,0.016085616179874973,0.03178035792756231,0.06500694155693054,0.06494953376906258,0.024738043165958713,-0.06009778380393982,-0.2996766184057508,0.03381090051514744,-0.06697331368923193,0.19642547550400238,0.21012990921735758,0.05212800443923016,0.06697331368923193,no_punch
v_BoxingPunchingBag_g23_c05,58,63,60,2250,2500,2375,250,sampled_no_punch,3.2096563855983904,2.184403364037752,7.081919759900535,1.9138088034595064,1.0422643799201268,3.9729600443787483,1.6656908483606236,1.0310915136596857,3.2277948133773027,0.8686215229189113,0.481965750314544,1.8158666763364102,0.04401967053612072,0.009609982685541115,-0.021390527486801203,-0.021110648910204616,0.009081737010260115,0.02678155153989792,0.1123413228585074,0.09769422352744758,0.2836246024817226,-0.0009273824592431664,0.03508248976364485,-0.10702547430992121,-0.008288751045862833,0.024066430426829162,0.04974203556776047,-0.23078931689572826,0.07854758942063805,-0.2142367418855429,0.026600252836942645,0.006010240366759765,0.004408746957778875,-0.02920582393805189,0.009841424849767168,-0.03210184723138809,0.17539851608065263,0.04534005564974221,0.056999398395419135,-0.04080205534895264,0.029982387083035793,-0.08567115664482122,0.0015066911776860463,0.010071251285899386,-0.015584535896778051,-0.21800895167204237,0.024597241105534955,-0.008387999609112767,0.017396499713261942,0.015423111894997541,-0.04560095071792608,0.08033333718776701,0.009014146768470637,0.02599272131919861,0.004690535987416898,0.1319362420747823,0.44718194007873513,0.030982126792271913,0.029165563507708343,-0.08843213319778437,0.08461173375447593,0.022963304330205343,0.04697316884994501,-0.0733461572478215,0.07876388159317836,-0.2132288850843907,-0.020835698555964177,-0.44718194007873513,0.042374622197683565,0.2132288850843907,no_punch
v_BoxingPunchingBag_g24_c01,83,88,85,3250,3500,3375,250,sampled_no_punch,2.2345385338473114,1.2458619866506409,4.6973246522331475,1.5801005133397759,0.8487165050010149,3.162319629091051,1.8859567279095057,1.2868236139212932,4.257226229309867,1.087290196687436,0.8034882745451893,2.6079710838133896,0.04465763767560323,0.004651270961875126,-0.0009496062994002741,0.03601104517777761,0.015947519854315723,0.03053070604801178,0.11610374991626789,0.08341892973231413,-0.1334707525093108,-0.019752785563468923,0.027381365647311546,-0.04949159920215601,0.1464235931634903,0.01729270852697714,-0.0014644116163253784,-0.17320840413837382,0.03975885257248046,-0.01702874456532301,0.044674182931582096,0.012646248638223832,0.028820529580116327,-0.022210503617922466,0.008795537801912435,0.016502395272254944,0.11414109395506482,0.050687840532869274,-0.09361723810434332,-0.046007573604583775,0.024740031269813115,-0.05921030044555656,0.06346039474010468,0.007253403523033466,0.011549070477485657,-0.22387106821406633,0.015456206032641022,-0.004313479410484433,-0.001930544773737571,0.013430972412892001,-0.033799707889556885,0.1572991410891215,0.012547846834171322,0.023779332637786865,0.10841939800108469,0.07244499454811623,-0.053299727849662304,-0.005899518728256198,0.01564885072990591,0.0007782578468323309,0.2279399037361145,0.018968620189420114,0.0007222890853881836,0.0553282822171847,0.03940283905731174,-0.00449039041996005,-0.02537798196033586,0.053299727849662304,-0.001164972953805271,0.00449039041996005,no_punch
v_BoxingPunchingBag_g24_c02,151,157,154,6000,6250,6125,250,sampled_no_punch,4.573135253313226,2.4870980081613925,9.436063825639973,3.1952097345940627,2.498871425510191,7.703895069346273,2.770224867240396,1.9147896913892888,6.06419539095874,2.3643815859451496,1.3245236676865824,3.7934633426688076,-0.021215759217739123,0.07225842974671486,0.1397260800004005,-0.06474301964044572,0.08665938619306585,-0.11128436774015427,0.2584942549999271,0.1700962494097008,-0.27195095643401157,0.09719862576041903,0.03972054044593276,-0.04342251271009451,-0.08412202660526548,0.02739170808112546,-0.01657237857580185,-0.12542390025087763,0.21477009416376994,-0.4948901198804378,-0.038126605962004,0.07267256125928381,0.13731405884027487,-0.03227674854653222,0.04595610953008566,-0.06936868280172348,0.2656306829303503,0.07686640594648787,-0.08048653230071068,0.06337778802428927,0.06046626219943436,-0.12476550787687302,-0.028348495917660848,0.021364173527619757,-0.002888999879360199,-0.2250814759505114,0.13457364221838608,-0.345948480302468,0.008257618972233371,0.03470729365996671,0.05088627338409413,0.09860582862581525,0.08519541585602342,-0.11433768272399902,0.08228126381124772,0.1531104180540711,-0.23575782775878923,0.06812052215848653,0.02255083593691756,0.05738213658332825,0.08581182786396571,0.04488551203114766,-0.06567853689193726,0.07464730872639588,0.15915292514362014,-0.31156214326620085,-0.2490809230872082,0.23575782775878923,-0.18487630313659445,0.31156214326620085,no_punch
v_BoxingPunchingBag_g24_c04,195,201,198,7750,8000,7875,250,sampled_no_punch,0.4600395405950623,0.26913384352229736,0.7379892189114617,1.5246522019533588,1.3823955939182158,4.381072551155037,0.6917224207011062,0.7409065072396299,2.3056186931472835,0.9138977645808556,1.0331024459629088,2.967915019233424,0.01324094831943512,0.009507432229432981,0.017329677939414978,0.06504775477307181,0.00394039791976769,0.009236752986908014,-0.19108725937881638,0.02074735751771425,0.03060301207005975,-0.0585326829126903,0.004760101962813742,0.0007769912481307983,0.003933924649442921,0.016873149380475207,0.006904959678649902,-0.0765212739684752,0.1102493506937528,-0.27092510368675005,0.036153706056731086,0.0023341970792012906,0.001635536551475525,0.002590665859835465,0.001985045564344889,0.003473341464996338,-0.1425719629707081,0.04139362525284017,0.06809174083173275,-0.04153397466455187,0.00880096875020305,-0.016446545720100403,-0.003948410706860687,0.006427320351712252,0.01469719409942627,0.060875783408326764,0.06965407237251843,-0.18027341552078713,-0.00734410115650722,0.006973858219936646,0.014722704887390137,0.15020171233585902,0.0035998940270550507,0.009631246328353937,-0.06230791338852476,0.014406748059740437,-0.0241649001836777,-0.024987084524972097,0.010677813811203514,0.019750893115997314,0.08333222780908857,0.015388553760639464,-0.0005040168762207586,-0.12690038034426315,0.07621477084555864,-0.19393108505755674,0.015804918399544482,0.0241649001836777,0.16669742317768735,0.19393108505755674,no_punch
v_BoxingPunchingBag_g24_c05,45,51,48,1750,2000,1875,250,sampled_no_punch,1.8996375199914937,0.567521064301292,2.87345196781117,4.087682500470379,1.77525701611272,6.247433471560003,1.116444854072259,0.38545762853024695,1.699761911573797,2.2365527827937237,1.0884365410768913,4.136820426403527,-0.12233757334096092,0.05240478246475703,0.08855889737606049,-0.054316205637795587,0.03535021354221921,0.06922601163387299,-0.12377900377448112,0.0479770791674593,-0.09928661957383161,-0.06214937354837145,0.041353461054029504,-0.009341612458229065,-0.0022431867463248117,0.005808850492887595,0.004717394709587097,0.1374867461355669,0.20107905593640962,-0.2549334280192851,-0.057592879448618205,0.05322369522566444,0.10253988206386566,-0.010335888181413923,0.029482619413683242,0.026485010981559753,-0.17630979165967017,0.01952381197006838,0.04354928806424138,-0.03157690806048257,0.05264459617620965,-0.07922567427158356,-0.0036299398967197965,0.010681488886663813,0.021241411566734314,0.16982561496219464,0.09962748549480625,-0.148253433406353,-0.09428882598876953,0.032092361411306905,0.049020230770111084,0.07773076636450635,0.029951096783966943,0.05380749702453608,0.023722818919590542,0.07783459913121993,-0.1991735547780991,-0.03784145627702985,0.02901038633242666,0.06432420015335083,0.12265076807567053,0.01374275520368267,-0.035555064678192194,0.021671080163546994,0.17916315793856588,-0.18080115318298332,0.02523117259970062,0.1991735547780991,0.03176416233080845,0.18080115318298332,no_punch
v_BoxingPunchingBag_g24_c05,64,69,67,2500,2750,2625,250,sampled_no_punch,2.5725884315210337,1.0159322835482258,3.46370485045341,3.671329899300312,2.204597356993863,7.593440501634974,1.6510692292819626,0.8683529449218499,2.8783528678182835,1.3316029814660382,0.831831222039354,2.5003979138835044,-0.17501181612412134,0.025219277564119895,0.0732312947511673,-0.15697986508409187,0.048210694343276454,0.1207681298255921,-0.20269029851381973,0.05079383794360725,0.09687685221433637,-0.035194737215836845,0.059614631255512036,-0.11926786601543427,-0.025733268509308505,0.03788895461553747,0.051406413316726685,0.2829806691346069,0.1282705864111981,-0.2877266854047775,-0.10719271749258041,0.03056881568594966,0.08058948814868927,-0.09446692590912185,0.04545226178287038,0.12350022792816168,-0.2531194464924435,0.02699980063206222,0.015568636357784299,0.014704791208108267,0.04880256168350798,-0.10090439021587372,-0.036774586886167526,0.007721023393081051,0.0059104859828948975,0.23701478773728005,0.036634528836465376,-0.09221424907445913,-0.1356417735417684,0.013180101728904464,0.02749723196029663,-0.0015957107146581107,0.04458613747343023,0.11045590043067938,-0.015222877264022855,0.055052375279159724,0.12180237472057337,-0.04975002010663351,0.047264069827462056,-0.09032440185546875,0.11809190114339192,0.03828552547696556,0.05291348695755005,0.1699264564861854,0.13982831295091905,-0.31081057339906687,-0.004937971443752215,-0.12180237472057337,-0.15276975935694578,0.31081057339906687,no_punch
v_BoxingPunchingBag_g25_c02,95,101,98,3750,4000,3875,250,sampled_no_punch,1.8350463473832175,1.3842746061486797,4.2909032960310665,1.811631811931856,1.2128572361840202,3.857795316066196,1.0227706825905585,0.7796730029898477,2.2214128908647837,0.7844787886482684,0.3064898348625277,1.1152156010318335,0.06688796090228213,0.006266305780696213,-0.01032111793756485,-0.05813504755496981,0.014643931976468271,0.0015988349914550781,-0.11223875890885075,0.0668551549929774,-0.0346281416714191,0.030066220888069674,0.005521813037486939,0.0028410181403160095,-0.056546886052404155,0.01100319368331319,-0.019001185894012396,-0.20264445724231853,0.06363478614255101,0.007130924612283679,0.05284770365272247,0.006908302622016107,0.001759551465511322,-0.0504267535039357,0.006095473861419938,-0.0008779466152191717,0.08924553663070711,0.0367439160193374,-0.030312065035104807,-0.0022857157247407334,0.005942548195720728,0.0059399232268333435,-0.02038414350577764,0.004969783744332464,-0.014024734497070312,-0.27647905317800386,0.02109230869893988,-0.007767658680677414,0.05102475200380597,0.005990525993989029,-0.0060031116008758545,0.05049292104584829,0.013516193344916869,-0.013044774532318115,-0.2620252562420708,0.05567012525483244,-0.02779864519834513,0.05295861193111965,0.006229234078671409,0.003592878580093384,0.035886807101113465,0.007845496035387485,-0.012023568153381292,-0.004037586706025256,0.06314246444702677,0.011516973376274081,0.023378287576757334,0.02779864519834513,0.00786658955233796,-0.011516973376274081,no_punch
v_BoxingPunchingBag_g25_c05,45,51,48,1750,2000,1875,250,sampled_no_punch,4.667225325654969,2.6528953222982206,8.13690794839587,2.2247003900901525,1.4109808850835797,4.69268123261756,2.525409598626489,1.251487372613824,3.6795593659353227,1.2366833179146302,0.7306179655250858,2.6087673731787326,0.06407448649406432,0.007450513619028188,-0.013083234429359492,-0.032475083002022356,0.04810351980341451,0.12171748280525213,0.1473525483161211,0.21911447331722145,0.4020383972674608,0.00074870671544757,0.060544649413132826,0.04885165393352514,-0.004897767943995356,0.022119580262792597,0.07311704754829412,-0.2034642773547343,0.12144217548346427,0.21667059697210794,0.04662390691893442,0.024815551293521157,-0.04687742888927465,-0.030786262026854964,0.03150821244108481,-0.011367261409759521,0.17766727161194598,0.1123153928659865,0.23832384683191765,-0.0185152292251587,0.04514704921114404,0.03313456475734705,-0.021259034318583385,0.023492787893704993,0.040798246860504206,-0.21516862538244044,0.01926820325759834,0.013850206509232549,0.03474065235682897,0.010866838442327043,-0.00028127431869512387,0.055206903389522013,0.053606643699692105,0.1411455273628235,0.031398549675941495,0.19622742067391316,0.3218668475747108,0.005070711885179816,0.04311767225728066,0.013254702091217097,0.08410791414124623,0.01603228676312254,0.05598145723342901,-0.037195600569248186,0.1550731976148877,0.28980357944965374,-0.17149612514586052,-0.3218668475747108,-0.20071397560246682,-0.28980357944965374,no_punch
v_BoxingPunchingBag_g25_c05,58,63,60,2250,2500,2375,250,sampled_no_punch,1.7820819159613244,0.746926231809244,3.0937682528335615,2.0387622463227295,1.4542861911953335,4.676915687895218,1.2385129635579628,0.6823782618169377,2.4847597884956976,0.7383218076020484,0.4943606395526825,1.656444809574512,0.04861499493320783,0.03276925363551796,-0.03958185017108917,0.0009049636622269855,0.013919292821115196,0.007234849035739899,0.2223333194075773,0.06519744482180531,0.08983356645330792,0.0322418523331483,0.06347615266431794,-0.1458378583192826,-0.01584874466061592,0.00829060950159347,0.0053235068917274475,-0.16462145256809887,0.10952764996975052,-0.24976397166028624,0.020485789825518897,0.0179635964796427,0.02621988952159887,-0.02140321706732115,0.013792648087508083,-0.03273992985486984,0.2362450223881751,0.023335900103723006,-0.05009961733594537,-0.0018743810554345819,0.043945930981154804,-0.10218973457813257,-0.014761600643396397,0.013398997018655016,-0.020184330642223303,-0.21979599826348326,0.0038420596822076477,0.0073764412663877565,0.02658503750960033,0.039442328923350686,-0.06556811928749084,0.09407792488733929,0.013172228535238143,-0.0008053481578826904,0.07644491052875917,0.09981066114515835,0.1996925417333842,0.024039511879285186,0.04684040871761491,-0.09923619031906139,0.07309912641843162,0.008591846539829761,0.008764266967773493,0.014779290805260359,0.14870997414644346,-0.3446758538484574,0.12693489599043312,-0.1996925417333842,0.07038589375582058,0.3446758538484574,no_punch
v_BoxingPunchingBag_g25_c06,126,132,129,5000,5250,5125,250,sampled_no_punch,9.6114762962749,8.3568180146504,19.051002631211187,9.025578878561257,7.192215236227702,19.90014643887533,6.101645889271001,4.2687704356628835,11.415206026785073,5.179721022899547,4.3791399863171145,11.577102633739809,0.04708394514662879,0.06911496254178433,0.110160693526268,-0.06431203974144802,0.05314431623158118,-0.0782638862729072,0.025382359113012027,0.3165806612819248,-0.6527824988588691,-0.010391728154250586,0.06856365432121293,-0.10654909908771515,-0.01626299002340864,0.03683783104715906,-0.05829421430826193,-0.29900617844292093,0.2322091478955321,-0.5761112486943604,0.03179725685289926,0.05988718430948933,0.10717974603176117,-0.06324850980724608,0.04056811363245562,-0.08101201802492136,0.060001852256911146,0.19285461244034263,-0.4484858652576803,-0.029262895030634766,0.0592344928838727,-0.09403680264949804,-0.031049122767789032,0.039581375208800715,-0.09063632041215891,-0.22859465330839154,0.0995826192364696,-0.14692243840545421,0.028454784836087915,0.055114730289346624,0.10687464475631714,0.03251842941556658,0.052878373873388,-0.08009758591651917,0.025987311665500883,0.25443926761818114,-0.38072869181632996,0.004160519157137166,0.045067111528639306,-0.048974066972732544,0.06647809488432747,0.029278096865672627,-0.048980265855789296,-0.15677905987415994,0.217605811221392,-0.5934006944298745,0.0961457107915138,0.38072869181632996,0.30355315756852125,0.5934006944298745,no_punch
v_BoxingPunchingBag_g25_c06,145,151,148,5750,6000,5875,250,sampled_no_punch,1.1697942563464674,0.5902443011729299,2.237578796214775,1.5756463124085993,1.26655265767563,3.706280254472992,0.7642380929180788,0.3955193641996567,1.3215492092905616,0.8074022277766136,0.35455793411565717,1.2724541809758405,0.02856049154485974,0.019539156160030952,-0.03441651165485382,-0.03319434608731953,0.022422949281107378,0.06154500693082804,0.31712652077632286,0.04256899788380442,-0.10677899420261383,0.031833067536354044,0.011519216549427839,0.029041960835456793,-0.023319363594055193,0.03481569744585157,0.09792139381170278,-0.14366580891822062,0.10886515992319422,0.22353875637054443,0.016577437520027154,0.033631571269277974,-0.06923957169055944,-0.041915595531463644,0.010570642227289942,0.029608778655528967,0.2666184856955494,0.012799199095777156,-0.035668954253196716,0.005850572671209031,0.012005497383595085,0.015643462538719122,-0.011184500796454317,0.012618696122424285,0.03592052310705185,-0.23439957228090083,0.043999198364457606,0.09769880771636963,0.00997894576617652,0.01129745703262854,-0.012424647808074951,0.06902043308530535,0.02186587543007446,0.05935105681419367,0.17874235659837723,0.05267095343077961,-0.12769700586795807,0.03604203888348169,0.0036383702407612787,0.00813040137290949,0.0645790525845119,0.030341571899408837,0.08557274937629711,0.05211785542113441,0.1145117619914558,0.22811724245548248,-0.10162527114928124,0.12769700586795807,0.023021170289615478,-0.22811724245548248,no_punch
v_BoxingPunchingBag_g25_c06,183,188,185,7250,7500,7375,250,sampled_no_punch,1.0034726980066409,0.43081597131870997,1.6276541045390245,1.372723370967903,0.9996418279358554,2.9829514677618,0.8900532253625906,0.3399306687860679,1.4139184988066649,0.7948645692377907,0.36550911107697087,1.4518330831616046,0.0698551386594772,0.002246421417365557,-0.004445090889930781,-0.0476824926833312,0.010398946325340315,0.02392715215682989,-0.14037066061670575,0.030402082137510448,0.09471625275909897,0.0031057993570963263,0.005016277317852258,-0.00381405651569372,-0.05165888741612437,0.00590903301777827,0.015242993831634466,-0.3023540636834999,0.03858555969783478,0.04643158800899977,0.051991924643516534,0.005605628870990572,-0.0047440677881240845,-0.026134221504131954,0.007370102220638696,0.014094918966293335,0.06249051812725758,0.021897457512921704,0.07088818168267605,-0.02691635489463806,0.008356530598435098,-0.020504221320152283,-0.014925781637430191,0.005257443199114142,0.005258888006210327,-0.2665653636989494,0.01809847483655541,0.05491103418171406,0.04766016205151876,0.003625930262623817,-0.008783400058746393,0.045110950867335,0.008711542972681832,0.019711524248123224,-0.26205812394618977,0.023883104111487814,0.060711205005645724,0.03382974366346992,0.0043219795697610934,0.0009009242057799738,0.04094000160694122,0.00797384894854886,0.02081951498985285,-0.15985968708992007,0.04281686230329319,0.013638556003570529,-0.05720518541365466,-0.060711205005645724,-0.0048054139351010605,-0.013638556003570529,no_punch
v_BoxingPunchingBag_g25_c07,33,38,35,1250,1500,1375,250,sampled_no_punch,1.7970884351656806,0.9109407447841347,2.9204936089659035,2.9334344617094303,2.612933926029072,7.443787973091105,1.5670300568311348,0.4167025402221065,2.275748654403434,1.403975249423582,1.010823998877063,2.8328892973229927,0.1392967626452446,0.05487308681272086,0.09205750375986099,-0.11720095823208493,0.024305621272331834,-0.045342810451984406,-0.11728560505434867,0.043230955040417324,-0.11488252365961665,0.011474741001923841,0.08062358985455938,-0.20522313565015798,-0.07005278021097186,0.03356213944931732,0.07117011398077017,-0.27485582092776895,0.18221313331211997,-0.4195651658810675,0.09224118540684383,0.034432127646723605,0.0729639008641243,-0.09339395910501484,0.030037090525373376,-0.06357941776514053,0.04909412981942295,0.06081708192925965,-0.19782366091385473,-0.02734833707412086,0.06916702771430057,-0.17410623282194138,-0.038281552493572235,0.02711038680439107,0.06991835683584213,-0.25169709154094255,0.030168611026225322,-0.03576490515843034,0.10202530026435853,0.040357739283897,0.04610285162925715,-0.005256379644076038,0.023832899287377994,-0.045428186655044556,-0.21070800721645352,0.07519590371268839,0.05746116116642949,0.031438112258911105,0.05617866537955244,-0.14109057188034063,0.04244832694530487,0.03180523222191288,0.06681349873542791,-0.1281576681261262,0.21708593313051436,-0.5123807564377785,-0.026153598774399406,-0.05746116116642949,0.1629090185521785,0.5123807564377785,no_punch
